#i	j	Z1	A1	Z2	A2	cov [1/(GV.m2.sr.s)^2]
#(zeros and redundant entries (covariance is symmetric) are omitted)
1	1	1	1.008	1	1.008	2332934.589513
1	2	1	1.008	1	1.008	1305569.278785
1	3	1	1.008	1	1.008	1103948.766663
1	4	1	1.008	1	1.008	748067.219980
1	5	1	1.008	1	1.008	430102.258565
1	6	1	1.008	1	1.008	155029.875529
1	7	1	1.008	1	1.008	64951.723322
1	8	1	1.008	1	1.008	22259.982984
1	9	1	1.008	1	1.008	210375.943613
1	10	1	1.008	1	1.008	6959.210207
1	11	1	1.008	1	1.008	368582.871752
1	12	1	1.008	1	1.008	282968.145933
1	13	1	1.008	1	1.008	129832.856371
1	14	1	1.008	1	1.008	233443.339542
1	15	1	1.008	1	1.008	369775.216816
1	16	1	1.008	1	1.008	406107.733160
1	17	1	1.008	1	1.008	136677.568916
1	18	1	1.008	1	1.008	177196.654406
1	19	1	1.008	1	1.008	125779.458350
1	20	1	1.008	1	1.008	276495.737226
1	21	1	1.008	1	1.008	270621.185180
1	22	1	1.008	1	1.008	211994.310161
1	23	1	1.008	1	1.008	68403.372836
1	25	1	1.008	1	1.008	52413.496041
1	30	1	1.008	2	4.003	223909.263082
1	31	1	1.008	2	4.003	199727.596043
1	32	1	1.008	2	4.003	123341.428739
1	33	1	1.008	2	4.003	74808.522752
1	34	1	1.008	2	4.003	30174.862105
1	35	1	1.008	2	4.003	8207.607277
1	36	1	1.008	2	4.003	-1054.962282
1	37	1	1.008	2	4.003	5336.964726
1	38	1	1.008	2	4.003	4650.536477
1	39	1	1.008	2	4.003	20843.715565
1	40	1	1.008	2	4.003	78994.038171
1	41	1	1.008	2	4.003	24883.195719
1	42	1	1.008	2	4.003	130992.576108
1	43	1	1.008	2	4.003	65496.861215
1	44	1	1.008	2	4.003	11009.007840
1	46	1	1.008	2	4.003	5041.965059
1	47	1	1.008	2	4.003	38219.171455
1	48	1	1.008	2	4.003	74049.449358
1	49	1	1.008	2	4.003	77303.703601
1	50	1	1.008	2	4.003	64743.719562
1	51	1	1.008	2	4.003	95447.009319
1	57	1	1.008	8	15.999	1164.595991
1	58	1	1.008	8	15.999	3875.740458
1	59	1	1.008	8	15.999	4666.033826
1	60	1	1.008	8	15.999	3348.974520
1	61	1	1.008	8	15.999	2207.199355
1	62	1	1.008	8	15.999	961.261808
1	63	1	1.008	8	15.999	214.012736
1	64	1	1.008	8	15.999	-252.086323
1	65	1	1.008	8	15.999	-363.681391
1	66	1	1.008	8	15.999	-1326.653732
1	67	1	1.008	8	15.999	-1702.709971
1	68	1	1.008	8	15.999	7846.956538
1	69	1	1.008	8	15.999	-1618.267669
1	70	1	1.008	8	15.999	2828.828333
1	71	1	1.008	8	15.999	2180.685383
1	72	1	1.008	8	15.999	1760.154001
1	73	1	1.008	8	15.999	3904.754725
1	74	1	1.008	8	15.999	723.749863
1	75	1	1.008	8	15.999	-866.350209
1	76	1	1.008	8	15.999	244.633641
1	77	1	1.008	8	15.999	740.028517
1	78	1	1.008	8	15.999	1748.467161
1	79	1	1.008	8	15.999	890.322272
1	84	1	1.008	26	55.845	381.199250
1	85	1	1.008	26	55.845	225.718737
1	86	1	1.008	26	55.845	152.716559
1	87	1	1.008	26	55.845	-20.333157
1	88	1	1.008	26	55.845	85.693369
1	89	1	1.008	26	55.845	-372.461429
1	90	1	1.008	26	55.845	633.661740
1	91	1	1.008	26	55.845	-768.940369
1	92	1	1.008	26	55.845	682.545748
1	93	1	1.008	26	55.845	97.407595
1	94	1	1.008	26	55.845	829.470746
1	95	1	1.008	26	55.845	932.218476
1	97	1	1.008	26	55.845	19.764217
1	101	1	1.008	26	55.845	573.776213
2	2	1	1.008	1	1.008	1322779.126909
2	3	1	1.008	1	1.008	823644.304102
2	4	1	1.008	1	1.008	675028.273393
2	5	1	1.008	1	1.008	329885.319925
2	6	1	1.008	1	1.008	155394.879749
2	7	1	1.008	1	1.008	38689.794911
2	8	1	1.008	1	1.008	71824.345755
2	9	1	1.008	1	1.008	167631.970038
2	10	1	1.008	1	1.008	82632.892654
2	11	1	1.008	1	1.008	341880.134109
2	12	1	1.008	1	1.008	386114.144907
2	13	1	1.008	1	1.008	115355.411113
2	14	1	1.008	1	1.008	297177.666618
2	15	1	1.008	1	1.008	400928.284181
2	16	1	1.008	1	1.008	467571.020113
2	17	1	1.008	1	1.008	143386.693031
2	18	1	1.008	1	1.008	200446.477398
2	19	1	1.008	1	1.008	142984.082270
2	20	1	1.008	1	1.008	314128.243347
2	21	1	1.008	1	1.008	309889.030641
2	22	1	1.008	1	1.008	240136.940995
2	23	1	1.008	1	1.008	79049.191093
2	25	1	1.008	1	1.008	61480.312322
2	30	1	1.008	2	4.003	179360.550996
2	31	1	1.008	2	4.003	165075.025153
2	32	1	1.008	2	4.003	101435.678916
2	33	1	1.008	2	4.003	61856.652775
2	34	1	1.008	2	4.003	24598.954380
2	35	1	1.008	2	4.003	6307.936030
2	36	1	1.008	2	4.003	-2611.632010
2	37	1	1.008	2	4.003	241.905152
2	38	1	1.008	2	4.003	4389.333453
2	39	1	1.008	2	4.003	2376.282314
2	40	1	1.008	2	4.003	100477.343212
2	41	1	1.008	2	4.003	23888.131969
2	42	1	1.008	2	4.003	153007.542846
2	43	1	1.008	2	4.003	71630.709322
2	44	1	1.008	2	4.003	14665.230132
2	46	1	1.008	2	4.003	6610.719529
2	47	1	1.008	2	4.003	42847.419174
2	48	1	1.008	2	4.003	85769.894457
2	49	1	1.008	2	4.003	88576.023552
2	50	1	1.008	2	4.003	70122.836532
2	51	1	1.008	2	4.003	112995.358521
2	57	1	1.008	8	15.999	962.859394
2	58	1	1.008	8	15.999	3199.633042
2	59	1	1.008	8	15.999	3884.514338
2	60	1	1.008	8	15.999	2781.383887
2	61	1	1.008	8	15.999	1836.776603
2	62	1	1.008	8	15.999	797.020501
2	63	1	1.008	8	15.999	180.064153
2	64	1	1.008	8	15.999	-209.397932
2	65	1	1.008	8	15.999	-294.520944
2	66	1	1.008	8	15.999	-1126.093330
2	67	1	1.008	8	15.999	-1851.025355
2	68	1	1.008	8	15.999	7480.275510
2	69	1	1.008	8	15.999	-758.208878
2	70	1	1.008	8	15.999	3355.401796
2	71	1	1.008	8	15.999	3528.900192
2	72	1	1.008	8	15.999	2256.514434
2	73	1	1.008	8	15.999	4859.135041
2	74	1	1.008	8	15.999	922.557327
2	75	1	1.008	8	15.999	-1008.104108
2	76	1	1.008	8	15.999	996.290171
2	77	1	1.008	8	15.999	1484.684336
2	78	1	1.008	8	15.999	2780.135082
2	79	1	1.008	8	15.999	1132.796018
2	84	1	1.008	26	55.845	317.004149
2	85	1	1.008	26	55.845	187.696081
2	86	1	1.008	26	55.845	127.365258
2	87	1	1.008	26	55.845	-16.520930
2	88	1	1.008	26	55.845	75.404760
2	89	1	1.008	26	55.845	-308.955600
2	90	1	1.008	26	55.845	604.543867
2	91	1	1.008	26	55.845	-629.088538
2	92	1	1.008	26	55.845	612.353962
2	93	1	1.008	26	55.845	137.452246
2	94	1	1.008	26	55.845	791.164403
2	95	1	1.008	26	55.845	1000.063838
2	97	1	1.008	26	55.845	22.063290
2	101	1	1.008	26	55.845	597.291238
3	3	1	1.008	1	1.008	627455.332974
3	4	1	1.008	1	1.008	441492.761348
3	5	1	1.008	1	1.008	250495.860254
3	6	1	1.008	1	1.008	98073.318468
3	7	1	1.008	1	1.008	46912.125191
3	8	1	1.008	1	1.008	34050.685882
3	9	1	1.008	1	1.008	193893.610907
3	10	1	1.008	1	1.008	28377.821818
3	11	1	1.008	1	1.008	355855.775494
3	12	1	1.008	1	1.008	302441.103943
3	13	1	1.008	1	1.008	129449.083864
3	14	1	1.008	1	1.008	250803.822776
3	15	1	1.008	1	1.008	396210.820638
3	16	1	1.008	1	1.008	431821.495342
3	17	1	1.008	1	1.008	127713.356853
3	18	1	1.008	1	1.008	194553.597920
3	19	1	1.008	1	1.008	133184.427898
3	20	1	1.008	1	1.008	301476.831849
3	21	1	1.008	1	1.008	296966.368538
3	22	1	1.008	1	1.008	229631.588659
3	23	1	1.008	1	1.008	75993.160133
3	25	1	1.008	1	1.008	60430.542883
3	30	1	1.008	2	4.003	126115.670094
3	31	1	1.008	2	4.003	114979.582480
3	32	1	1.008	2	4.003	70755.999155
3	33	1	1.008	2	4.003	43115.022639
3	34	1	1.008	2	4.003	17232.315474
3	35	1	1.008	2	4.003	4584.677402
3	36	1	1.008	2	4.003	-1373.743125
3	37	1	1.008	2	4.003	2077.594577
3	38	1	1.008	2	4.003	5034.325384
3	39	1	1.008	2	4.003	6965.806810
3	40	1	1.008	2	4.003	92286.580167
3	41	1	1.008	2	4.003	25881.958919
3	42	1	1.008	2	4.003	142029.365865
3	43	1	1.008	2	4.003	71235.170980
3	44	1	1.008	2	4.003	13250.939039
3	46	1	1.008	2	4.003	7117.562777
3	47	1	1.008	2	4.003	40621.680858
3	48	1	1.008	2	4.003	82553.273519
3	49	1	1.008	2	4.003	84893.768224
3	50	1	1.008	2	4.003	65435.987247
3	51	1	1.008	2	4.003	110058.407024
3	57	1	1.008	8	15.999	670.331744
3	58	1	1.008	8	15.999	2228.503056
3	59	1	1.008	8	15.999	2699.356365
3	60	1	1.008	8	15.999	1934.535496
3	61	1	1.008	8	15.999	1277.453562
3	62	1	1.008	8	15.999	556.916187
3	63	1	1.008	8	15.999	127.826772
3	64	1	1.008	8	15.999	-133.065022
3	65	1	1.008	8	15.999	-201.168299
3	66	1	1.008	8	15.999	-738.108697
3	67	1	1.008	8	15.999	-1321.734890
3	68	1	1.008	8	15.999	6294.712521
3	69	1	1.008	8	15.999	-86.109745
3	70	1	1.008	8	15.999	3023.450590
3	71	1	1.008	8	15.999	3843.928138
3	72	1	1.008	8	15.999	2168.698272
3	73	1	1.008	8	15.999	4777.607814
3	74	1	1.008	8	15.999	927.051850
3	75	1	1.008	8	15.999	-979.143784
3	76	1	1.008	8	15.999	1228.336345
3	77	1	1.008	8	15.999	1615.704935
3	78	1	1.008	8	15.999	2936.532832
3	79	1	1.008	8	15.999	1163.262683
3	84	1	1.008	26	55.845	220.429055
3	85	1	1.008	26	55.845	130.484797
3	86	1	1.008	26	55.845	88.959342
3	87	1	1.008	26	55.845	-10.977925
3	88	1	1.008	26	55.845	55.623025
3	89	1	1.008	26	55.845	-215.258943
3	90	1	1.008	26	55.845	480.660508
3	91	1	1.008	26	55.845	-447.520731
3	92	1	1.008	26	55.845	479.728569
3	93	1	1.008	26	55.845	152.163884
3	94	1	1.008	26	55.845	641.269552
3	95	1	1.008	26	55.845	912.917944
3	97	1	1.008	26	55.845	20.577314
3	101	1	1.008	26	55.845	533.591227
4	4	1	1.008	1	1.008	380369.945469
4	5	1	1.008	1	1.008	172234.432776
4	6	1	1.008	1	1.008	105092.901679
4	7	1	1.008	1	1.008	38387.899389
4	8	1	1.008	1	1.008	93540.188884
4	9	1	1.008	1	1.008	251079.873952
4	10	1	1.008	1	1.008	107467.239602
4	11	1	1.008	1	1.008	504066.075541
4	12	1	1.008	1	1.008	528290.750619
4	13	1	1.008	1	1.008	199808.010278
4	14	1	1.008	1	1.008	440109.594822
4	15	1	1.008	1	1.008	683252.237187
4	16	1	1.008	1	1.008	754778.748163
4	17	1	1.008	1	1.008	191410.093601
4	18	1	1.008	1	1.008	350739.034200
4	19	1	1.008	1	1.008	229681.277811
4	20	1	1.008	1	1.008	532067.847272
4	21	1	1.008	1	1.008	527602.196284
4	22	1	1.008	1	1.008	403936.522739
4	23	1	1.008	1	1.008	135760.899461
4	25	1	1.008	1	1.008	110740.286352
4	30	1	1.008	2	4.003	94286.143708
4	31	1	1.008	2	4.003	86383.023445
4	32	1	1.008	2	4.003	53112.204313
4	33	1	1.008	2	4.003	32488.415331
4	34	1	1.008	2	4.003	12995.546791
4	35	1	1.008	2	4.003	3645.325382
4	36	1	1.008	2	4.003	-922.489198
4	37	1	1.008	2	4.003	3887.695615
4	38	1	1.008	2	4.003	9611.353052
4	39	1	1.008	2	4.003	13642.981056
4	40	1	1.008	2	4.003	159031.671466
4	41	1	1.008	2	4.003	51094.082931
4	42	1	1.008	2	4.003	245934.080481
4	43	1	1.008	2	4.003	128444.910892
4	44	1	1.008	2	4.003	23964.135375
4	46	1	1.008	2	4.003	14787.487990
4	47	1	1.008	2	4.003	70455.906800
4	48	1	1.008	2	4.003	148188.088783
4	49	1	1.008	2	4.003	150640.210259
4	50	1	1.008	2	4.003	111222.698291
4	51	1	1.008	2	4.003	200526.156653
4	57	1	1.008	8	15.999	502.996643
4	58	1	1.008	8	15.999	1671.687926
4	59	1	1.008	8	15.999	2029.666925
4	60	1	1.008	8	15.999	1455.235121
4	61	1	1.008	8	15.999	963.646712
4	62	1	1.008	8	15.999	426.330659
4	63	1	1.008	8	15.999	107.812428
4	64	1	1.008	8	15.999	-61.800470
4	65	1	1.008	8	15.999	-128.588218
4	66	1	1.008	8	15.999	-498.425854
4	67	1	1.008	8	15.999	-1466.483042
4	68	1	1.008	8	15.999	8241.272287
4	69	1	1.008	8	15.999	1753.107717
4	70	1	1.008	8	15.999	4948.521126
4	71	1	1.008	8	15.999	8251.877055
4	72	1	1.008	8	15.999	3869.704530
4	73	1	1.008	8	15.999	8921.020392
4	74	1	1.008	8	15.999	1753.772180
4	75	1	1.008	8	15.999	-1764.491015
4	76	1	1.008	8	15.999	3012.197557
4	77	1	1.008	8	15.999	3508.334987
4	78	1	1.008	8	15.999	6066.690338
4	79	1	1.008	8	15.999	2275.797584
4	84	1	1.008	26	55.845	165.946156
4	85	1	1.008	26	55.845	98.112598
4	86	1	1.008	26	55.845	68.565263
4	87	1	1.008	26	55.845	-6.468429
4	88	1	1.008	26	55.845	56.293160
4	89	1	1.008	26	55.845	-157.723048
4	90	1	1.008	26	55.845	591.183105
4	91	1	1.008	26	55.845	-330.284242
4	92	1	1.008	26	55.845	541.492631
4	93	1	1.008	26	55.845	330.557163
4	94	1	1.008	26	55.845	829.289005
4	95	1	1.008	26	55.845	1505.200503
4	97	1	1.008	26	55.845	35.182159
4	101	1	1.008	26	55.845	844.083228
5	5	1	1.008	1	1.008	132814.029022
5	6	1	1.008	1	1.008	30560.970268
5	7	1	1.008	1	1.008	66033.794660
5	8	1	1.008	1	1.008	7622.391553
5	9	1	1.008	1	1.008	304326.068301
5	10	1	1.008	1	1.008	-16212.122759
5	11	1	1.008	1	1.008	524642.678388
5	12	1	1.008	1	1.008	339662.592636
5	13	1	1.008	1	1.008	207371.516996
5	14	1	1.008	1	1.008	314387.028586
5	15	1	1.008	1	1.008	590068.604472
5	16	1	1.008	1	1.008	600552.896231
5	17	1	1.008	1	1.008	158425.868829
5	18	1	1.008	1	1.008	288851.540522
5	19	1	1.008	1	1.008	186155.037323
5	20	1	1.008	1	1.008	440191.467938
5	21	1	1.008	1	1.008	434401.842561
5	22	1	1.008	1	1.008	333324.320626
5	23	1	1.008	1	1.008	112075.217697
5	25	1	1.008	1	1.008	92303.120743
5	30	1	1.008	2	4.003	49207.956222
5	31	1	1.008	2	4.003	44877.631264
5	32	1	1.008	2	4.003	27608.456981
5	33	1	1.008	2	4.003	16941.462137
5	34	1	1.008	2	4.003	6812.780064
5	35	1	1.008	2	4.003	2079.231665
5	36	1	1.008	2	4.003	-273.139257
5	37	1	1.008	2	4.003	4087.905108
5	38	1	1.008	2	4.003	8615.434310
5	39	1	1.008	2	4.003	10168.916664
5	40	1	1.008	2	4.003	131150.194850
5	41	1	1.008	2	4.003	42250.325930
5	42	1	1.008	2	4.003	199700.877710
5	43	1	1.008	2	4.003	108013.521943
5	44	1	1.008	2	4.003	18798.795257
5	46	1	1.008	2	4.003	12523.461282
5	47	1	1.008	2	4.003	58039.182888
5	48	1	1.008	2	4.003	122146.521675
5	49	1	1.008	2	4.003	124309.238432
5	50	1	1.008	2	4.003	90136.972742
5	51	1	1.008	2	4.003	166677.857785
5	57	1	1.008	8	15.999	260.816188
5	58	1	1.008	8	15.999	866.966235
5	59	1	1.008	8	15.999	1052.195752
5	60	1	1.008	8	15.999	755.251524
5	61	1	1.008	8	15.999	500.954810
5	62	1	1.008	8	15.999	224.852496
5	63	1	1.008	8	15.999	60.036545
5	64	1	1.008	8	15.999	-11.502144
5	65	1	1.008	8	15.999	-60.934638
5	66	1	1.008	8	15.999	-166.627019
5	67	1	1.008	8	15.999	-925.860834
5	68	1	1.008	8	15.999	6558.013689
5	69	1	1.008	8	15.999	1787.518195
5	70	1	1.008	8	15.999	4058.875934
5	71	1	1.008	8	15.999	7116.472926
5	72	1	1.008	8	15.999	3290.955256
5	73	1	1.008	8	15.999	7441.759105
5	74	1	1.008	8	15.999	1491.507864
5	75	1	1.008	8	15.999	-1468.186098
5	76	1	1.008	8	15.999	2722.633470
5	77	1	1.008	8	15.999	3079.552702
5	78	1	1.008	8	15.999	5249.596480
5	79	1	1.008	8	15.999	1924.279597
5	84	1	1.008	26	55.845	86.150010
5	85	1	1.008	26	55.845	50.891191
5	86	1	1.008	26	55.845	36.300860
5	87	1	1.008	26	55.845	-2.397137
5	88	1	1.008	26	55.845	34.980080
5	89	1	1.008	26	55.845	-84.377172
5	90	1	1.008	26	55.845	432.672965
5	91	1	1.008	26	55.845	-196.767609
5	92	1	1.008	26	55.845	389.129725
5	93	1	1.008	26	55.845	279.963994
5	94	1	1.008	26	55.845	611.616271
5	95	1	1.008	26	55.845	1207.413435
5	97	1	1.008	26	55.845	28.642688
5	101	1	1.008	26	55.845	669.491522
6	6	1	1.008	1	1.008	82110.890296
6	7	1	1.008	1	1.008	1626.364931
6	8	1	1.008	1	1.008	164556.919806
6	9	1	1.008	1	1.008	196082.180940
6	10	1	1.008	1	1.008	212792.923865
6	11	1	1.008	1	1.008	470597.681858
6	12	1	1.008	1	1.008	666152.126572
6	13	1	1.008	1	1.008	207108.542504
6	14	1	1.008	1	1.008	549936.205810
6	15	1	1.008	1	1.008	816111.722209
6	16	1	1.008	1	1.008	923638.525742
6	17	1	1.008	1	1.008	205199.842759
6	18	1	1.008	1	1.008	436646.639646
6	19	1	1.008	1	1.008	278159.748550
6	20	1	1.008	1	1.008	652157.148213
6	21	1	1.008	1	1.008	649101.017115
6	22	1	1.008	1	1.008	493701.881934
6	23	1	1.008	1	1.008	167036.891399
6	25	1	1.008	1	1.008	138682.644612
6	30	1	1.008	2	4.003	19520.362723
6	31	1	1.008	2	4.003	17741.574274
6	32	1	1.008	2	4.003	10913.767212
6	33	1	1.008	2	4.003	6838.986912
6	34	1	1.008	2	4.003	2816.261069
6	35	1	1.008	2	4.003	1184.758321
6	36	1	1.008	2	4.003	317.323309
6	37	1	1.008	2	4.003	5599.782339
6	38	1	1.008	2	4.003	12362.475761
6	39	1	1.008	2	4.003	21959.989882
6	40	1	1.008	2	4.003	188453.275401
6	41	1	1.008	2	4.003	68045.771026
6	42	1	1.008	2	4.003	295908.280768
6	43	1	1.008	2	4.003	158816.570166
6	44	1	1.008	2	4.003	29768.776194
6	46	1	1.008	2	4.003	19823.909051
6	47	1	1.008	2	4.003	84873.676483
6	48	1	1.008	2	4.003	182728.709649
6	49	1	1.008	2	4.003	184269.147915
6	50	1	1.008	2	4.003	132848.755344
6	51	1	1.008	2	4.003	249052.342826
6	57	1	1.008	8	15.999	102.174957
6	58	1	1.008	8	15.999	339.447412
6	59	1	1.008	8	15.999	415.313325
6	60	1	1.008	8	15.999	300.134372
6	61	1	1.008	8	15.999	203.172687
6	62	1	1.008	8	15.999	101.896735
6	63	1	1.008	8	15.999	44.009630
6	64	1	1.008	8	15.999	57.304156
6	65	1	1.008	8	15.999	16.398014
6	66	1	1.008	8	15.999	-21.310990
6	67	1	1.008	8	15.999	-1109.879515
6	68	1	1.008	8	15.999	7717.488732
6	69	1	1.008	8	15.999	3592.258485
6	70	1	1.008	8	15.999	5657.263808
6	71	1	1.008	8	15.999	11126.030157
6	72	1	1.008	8	15.999	4673.901782
6	73	1	1.008	8	15.999	11227.033925
6	74	1	1.008	8	15.999	2213.470904
6	75	1	1.008	8	15.999	-2176.007613
6	76	1	1.008	8	15.999	4242.635900
6	77	1	1.008	8	15.999	4706.662751
6	78	1	1.008	8	15.999	7988.182972
6	79	1	1.008	8	15.999	2942.499394
6	84	1	1.008	26	55.845	34.397880
6	85	1	1.008	26	55.845	20.110913
6	86	1	1.008	26	55.845	17.118344
6	87	1	1.008	26	55.845	1.878936
6	88	1	1.008	26	55.845	38.017681
6	89	1	1.008	26	55.845	-22.791444
6	90	1	1.008	26	55.845	523.473134
6	91	1	1.008	26	55.845	-46.112327
6	92	1	1.008	26	55.845	426.966117
6	93	1	1.008	26	55.845	453.184520
6	94	1	1.008	26	55.845	783.909318
6	95	1	1.008	26	55.845	1759.775461
6	97	1	1.008	26	55.845	42.045240
6	101	1	1.008	26	55.845	958.042358
7	7	1	1.008	1	1.008	210946.439754
7	8	1	1.008	1	1.008	-129331.653115
7	9	1	1.008	1	1.008	1052779.995246
7	10	1	1.008	1	1.008	-266193.734082
7	11	1	1.008	1	1.008	1694995.416650
7	12	1	1.008	1	1.008	744892.475034
7	13	1	1.008	1	1.008	676108.774099
7	14	1	1.008	1	1.008	781898.700126
7	15	1	1.008	1	1.008	1733935.032142
7	16	1	1.008	1	1.008	1659111.434529
7	17	1	1.008	1	1.008	434709.983896
7	18	1	1.008	1	1.008	825834.768760
7	19	1	1.008	1	1.008	519201.369280
7	20	1	1.008	1	1.008	1255962.929374
7	21	1	1.008	1	1.008	1238564.065781
7	22	1	1.008	1	1.008	949373.291036
7	23	1	1.008	1	1.008	321444.077968
7	25	1	1.008	1	1.008	267685.338693
7	30	1	1.008	2	4.003	4308.669441
7	31	1	1.008	2	4.003	3551.804697
7	32	1	1.008	2	4.003	2194.007403
7	33	1	1.008	2	4.003	1777.692290
7	34	1	1.008	2	4.003	898.712205
7	35	1	1.008	2	4.003	1333.643746
7	36	1	1.008	2	4.003	1095.978219
7	37	1	1.008	2	4.003	13501.097628
7	38	1	1.008	2	4.003	25824.116644
7	39	1	1.008	2	4.003	25846.282479
7	40	1	1.008	2	4.003	374333.985319
7	41	1	1.008	2	4.003	123524.060392
7	42	1	1.008	2	4.003	562263.237853
7	43	1	1.008	2	4.003	315122.754352
7	44	1	1.008	2	4.003	51915.306257
7	46	1	1.008	2	4.003	37767.464699
7	47	1	1.008	2	4.003	165263.419360
7	48	1	1.008	2	4.003	350783.571331
7	49	1	1.008	2	4.003	356350.360894
7	50	1	1.008	2	4.003	251824.614045
7	51	1	1.008	2	4.003	483511.925478
7	57	1	1.008	8	15.999	17.429254
7	58	1	1.008	8	15.999	58.002126
7	59	1	1.008	8	15.999	74.754415
7	60	1	1.008	8	15.999	58.642003
7	61	1	1.008	8	15.999	46.506776
7	62	1	1.008	8	15.999	44.885803
7	63	1	1.008	8	15.999	39.722850
7	64	1	1.008	8	15.999	151.390960
7	65	1	1.008	8	15.999	51.561731
7	66	1	1.008	8	15.999	530.487651
7	67	1	1.008	8	15.999	-1511.671545
7	68	1	1.008	8	15.999	16653.156771
7	69	1	1.008	8	15.999	6948.184205
7	70	1	1.008	8	15.999	11377.403320
7	71	1	1.008	8	15.999	21901.813253
7	72	1	1.008	8	15.999	9693.427317
7	73	1	1.008	8	15.999	21768.473825
7	74	1	1.008	8	15.999	4437.696430
7	75	1	1.008	8	15.999	-4252.199601
7	76	1	1.008	8	15.999	8821.356109
7	77	1	1.008	8	15.999	9616.756796
7	78	1	1.008	8	15.999	16092.558202
7	79	1	1.008	8	15.999	5741.363443
7	84	1	1.008	26	55.845	6.976439
7	85	1	1.008	26	55.845	3.738334
7	86	1	1.008	26	55.845	8.442875
7	87	1	1.008	26	55.845	6.725163
7	88	1	1.008	26	55.845	49.875421
7	89	1	1.008	26	55.845	-15.484466
7	90	1	1.008	26	55.845	965.850901
7	91	1	1.008	26	55.845	-137.417195
7	92	1	1.008	26	55.845	811.762433
7	93	1	1.008	26	55.845	851.872454
7	94	1	1.008	26	55.845	1417.302900
7	95	1	1.008	26	55.845	3320.209086
7	97	1	1.008	26	55.845	80.537683
7	101	1	1.008	26	55.845	1800.404102
8	8	1	1.008	1	1.008	1013893.808860
8	9	1	1.008	1	1.008	-876256.076285
8	10	1	1.008	1	1.008	1804417.331019
8	11	1	1.008	1	1.008	-539035.712106
8	12	1	1.008	1	1.008	2505270.527884
8	13	1	1.008	1	1.008	-74577.583308
8	14	1	1.008	1	1.008	1758426.536255
8	15	1	1.008	1	1.008	1532033.245664
8	16	1	1.008	1	1.008	2319164.938234
8	17	1	1.008	1	1.008	351722.203597
8	18	1	1.008	1	1.008	1032466.650191
8	19	1	1.008	1	1.008	655392.611353
8	20	1	1.008	1	1.008	1479487.034120
8	21	1	1.008	1	1.008	1502265.649935
8	22	1	1.008	1	1.008	1124216.566124
8	23	1	1.008	1	1.008	383489.303236
8	25	1	1.008	1	1.008	317625.900858
8	30	1	1.008	2	4.003	2927.911220
8	31	1	1.008	2	4.003	2211.865466
8	32	1	1.008	2	4.003	1398.135801
8	33	1	1.008	2	4.003	1199.026085
8	34	1	1.008	2	4.003	719.988978
8	35	1	1.008	2	4.003	1026.070752
8	36	1	1.008	2	4.003	1554.563647
8	37	1	1.008	2	4.003	9777.782390
8	38	1	1.008	2	4.003	27392.446258
8	39	1	1.008	2	4.003	95706.982938
8	40	1	1.008	2	4.003	398110.009861
8	41	1	1.008	2	4.003	179968.704198
8	42	1	1.008	2	4.003	683668.378395
8	43	1	1.008	2	4.003	351670.104541
8	44	1	1.008	2	4.003	78106.337620
8	46	1	1.008	2	4.003	48375.684558
8	47	1	1.008	2	4.003	190108.472111
8	48	1	1.008	2	4.003	422830.134668
8	49	1	1.008	2	4.003	420103.934533
8	50	1	1.008	2	4.003	309441.619314
8	51	1	1.008	2	4.003	567849.798497
8	57	1	1.008	8	15.999	10.983189
8	58	1	1.008	8	15.999	35.603031
8	59	1	1.008	8	15.999	57.221774
8	60	1	1.008	8	15.999	49.216481
8	61	1	1.008	8	15.999	50.764875
8	62	1	1.008	8	15.999	65.301376
8	63	1	1.008	8	15.999	98.967755
8	64	1	1.008	8	15.999	221.575810
8	65	1	1.008	8	15.999	207.474092
8	66	1	1.008	8	15.999	-639.111224
8	67	1	1.008	8	15.999	-3166.231628
8	68	1	1.008	8	15.999	11779.745138
8	69	1	1.008	8	15.999	9772.098201
8	70	1	1.008	8	15.999	11463.498465
8	71	1	1.008	8	15.999	25675.705217
8	72	1	1.008	8	15.999	9241.660472
8	73	1	1.008	8	15.999	25759.192305
8	74	1	1.008	8	15.999	4819.299274
8	75	1	1.008	8	15.999	-4894.728312
8	76	1	1.008	8	15.999	9030.096456
8	77	1	1.008	8	15.999	10132.351097
8	78	1	1.008	8	15.999	17511.780278
8	79	1	1.008	8	15.999	6768.249360
8	84	1	1.008	26	55.845	6.339286
8	85	1	1.008	26	55.845	2.803262
8	86	1	1.008	26	55.845	13.639172
8	87	1	1.008	26	55.845	10.230583
8	88	1	1.008	26	55.845	108.326501
8	89	1	1.008	26	55.845	90.223190
8	90	1	1.008	26	55.845	1117.609189
8	91	1	1.008	26	55.845	372.799587
8	92	1	1.008	26	55.845	760.290159
8	93	1	1.008	26	55.845	1146.065421
8	94	1	1.008	26	55.845	1731.973696
8	95	1	1.008	26	55.845	4092.819421
8	97	1	1.008	26	55.845	96.137040
8	101	1	1.008	26	55.845	2207.821982
9	9	1	1.008	1	1.008	14112844.847163
9	10	1	1.008	1	1.008	-5791056.668248
9	11	1	1.008	1	1.008	22139097.528230
9	12	1	1.008	1	1.008	5904951.183921
9	13	1	1.008	1	1.008	8596128.772827
9	14	1	1.008	1	1.008	7370755.299554
9	15	1	1.008	1	1.008	19619578.127820
9	16	1	1.008	1	1.008	17586049.977961
9	17	1	1.008	1	1.008	5000521.598470
9	18	1	1.008	1	1.008	8898927.778502
9	19	1	1.008	1	1.008	5595728.349904
9	20	1	1.008	1	1.008	13686176.918726
9	21	1	1.008	1	1.008	13433813.854407
9	22	1	1.008	1	1.008	10335631.972074
9	23	1	1.008	1	1.008	3498427.005031
9	25	1	1.008	1	1.008	2916047.768084
9	30	1	1.008	2	4.003	10183.233489
9	31	1	1.008	2	4.003	8276.220585
9	32	1	1.008	2	4.003	4845.109782
9	33	1	1.008	2	4.003	8181.438076
9	34	1	1.008	2	4.003	5069.495706
9	35	1	1.008	2	4.003	13647.888976
9	36	1	1.008	2	4.003	10918.170091
9	37	1	1.008	2	4.003	152219.938910
9	38	1	1.008	2	4.003	285709.686598
9	39	1	1.008	2	4.003	122631.804303
9	40	1	1.008	2	4.003	4187518.690207
9	41	1	1.008	2	4.003	1271266.384265
9	42	1	1.008	2	4.003	6121669.106493
9	43	1	1.008	2	4.003	3450405.547813
9	44	1	1.008	2	4.003	545481.634036
9	46	1	1.008	2	4.003	405180.124491
9	47	1	1.008	2	4.003	1808286.870853
9	48	1	1.008	2	4.003	3811851.438466
9	49	1	1.008	2	4.003	3885437.655287
9	50	1	1.008	2	4.003	2720981.296314
9	51	1	1.008	2	4.003	5279999.307288
9	57	1	1.008	8	15.999	7.241387
9	58	1	1.008	8	15.999	22.939358
9	59	1	1.008	8	15.999	80.231564
9	60	1	1.008	8	15.999	98.177191
9	61	1	1.008	8	15.999	126.489483
9	62	1	1.008	8	15.999	269.026094
9	63	1	1.008	8	15.999	250.814707
9	64	1	1.008	8	15.999	1475.993792
9	65	1	1.008	8	15.999	277.878784
9	66	1	1.008	8	15.999	9378.665779
9	67	1	1.008	8	15.999	-12885.693772
9	68	1	1.008	8	15.999	193561.677868
9	69	1	1.008	8	15.999	73744.323971
9	70	1	1.008	8	15.999	128208.935773
9	71	1	1.008	8	15.999	240053.779192
9	72	1	1.008	8	15.999	109929.709882
9	73	1	1.008	8	15.999	237755.502771
9	74	1	1.008	8	15.999	49135.434013
9	75	1	1.008	8	15.999	-46578.251014
9	76	1	1.008	8	15.999	99237.681207
9	77	1	1.008	8	15.999	107568.028171
9	78	1	1.008	8	15.999	178825.365392
9	79	1	1.008	8	15.999	62736.706604
9	84	1	1.008	26	55.845	13.903772
9	85	1	1.008	26	55.845	5.625416
9	86	1	1.008	26	55.845	54.052404
9	87	1	1.008	26	55.845	70.951977
9	88	1	1.008	26	55.845	378.501387
9	89	1	1.008	26	55.845	-332.793212
9	90	1	1.008	26	55.845	10154.614226
9	91	1	1.008	26	55.845	-2222.266364
9	92	1	1.008	26	55.845	8963.511438
9	93	1	1.008	26	55.845	8974.833701
9	94	1	1.008	26	55.845	15166.583385
9	95	1	1.008	26	55.845	35722.700338
9	97	1	1.008	26	55.845	875.618414
9	101	1	1.008	26	55.845	19410.867679
10	10	1	1.008	1	1.008	86121029.856065
10	11	1	1.008	1	1.008	-57457054.914156
10	12	1	1.008	1	1.008	105784439.855446
10	13	1	1.008	1	1.008	-19645579.724221
10	14	1	1.008	1	1.008	66491868.063837
10	15	1	1.008	1	1.008	28231763.202090
10	16	1	1.008	1	1.008	69648849.422934
10	17	1	1.008	1	1.008	7731937.797855
10	18	1	1.008	1	1.008	27050057.744261
10	19	1	1.008	1	1.008	18076867.891518
10	20	1	1.008	1	1.008	37756117.635047
10	21	1	1.008	1	1.008	39547021.205422
10	22	1	1.008	1	1.008	28861540.850461
10	23	1	1.008	1	1.008	10124872.474637
10	25	1	1.008	1	1.008	8337681.766942
10	30	1	1.008	2	4.003	7076.434900
10	31	1	1.008	2	4.003	9755.137960
10	32	1	1.008	2	4.003	6016.975253
10	33	1	1.008	2	4.003	8097.019813
10	34	1	1.008	2	4.003	7635.659369
10	35	1	1.008	2	4.003	9100.026303
10	36	1	1.008	2	4.003	31445.636153
10	37	1	1.008	2	4.003	62326.113384
10	38	1	1.008	2	4.003	400483.263886
10	39	1	1.008	2	4.003	1954194.916061
10	40	1	1.008	2	4.003	10077166.446758
10	41	1	1.008	2	4.003	4703969.014464
10	42	1	1.008	2	4.003	19268397.871393
10	43	1	1.008	2	4.003	8232482.091308
10	44	1	1.008	2	4.003	2480158.361323
10	46	1	1.008	2	4.003	1298489.552907
10	47	1	1.008	2	4.003	4824012.122747
10	48	1	1.008	2	4.003	11332765.136319
10	49	1	1.008	2	4.003	10998042.049681
10	50	1	1.008	2	4.003	8062299.128304
10	51	1	1.008	2	4.003	15063374.950704
10	57	1	1.008	8	15.999	0.831279
10	58	1	1.008	8	15.999	-17.908522
10	59	1	1.008	8	15.999	102.914420
10	60	1	1.008	8	15.999	55.863531
10	61	1	1.008	8	15.999	113.854403
10	62	1	1.008	8	15.999	86.010406
10	63	1	1.008	8	15.999	104.847659
10	64	1	1.008	8	15.999	202.197556
10	65	1	1.008	8	15.999	8422.675091
10	66	1	1.008	8	15.999	43696.192279
10	67	1	1.008	8	15.999	-1173.425162
10	68	1	1.008	8	15.999	209029.026320
10	69	1	1.008	8	15.999	283012.818397
10	70	1	1.008	8	15.999	337141.469795
10	71	1	1.008	8	15.999	713506.705410
10	72	1	1.008	8	15.999	256093.681238
10	73	1	1.008	8	15.999	707109.749895
10	74	1	1.008	8	15.999	123225.116519
10	75	1	1.008	8	15.999	-127847.498281
10	76	1	1.008	8	15.999	258730.721997
10	77	1	1.008	8	15.999	286796.601243
10	78	1	1.008	8	15.999	487640.322557
10	79	1	1.008	8	15.999	184394.778629
10	84	1	1.008	26	55.845	-26.745374
10	85	1	1.008	26	55.845	-7.695794
10	86	1	1.008	26	55.845	-103.600202
10	87	1	1.008	26	55.845	-69.060022
10	88	1	1.008	26	55.845	-1084.539184
10	89	1	1.008	26	55.845	79.677501
10	90	1	1.008	26	55.845	9605.026742
10	91	1	1.008	26	55.845	16448.256473
10	92	1	1.008	26	55.845	11169.219028
10	93	1	1.008	26	55.845	26721.788984
10	94	1	1.008	26	55.845	41323.586895
10	95	1	1.008	26	55.845	103625.087725
10	97	1	1.008	26	55.845	2565.528245
10	101	1	1.008	26	55.845	56045.190554
11	11	1	1.008	1	1.008	310936228.093328
11	12	1	1.008	1	1.008	-193826014.834780
11	13	1	1.008	1	1.008	143046905.274156
11	14	1	1.008	1	1.008	-89234020.871776
11	15	1	1.008	1	1.008	143402810.928653
11	16	1	1.008	1	1.008	21782939.576384
11	17	1	1.008	1	1.008	30622226.049286
11	18	1	1.008	1	1.008	33941931.599429
11	19	1	1.008	1	1.008	15447050.865629
11	20	1	1.008	1	1.008	55793550.259485
11	21	1	1.008	1	1.008	49532528.011086
11	22	1	1.008	1	1.008	41340375.325206
11	23	1	1.008	1	1.008	13324240.666766
11	25	1	1.008	1	1.008	11515031.810221
11	30	1	1.008	2	4.003	13188.949996
11	31	1	1.008	2	4.003	8231.572713
11	32	1	1.008	2	4.003	2458.968561
11	33	1	1.008	2	4.003	10510.946928
11	34	1	1.008	2	4.003	-4358.507301
11	35	1	1.008	2	4.003	31696.077506
11	36	1	1.008	2	4.003	-80389.075283
11	37	1	1.008	2	4.003	508382.875432
11	38	1	1.008	2	4.003	-4739845.199906
11	39	1	1.008	2	4.003	6226329.800199
11	40	1	1.008	2	4.003	13820903.022630
11	41	1	1.008	2	4.003	6730206.798223
11	42	1	1.008	2	4.003	16595963.783617
11	43	1	1.008	2	4.003	19390148.564501
11	44	1	1.008	2	4.003	-949843.908990
11	46	1	1.008	2	4.003	1609404.261748
11	47	1	1.008	2	4.003	7578324.120654
11	48	1	1.008	2	4.003	14046727.890228
11	49	1	1.008	2	4.003	15415215.895041
11	50	1	1.008	2	4.003	9842571.308876
11	51	1	1.008	2	4.003	20837601.412480
11	57	1	1.008	8	15.999	-17.076123
11	58	1	1.008	8	15.999	-11.691891
11	59	1	1.008	8	15.999	-82.721558
11	60	1	1.008	8	15.999	50.395096
11	61	1	1.008	8	15.999	-268.345348
11	62	1	1.008	8	15.999	438.901466
11	63	1	1.008	8	15.999	-1988.178975
11	64	1	1.008	8	15.999	8667.882841
11	65	1	1.008	8	15.999	-44200.641694
11	66	1	1.008	8	15.999	294445.370880
11	67	1	1.008	8	15.999	-217836.339985
11	68	1	1.008	8	15.999	1874162.841169
11	69	1	1.008	8	15.999	33142.586085
11	70	1	1.008	8	15.999	603355.208609
11	71	1	1.008	8	15.999	854698.955976
11	72	1	1.008	8	15.999	583911.846450
11	73	1	1.008	8	15.999	881231.548364
11	74	1	1.008	8	15.999	232750.175772
11	75	1	1.008	8	15.999	-197154.282766
11	76	1	1.008	8	15.999	467133.762145
11	77	1	1.008	8	15.999	480082.525487
11	78	1	1.008	8	15.999	771705.049784
11	79	1	1.008	8	15.999	242187.785627
11	84	1	1.008	26	55.845	-16.257523
11	85	1	1.008	26	55.845	8.223755
11	86	1	1.008	26	55.845	-38.098422
11	87	1	1.008	26	55.845	88.902012
11	88	1	1.008	26	55.845	-497.670674
11	89	1	1.008	26	55.845	-4575.624036
11	90	1	1.008	26	55.845	86967.611643
11	91	1	1.008	26	55.845	-84402.362376
11	92	1	1.008	26	55.845	79659.597163
11	93	1	1.008	26	55.845	28123.490624
11	94	1	1.008	26	55.845	67285.221779
11	95	1	1.008	26	55.845	139996.291365
11	97	1	1.008	26	55.845	3364.714206
11	101	1	1.008	26	55.845	73437.143081
12	12	1	1.008	1	1.008	1144627507.657728
12	13	1	1.008	1	1.008	-378206270.944018
12	14	1	1.008	1	1.008	812894495.581712
12	15	1	1.008	1	1.008	130509482.457509
12	16	1	1.008	1	1.008	677790141.923861
12	17	1	1.008	1	1.008	72808546.091282
12	18	1	1.008	1	1.008	219101207.934865
12	19	1	1.008	1	1.008	179017087.496251
12	20	1	1.008	1	1.008	330673162.170308
12	21	1	1.008	1	1.008	355809974.371141
12	22	1	1.008	1	1.008	254711642.932044
12	23	1	1.008	1	1.008	90818244.579889
12	25	1	1.008	1	1.008	73845959.385798
12	30	1	1.008	2	4.003	27890.602869
12	31	1	1.008	2	4.003	25229.067569
12	32	1	1.008	2	4.003	19919.070049
12	33	1	1.008	2	4.003	15870.389865
12	34	1	1.008	2	4.003	31134.651206
12	35	1	1.008	2	4.003	-4490.224179
12	36	1	1.008	2	4.003	208217.578073
12	37	1	1.008	2	4.003	-460511.193795
12	38	1	1.008	2	4.003	14150991.259707
12	39	1	1.008	2	4.003	-41085649.734148
12	40	1	1.008	2	4.003	143508098.095701
12	41	1	1.008	2	4.003	6681315.911833
12	42	1	1.008	2	4.003	199370301.254266
12	43	1	1.008	2	4.003	50705159.200270
12	44	1	1.008	2	4.003	33358794.994525
12	46	1	1.008	2	4.003	10596488.767071
12	47	1	1.008	2	4.003	42405609.516968
12	48	1	1.008	2	4.003	102059216.374794
12	49	1	1.008	2	4.003	97550805.733398
12	50	1	1.008	2	4.003	71741865.349048
12	51	1	1.008	2	4.003	134432368.105708
12	57	1	1.008	8	15.999	-34.810274
12	58	1	1.008	8	15.999	-122.837259
12	59	1	1.008	8	15.999	-608.605124
12	60	1	1.008	8	15.999	-820.190722
12	61	1	1.008	8	15.999	-881.767838
12	62	1	1.008	8	15.999	-2416.620715
12	63	1	1.008	8	15.999	-1660.969673
12	64	1	1.008	8	15.999	-16557.575327
12	65	1	1.008	8	15.999	52684.481667
12	66	1	1.008	8	15.999	-390078.708372
12	67	1	1.008	8	15.999	359519.129296
12	68	1	1.008	8	15.999	1271864.425077
12	69	1	1.008	8	15.999	2556037.730355
12	70	1	1.008	8	15.999	3481549.094242
12	71	1	1.008	8	15.999	6402027.290587
12	72	1	1.008	8	15.999	2314375.589190
12	73	1	1.008	8	15.999	6484548.929696
12	74	1	1.008	8	15.999	1054760.344509
12	75	1	1.008	8	15.999	-1118379.305358
12	76	1	1.008	8	15.999	2373701.872116
12	77	1	1.008	8	15.999	2659157.479316
12	78	1	1.008	8	15.999	4453372.071644
12	79	1	1.008	8	15.999	1654254.407292
12	84	1	1.008	26	55.845	82.880311
12	85	1	1.008	26	55.845	-112.582611
12	86	1	1.008	26	55.845	96.736195
12	87	1	1.008	26	55.845	-648.746525
12	88	1	1.008	26	55.845	2285.629231
12	89	1	1.008	26	55.845	-18190.930653
12	90	1	1.008	26	55.845	44218.977999
12	91	1	1.008	26	55.845	188585.246618
12	92	1	1.008	26	55.845	84624.630054
12	93	1	1.008	26	55.845	205452.064906
12	94	1	1.008	26	55.845	383388.992364
12	95	1	1.008	26	55.845	901844.125804
12	97	1	1.008	26	55.845	23119.502894
12	101	1	1.008	26	55.845	496180.078176
13	13	1	1.008	1	1.008	1434382826.261291
13	14	1	1.008	1	1.008	-634412961.252163
13	15	1	1.008	1	1.008	1633534528.984679
13	16	1	1.008	1	1.008	583492767.691162
13	17	1	1.008	1	1.008	424054558.742590
13	18	1	1.008	1	1.008	425771890.835208
13	19	1	1.008	1	1.008	192301518.051635
13	20	1	1.008	1	1.008	675134550.835941
13	21	1	1.008	1	1.008	587964432.807772
13	22	1	1.008	1	1.008	496612585.126509
13	23	1	1.008	1	1.008	158157495.048541
13	25	1	1.008	1	1.008	137729395.117439
13	30	1	1.008	2	4.003	62759.249865
13	31	1	1.008	2	4.003	107164.184985
13	32	1	1.008	2	4.003	61492.286386
13	33	1	1.008	2	4.003	105813.301225
13	34	1	1.008	2	4.003	84746.150824
13	35	1	1.008	2	4.003	150396.541238
13	36	1	1.008	2	4.003	313968.244149
13	37	1	1.008	2	4.003	1242200.854775
13	38	1	1.008	2	4.003	9920268.013613
13	39	1	1.008	2	4.003	-760767.088610
13	40	1	1.008	2	4.003	182012461.899291
13	41	1	1.008	2	4.003	112685836.792861
13	42	1	1.008	2	4.003	249715751.320536
13	43	1	1.008	2	4.003	217971212.403787
13	44	1	1.008	2	4.003	-16060327.083279
13	46	1	1.008	2	4.003	11235044.509283
13	47	1	1.008	2	4.003	94420129.725098
13	48	1	1.008	2	4.003	166344351.193127
13	49	1	1.008	2	4.003	182726862.947018
13	50	1	1.008	2	4.003	125497269.287747
13	51	1	1.008	2	4.003	243236222.774405
13	57	1	1.008	8	15.999	2.203516
13	58	1	1.008	8	15.999	-103.136381
13	59	1	1.008	8	15.999	144.611646
13	60	1	1.008	8	15.999	-123.806048
13	61	1	1.008	8	15.999	609.561023
13	62	1	1.008	8	15.999	-754.669706
13	63	1	1.008	8	15.999	4133.374631
13	64	1	1.008	8	15.999	-16480.199193
13	65	1	1.008	8	15.999	91251.781748
13	66	1	1.008	8	15.999	-381823.909658
13	67	1	1.008	8	15.999	-763392.542945
13	68	1	1.008	8	15.999	4885463.984799
13	69	1	1.008	8	15.999	4602567.843320
13	70	1	1.008	8	15.999	3881168.763234
13	71	1	1.008	8	15.999	11467221.587263
13	72	1	1.008	8	15.999	5737820.739460
13	73	1	1.008	8	15.999	9805309.527186
13	74	1	1.008	8	15.999	2473277.049366
13	75	1	1.008	8	15.999	-2251640.807186
13	76	1	1.008	8	15.999	4078396.524743
13	77	1	1.008	8	15.999	4210176.195545
13	78	1	1.008	8	15.999	7421979.017199
13	79	1	1.008	8	15.999	2859360.586024
13	84	1	1.008	26	55.845	84.421360
13	85	1	1.008	26	55.845	49.618628
13	86	1	1.008	26	55.845	356.622378
13	87	1	1.008	26	55.845	631.751845
13	88	1	1.008	26	55.845	1029.740675
13	89	1	1.008	26	55.845	10472.381729
13	90	1	1.008	26	55.845	-28040.086260
13	91	1	1.008	26	55.845	222728.693356
13	92	1	1.008	26	55.845	-1049.789351
13	93	1	1.008	26	55.845	656485.590021
13	94	1	1.008	26	55.845	459614.382188
13	95	1	1.008	26	55.845	1730205.083889
13	97	1	1.008	26	55.845	39808.883745
13	101	1	1.008	26	55.845	912947.668478
14	14	1	1.008	1	1.008	2816859807.155117
14	15	1	1.008	1	1.008	-825291929.785452
14	16	1	1.008	1	1.008	2111257536.485216
14	17	1	1.008	1	1.008	-208390077.042493
14	18	1	1.008	1	1.008	618206379.767250
14	19	1	1.008	1	1.008	407712258.106780
14	20	1	1.008	1	1.008	699734869.275739
14	21	1	1.008	1	1.008	829577042.094818
14	22	1	1.008	1	1.008	545623900.362016
14	23	1	1.008	1	1.008	203528532.745459
14	25	1	1.008	1	1.008	163162235.263183
14	30	1	1.008	2	4.003	70779.124770
14	31	1	1.008	2	4.003	114330.193754
14	32	1	1.008	2	4.003	65146.547113
14	33	1	1.008	2	4.003	111402.941331
14	34	1	1.008	2	4.003	85544.648551
14	35	1	1.008	2	4.003	160978.191512
14	36	1	1.008	2	4.003	299478.419084
14	37	1	1.008	2	4.003	1351119.845261
14	38	1	1.008	2	4.003	11506334.303101
14	39	1	1.008	2	4.003	-11898697.953364
14	40	1	1.008	2	4.003	218545867.465287
14	41	1	1.008	2	4.003	47778955.899766
14	42	1	1.008	2	4.003	451152439.659010
14	43	1	1.008	2	4.003	68294953.604757
14	44	1	1.008	2	4.003	106873408.461780
14	46	1	1.008	2	4.003	34513761.355885
14	47	1	1.008	2	4.003	78631530.535600
14	48	1	1.008	2	4.003	240417997.476323
14	49	1	1.008	2	4.003	212579348.971113
14	50	1	1.008	2	4.003	172951724.964392
14	51	1	1.008	2	4.003	291956573.189587
14	57	1	1.008	8	15.999	-27.255030
14	58	1	1.008	8	15.999	-95.747995
14	59	1	1.008	8	15.999	101.200347
14	60	1	1.008	8	15.999	146.945250
14	61	1	1.008	8	15.999	45.728414
14	62	1	1.008	8	15.999	622.370549
14	63	1	1.008	8	15.999	-1132.910832
14	64	1	1.008	8	15.999	6434.510787
14	65	1	1.008	8	15.999	-2552.786668
14	66	1	1.008	8	15.999	433015.281278
14	67	1	1.008	8	15.999	-3756696.613001
14	68	1	1.008	8	15.999	10385087.480522
14	69	1	1.008	8	15.999	1813855.446980
14	70	1	1.008	8	15.999	9234539.278583
14	71	1	1.008	8	15.999	11189414.148717
14	72	1	1.008	8	15.999	3357492.170128
14	73	1	1.008	8	15.999	14621810.475483
14	74	1	1.008	8	15.999	1727816.826334
14	75	1	1.008	8	15.999	-2343644.650689
14	76	1	1.008	8	15.999	3587581.539818
14	77	1	1.008	8	15.999	4316261.575338
14	78	1	1.008	8	15.999	8087300.309885
14	79	1	1.008	8	15.999	3673811.422892
14	84	1	1.008	26	55.845	191.666964
14	85	1	1.008	26	55.845	-42.966907
14	86	1	1.008	26	55.845	566.078931
14	87	1	1.008	26	55.845	155.491594
14	88	1	1.008	26	55.845	4549.744308
14	89	1	1.008	26	55.845	-13898.401148
14	90	1	1.008	26	55.845	209643.475441
14	91	1	1.008	26	55.845	-75965.602441
14	92	1	1.008	26	55.845	441564.088588
14	93	1	1.008	26	55.845	163310.283117
14	94	1	1.008	26	55.845	1071581.607509
14	95	1	1.008	26	55.845	1920016.832364
14	97	1	1.008	26	55.845	51966.892149
14	101	1	1.008	26	55.845	1147953.150331
15	15	1	1.008	1	1.008	8802238587.043341
15	16	1	1.008	1	1.008	156093401.448192
15	17	1	1.008	1	1.008	3264204201.270194
15	18	1	1.008	1	1.008	690975098.539428
15	19	1	1.008	1	1.008	1008877521.509275
15	20	1	1.008	1	1.008	2427614643.306299
15	21	1	1.008	1	1.008	2013285162.964823
15	22	1	1.008	1	1.008	1818469967.573023
15	23	1	1.008	1	1.008	561493813.621345
15	25	1	1.008	1	1.008	491544234.171862
15	30	1	1.008	2	4.003	204502.245569
15	31	1	1.008	2	4.003	345273.201050
15	32	1	1.008	2	4.003	202422.129417
15	33	1	1.008	2	4.003	336230.227849
15	34	1	1.008	2	4.003	287308.239638
15	35	1	1.008	2	4.003	454758.059032
15	36	1	1.008	2	4.003	1152895.636956
15	37	1	1.008	2	4.003	3374706.194553
15	38	1	1.008	2	4.003	43751722.994622
15	39	1	1.008	2	4.003	-65053013.359961
15	40	1	1.008	2	4.003	862952608.945225
15	41	1	1.008	2	4.003	171975447.621305
15	42	1	1.008	2	4.003	988530661.556365
15	43	1	1.008	2	4.003	808613164.328310
15	44	1	1.008	2	4.003	-124208150.752086
15	46	1	1.008	2	4.003	-13873140.027435
15	47	1	1.008	2	4.003	391589830.137717
15	48	1	1.008	2	4.003	555104151.283349
15	49	1	1.008	2	4.003	658170909.705061
15	50	1	1.008	2	4.003	428977874.124558
15	51	1	1.008	2	4.003	869606952.410025
15	57	1	1.008	8	15.999	13.736954
15	58	1	1.008	8	15.999	-493.410766
15	59	1	1.008	8	15.999	2501.010316
15	60	1	1.008	8	15.999	1670.612206
15	61	1	1.008	8	15.999	4581.633377
15	62	1	1.008	8	15.999	3350.932166
15	63	1	1.008	8	15.999	16766.602337
15	64	1	1.008	8	15.999	-18064.660535
15	65	1	1.008	8	15.999	283088.287779
15	66	1	1.008	8	15.999	-552222.950460
15	67	1	1.008	8	15.999	4759082.104993
15	68	1	1.008	8	15.999	-25403875.623082
15	69	1	1.008	8	15.999	34454217.760360
15	70	1	1.008	8	15.999	3612813.013156
15	71	1	1.008	8	15.999	49090525.765965
15	72	1	1.008	8	15.999	22590068.672706
15	73	1	1.008	8	15.999	33288270.962719
15	74	1	1.008	8	15.999	9303153.734962
15	75	1	1.008	8	15.999	-8066185.318756
15	76	1	1.008	8	15.999	15160495.747531
15	77	1	1.008	8	15.999	15358396.584341
15	78	1	1.008	8	15.999	26509754.606706
15	79	1	1.008	8	15.999	10127954.639917
15	84	1	1.008	26	55.845	559.196944
15	85	1	1.008	26	55.845	89.555056
15	86	1	1.008	26	55.845	1982.257977
15	87	1	1.008	26	55.845	2181.277188
15	88	1	1.008	26	55.845	10997.501148
15	89	1	1.008	26	55.845	1065.598774
15	90	1	1.008	26	55.845	356638.690305
15	91	1	1.008	26	55.845	1950949.576302
15	92	1	1.008	26	55.845	-554574.090978
15	93	1	1.008	26	55.845	2741163.893010
15	94	1	1.008	26	55.845	1204864.360898
15	95	1	1.008	26	55.845	6150446.898639
15	97	1	1.008	26	55.845	143025.638461
15	101	1	1.008	26	55.845	3216823.501715
16	16	1	1.008	1	1.008	9073893708.263472
16	17	1	1.008	1	1.008	-4527571386.845186
16	18	1	1.008	1	1.008	4195343221.218112
16	19	1	1.008	1	1.008	247998312.518045
16	20	1	1.008	1	1.008	2249873753.912765
16	21	1	1.008	1	1.008	2768651924.805165
16	22	1	1.008	1	1.008	1650072351.155465
16	23	1	1.008	1	1.008	645745998.197923
16	25	1	1.008	1	1.008	518664591.034497
16	30	1	1.008	2	4.003	211131.672465
16	31	1	1.008	2	4.003	360108.728522
16	32	1	1.008	2	4.003	205322.254987
16	33	1	1.008	2	4.003	354637.939133
16	34	1	1.008	2	4.003	277860.602319
16	35	1	1.008	2	4.003	509334.458434
16	36	1	1.008	2	4.003	999716.148902
16	37	1	1.008	2	4.003	4257028.592503
16	38	1	1.008	2	4.003	34850944.873725
16	39	1	1.008	2	4.003	-29020996.065187
16	40	1	1.008	2	4.003	717912793.935125
16	41	1	1.008	2	4.003	455999614.026294
16	42	1	1.008	2	4.003	663988797.890557
16	43	1	1.008	2	4.003	569715151.708871
16	44	1	1.008	2	4.003	264641650.760455
16	46	1	1.008	2	4.003	253194467.836351
16	47	1	1.008	2	4.003	130445522.565844
16	48	1	1.008	2	4.003	831609293.648272
16	49	1	1.008	2	4.003	668149007.730357
16	50	1	1.008	2	4.003	564143569.891441
16	51	1	1.008	2	4.003	937107145.403708
16	57	1	1.008	8	15.999	-35.373624
16	58	1	1.008	8	15.999	-359.225082
16	59	1	1.008	8	15.999	1518.936254
16	60	1	1.008	8	15.999	1333.371989
16	61	1	1.008	8	15.999	2431.675858
16	62	1	1.008	8	15.999	3604.474778
16	63	1	1.008	8	15.999	5991.302755
16	64	1	1.008	8	15.999	10975.038751
16	65	1	1.008	8	15.999	90170.832705
16	66	1	1.008	8	15.999	835223.280199
16	67	1	1.008	8	15.999	-8872791.780872
16	68	1	1.008	8	15.999	50498111.873906
16	69	1	1.008	8	15.999	-4118394.769092
16	70	1	1.008	8	15.999	37004884.520147
16	71	1	1.008	8	15.999	33071116.111569
16	72	1	1.008	8	15.999	7342922.173423
16	73	1	1.008	8	15.999	50072412.206925
16	74	1	1.008	8	15.999	6118414.519550
16	75	1	1.008	8	15.999	-7780380.692701
16	76	1	1.008	8	15.999	14289101.575363
16	77	1	1.008	8	15.999	17107278.899873
16	78	1	1.008	8	15.999	30481199.340093
16	79	1	1.008	8	15.999	11864202.518036
16	84	1	1.008	26	55.845	535.338128
16	85	1	1.008	26	55.845	23.386388
16	86	1	1.008	26	55.845	1801.855043
16	87	1	1.008	26	55.845	1557.672507
16	88	1	1.008	26	55.845	11442.740936
16	89	1	1.008	26	55.845	-11758.775468
16	90	1	1.008	26	55.845	518374.011073
16	91	1	1.008	26	55.845	-394430.088372
16	92	1	1.008	26	55.845	-355186.045310
16	93	1	1.008	26	55.845	1626368.389232
16	94	1	1.008	26	55.845	2892920.710306
16	95	1	1.008	26	55.845	6689673.061289
16	97	1	1.008	26	55.845	156029.760799
16	101	1	1.008	26	55.845	3626878.097187
17	17	1	1.008	1	1.008	18344480041.673038
17	18	1	1.008	1	1.008	-8764983172.690163
17	19	1	1.008	1	1.008	3859002802.247181
17	20	1	1.008	1	1.008	321744915.775093
17	21	1	1.008	1	1.008	-1002915065.444515
17	22	1	1.008	1	1.008	429317919.532275
17	23	1	1.008	1	1.008	-40699382.934874
17	25	1	1.008	1	1.008	-11813015.190090
17	30	1	1.008	2	4.003	33172.204690
17	31	1	1.008	2	4.003	42390.849935
17	32	1	1.008	2	4.003	31313.151338
17	33	1	1.008	2	4.003	32001.670455
17	34	1	1.008	2	4.003	52500.542204
17	35	1	1.008	2	4.003	8327.725978
17	36	1	1.008	2	4.003	327517.947134
17	37	1	1.008	2	4.003	-469544.622083
17	38	1	1.008	2	4.003	17066132.237446
17	39	1	1.008	2	4.003	-58948309.614313
17	40	1	1.008	2	4.003	329593431.251565
17	41	1	1.008	2	4.003	-249168834.308570
17	42	1	1.008	2	4.003	1169831190.297928
17	43	1	1.008	2	4.003	-1784648298.301410
17	44	1	1.008	2	4.003	-25258023.856232
17	46	1	1.008	2	4.003	-765364043.556782
17	47	1	1.008	2	4.003	565442166.709939
17	48	1	1.008	2	4.003	-387924503.167109
17	49	1	1.008	2	4.003	32112821.777644
17	50	1	1.008	2	4.003	-190651920.988204
17	51	1	1.008	2	4.003	-17218165.796249
17	57	1	1.008	8	15.999	26.164366
17	58	1	1.008	8	15.999	-66.563789
17	59	1	1.008	8	15.999	48.417799
17	60	1	1.008	8	15.999	-459.754175
17	61	1	1.008	8	15.999	494.759013
17	62	1	1.008	8	15.999	-2155.576379
17	63	1	1.008	8	15.999	5105.250860
17	64	1	1.008	8	15.999	-30380.506748
17	65	1	1.008	8	15.999	139991.710239
17	66	1	1.008	8	15.999	-1065521.637920
17	67	1	1.008	8	15.999	6453323.454167
17	68	1	1.008	8	15.999	-26245873.830170
17	69	1	1.008	8	15.999	31263394.939415
17	70	1	1.008	8	15.999	4763890.135222
17	71	1	1.008	8	15.999	24932171.790199
17	72	1	1.008	8	15.999	54210195.362704
17	73	1	1.008	8	15.999	-15245433.745053
17	74	1	1.008	8	15.999	1074895.596389
17	75	1	1.008	8	15.999	259787.822758
17	76	1	1.008	8	15.999	2311305.170616
17	77	1	1.008	8	15.999	-1056593.306136
17	78	1	1.008	8	15.999	-4657104.269545
17	79	1	1.008	8	15.999	-1808565.478638
17	84	1	1.008	26	55.845	-187.513732
17	85	1	1.008	26	55.845	-89.785473
17	86	1	1.008	26	55.845	-729.347428
17	87	1	1.008	26	55.845	-1191.540213
17	88	1	1.008	26	55.845	-3539.331889
17	89	1	1.008	26	55.845	3992.015416
17	90	1	1.008	26	55.845	-250540.413913
17	91	1	1.008	26	55.845	-2217560.627531
17	92	1	1.008	26	55.845	2225272.052202
17	93	1	1.008	26	55.845	-6519015.088803
17	94	1	1.008	26	55.845	-183085.851128
17	95	1	1.008	26	55.845	-4908239.327862
17	97	1	1.008	26	55.845	43079.118420
17	101	1	1.008	26	55.845	-357061.378058
18	18	1	1.008	1	1.008	27999198794.700130
18	19	1	1.008	1	1.008	-12691653574.156466
18	20	1	1.008	1	1.008	4418437077.658780
18	21	1	1.008	1	1.008	3474746380.769082
18	22	1	1.008	1	1.008	1779712615.683389
18	23	1	1.008	1	1.008	537979152.822404
18	25	1	1.008	1	1.008	704574820.573820
18	30	1	1.008	2	4.003	114416.917030
18	31	1	1.008	2	4.003	201855.693342
18	32	1	1.008	2	4.003	112339.602717
18	33	1	1.008	2	4.003	203092.886403
18	34	1	1.008	2	4.003	148931.699087
18	35	1	1.008	2	4.003	306257.380428
18	36	1	1.008	2	4.003	484191.053329
18	37	1	1.008	2	4.003	2769595.952667
18	38	1	1.008	2	4.003	14524781.618929
18	39	1	1.008	2	4.003	7554190.232789
18	40	1	1.008	2	4.003	294369752.256791
18	41	1	1.008	2	4.003	415181595.447873
18	42	1	1.008	2	4.003	-294243907.391902
18	43	1	1.008	2	4.003	1992452532.294422
18	44	1	1.008	2	4.003	-2369743912.672812
18	46	1	1.008	2	4.003	1850191803.286471
18	47	1	1.008	2	4.003	-819117075.994973
18	48	1	1.008	2	4.003	1232386031.384216
18	49	1	1.008	2	4.003	844490037.352121
18	50	1	1.008	2	4.003	760957801.291191
18	51	1	1.008	2	4.003	1031823549.441218
18	57	1	1.008	8	15.999	-30.745469
18	58	1	1.008	8	15.999	-272.379798
18	59	1	1.008	8	15.999	1560.554981
18	60	1	1.008	8	15.999	1591.128034
18	61	1	1.008	8	15.999	2231.416145
18	62	1	1.008	8	15.999	4589.614265
18	63	1	1.008	8	15.999	3924.541450
18	64	1	1.008	8	15.999	25025.918429
18	65	1	1.008	8	15.999	12059.385206
18	66	1	1.008	8	15.999	1061768.199334
18	67	1	1.008	8	15.999	-7261080.073102
18	68	1	1.008	8	15.999	40725574.930044
18	69	1	1.008	8	15.999	-14134155.914446
18	70	1	1.008	8	15.999	24392952.542330
18	71	1	1.008	8	15.999	-8976961.255484
18	72	1	1.008	8	15.999	6371393.077678
18	73	1	1.008	8	15.999	38472757.006652
18	74	1	1.008	8	15.999	25292369.478049
18	75	1	1.008	8	15.999	-19927405.026214
18	76	1	1.008	8	15.999	22342694.183294
18	77	1	1.008	8	15.999	18862407.508893
18	78	1	1.008	8	15.999	44018371.223356
18	79	1	1.008	8	15.999	13364211.297397
18	84	1	1.008	26	55.845	507.309955
18	85	1	1.008	26	55.845	110.706448
18	86	1	1.008	26	55.845	1809.411879
18	87	1	1.008	26	55.845	2187.883980
18	88	1	1.008	26	55.845	9800.620792
18	89	1	1.008	26	55.845	-4310.607989
18	90	1	1.008	26	55.845	523388.326229
18	91	1	1.008	26	55.845	1295545.312547
18	92	1	1.008	26	55.845	-1582096.093242
18	93	1	1.008	26	55.845	6213210.289181
18	94	1	1.008	26	55.845	-8505534.354317
18	95	1	1.008	26	55.845	13042172.997569
18	97	1	1.008	26	55.845	35787.462884
18	101	1	1.008	26	55.845	4287040.112755
19	19	1	1.008	1	1.008	56126689540.235542
19	20	1	1.008	1	1.008	-12974211051.738880
19	21	1	1.008	1	1.008	3209398989.872243
19	22	1	1.008	1	1.008	-1737212523.956756
19	23	1	1.008	1	1.008	1207423600.232325
19	25	1	1.008	1	1.008	-582948806.970151
19	30	1	1.008	2	4.003	56394.899959
19	31	1	1.008	2	4.003	93228.209923
19	32	1	1.008	2	4.003	54855.835310
19	33	1	1.008	2	4.003	90143.186597
19	34	1	1.008	2	4.003	77431.528123
19	35	1	1.008	2	4.003	120955.540815
19	36	1	1.008	2	4.003	312426.812971
19	37	1	1.008	2	4.003	884017.514778
19	38	1	1.008	2	4.003	12207277.973265
19	39	1	1.008	2	4.003	-15669391.460347
19	40	1	1.008	2	4.003	207980279.804215
19	41	1	1.008	2	4.003	158568491.089189
19	42	1	1.008	2	4.003	256891162.809691
19	43	1	1.008	2	4.003	125759915.655314
19	44	1	1.008	2	4.003	630395072.321140
19	46	1	1.008	2	4.003	-3719484801.345005
19	47	1	1.008	2	4.003	2237063432.670500
19	48	1	1.008	2	4.003	447008933.777896
19	49	1	1.008	2	4.003	-783747143.594915
19	50	1	1.008	2	4.003	214979224.177367
19	51	1	1.008	2	4.003	259811284.914212
19	57	1	1.008	8	15.999	27.950368
19	58	1	1.008	8	15.999	-127.096944
19	59	1	1.008	8	15.999	810.260631
19	60	1	1.008	8	15.999	366.720832
19	61	1	1.008	8	15.999	1647.647188
19	62	1	1.008	8	15.999	237.404236
19	63	1	1.008	8	15.999	7314.934568
19	64	1	1.008	8	15.999	-17485.205232
19	65	1	1.008	8	15.999	144758.734885
19	66	1	1.008	8	15.999	-743452.242413
19	67	1	1.008	8	15.999	5691705.958608
19	68	1	1.008	8	15.999	-24298379.357716
19	69	1	1.008	8	15.999	48959114.954601
19	70	1	1.008	8	15.999	-76327428.360564
19	71	1	1.008	8	15.999	174716610.819711
19	72	1	1.008	8	15.999	-434304007.610513
19	73	1	1.008	8	15.999	174180130.934371
19	74	1	1.008	8	15.999	-115956073.259589
19	75	1	1.008	8	15.999	61812787.108398
19	76	1	1.008	8	15.999	-35267256.785529
19	77	1	1.008	8	15.999	15228580.101009
19	78	1	1.008	8	15.999	-15734600.236049
19	79	1	1.008	8	15.999	5576535.035934
19	84	1	1.008	26	55.845	333.092516
19	85	1	1.008	26	55.845	-132.736709
19	86	1	1.008	26	55.845	915.653971
19	87	1	1.008	26	55.845	-397.914189
19	88	1	1.008	26	55.845	10524.289284
19	89	1	1.008	26	55.845	-35606.458705
19	90	1	1.008	26	55.845	449460.203539
19	91	1	1.008	26	55.845	-1037726.406789
19	92	1	1.008	26	55.845	2830114.374648
19	93	1	1.008	26	55.845	-3723622.594905
19	94	1	1.008	26	55.845	11335837.784421
19	95	1	1.008	26	55.845	-7371866.601927
19	97	1	1.008	26	55.845	669856.754502
19	101	1	1.008	26	55.845	512664.210519
20	20	1	1.008	1	1.008	39716791496.144493
20	21	1	1.008	1	1.008	-7202794287.685300
20	22	1	1.008	1	1.008	10656074544.269690
20	23	1	1.008	1	1.008	-785792480.886899
20	25	1	1.008	1	1.008	1916315049.323143
20	30	1	1.008	2	4.003	146091.602301
20	31	1	1.008	2	4.003	246510.305235
20	32	1	1.008	2	4.003	143991.117382
20	33	1	1.008	2	4.003	240903.870517
20	34	1	1.008	2	4.003	203571.420446
20	35	1	1.008	2	4.003	329073.903537
20	36	1	1.008	2	4.003	806404.328387
20	37	1	1.008	2	4.003	2483569.884695
20	38	1	1.008	2	4.003	30896117.782838
20	39	1	1.008	2	4.003	-42706666.369275
20	40	1	1.008	2	4.003	582931428.569532
20	41	1	1.008	2	4.003	90961934.525642
20	42	1	1.008	2	4.003	889812914.775417
20	43	1	1.008	2	4.003	262315400.032590
20	44	1	1.008	2	4.003	127687472.362388
20	46	1	1.008	2	4.003	-4691185584.464937
20	47	1	1.008	2	4.003	493927136.148117
20	48	1	1.008	2	4.003	-1328251209.294068
20	49	1	1.008	2	4.003	2627447917.308305
20	50	1	1.008	2	4.003	363475392.682433
20	51	1	1.008	2	4.003	1489090795.098563
20	57	1	1.008	8	15.999	-18.821838
20	58	1	1.008	8	15.999	-410.281217
20	59	1	1.008	8	15.999	2157.654862
20	60	1	1.008	8	15.999	1822.027212
20	61	1	1.008	8	15.999	3461.771000
20	62	1	1.008	8	15.999	4636.190365
20	63	1	1.008	8	15.999	9538.758091
20	64	1	1.008	8	15.999	10621.740581
20	65	1	1.008	8	15.999	124131.680294
20	66	1	1.008	8	15.999	537920.574135
20	67	1	1.008	8	15.999	-3418730.671735
20	68	1	1.008	8	15.999	26706501.094571
20	69	1	1.008	8	15.999	-1261703.495754
20	70	1	1.008	8	15.999	42732881.115595
20	71	1	1.008	8	15.999	-30197010.454857
20	72	1	1.008	8	15.999	226335731.310130
20	73	1	1.008	8	15.999	-107574757.747896
20	74	1	1.008	8	15.999	178058219.411950
20	75	1	1.008	8	15.999	-82219308.434757
20	76	1	1.008	8	15.999	65432133.809977
20	77	1	1.008	8	15.999	12392466.112270
20	78	1	1.008	8	15.999	51613595.949476
20	79	1	1.008	8	15.999	15884294.219501
20	84	1	1.008	26	55.845	646.246877
20	85	1	1.008	26	55.845	91.415179
20	86	1	1.008	26	55.845	2242.693718
20	87	1	1.008	26	55.845	2379.290284
20	88	1	1.008	26	55.845	13120.847851
20	89	1	1.008	26	55.845	-10516.105779
20	90	1	1.008	26	55.845	638635.714800
20	91	1	1.008	26	55.845	1460277.891786
20	92	1	1.008	26	55.845	-430988.878388
20	93	1	1.008	26	55.845	3721959.872533
20	94	1	1.008	26	55.845	-3517212.168644
20	95	1	1.008	26	55.845	17775991.421875
20	97	1	1.008	26	55.845	-913904.631753
20	101	1	1.008	26	55.845	5725079.185191
21	21	1	1.008	1	1.008	26757729435.301487
21	22	1	1.008	1	1.008	-11482260533.500805
21	23	1	1.008	1	1.008	1315016393.408278
21	25	1	1.008	1	1.008	550409106.292189
21	30	1	1.008	2	4.003	145795.534480
21	31	1	1.008	2	4.003	247832.701437
21	32	1	1.008	2	4.003	143552.846495
21	33	1	1.008	2	4.003	243605.134172
21	34	1	1.008	2	4.003	200947.955291
21	35	1	1.008	2	4.003	339210.762278
21	36	1	1.008	2	4.003	772868.558119
21	37	1	1.008	2	4.003	2660421.175182
21	38	1	1.008	2	4.003	28724170.432226
21	39	1	1.008	2	4.003	-30977023.891507
21	40	1	1.008	2	4.003	526650183.134487
21	41	1	1.008	2	4.003	249555326.820659
21	42	1	1.008	2	4.003	582529700.190390
21	43	1	1.008	2	4.003	717834649.876194
21	44	1	1.008	2	4.003	-61441682.657066
21	46	1	1.008	2	4.003	2249717554.092928
21	47	1	1.008	2	4.003	-7594085539.251719
21	48	1	1.008	2	4.003	4699132537.257397
21	49	1	1.008	2	4.003	1605816873.207201
21	50	1	1.008	2	4.003	-383771284.283962
21	51	1	1.008	2	4.003	1063589145.871811
21	57	1	1.008	8	15.999	5.106464
21	58	1	1.008	8	15.999	-383.393226
21	59	1	1.008	8	15.999	2344.474614
21	60	1	1.008	8	15.999	1881.532980
21	61	1	1.008	8	15.999	3894.395334
21	62	1	1.008	8	15.999	4515.045278
21	63	1	1.008	8	15.999	11760.298056
21	64	1	1.008	8	15.999	3884.637192
21	65	1	1.008	8	15.999	169078.173464
21	66	1	1.008	8	15.999	156075.440633
21	67	1	1.008	8	15.999	-31261.072780
21	68	1	1.008	8	15.999	12859533.005481
21	69	1	1.008	8	15.999	22532936.976050
21	70	1	1.008	8	15.999	-1968765.108349
21	71	1	1.008	8	15.999	75399404.172966
21	72	1	1.008	8	15.999	-38022156.407162
21	73	1	1.008	8	15.999	156024672.924189
21	74	1	1.008	8	15.999	88031634.471526
21	75	1	1.008	8	15.999	-96643518.270986
21	76	1	1.008	8	15.999	100152348.732012
21	77	1	1.008	8	15.999	5411653.874106
21	78	1	1.008	8	15.999	62261251.457727
21	79	1	1.008	8	15.999	19633413.951658
21	84	1	1.008	26	55.845	751.508415
21	85	1	1.008	26	55.845	-8.860924
21	86	1	1.008	26	55.845	2455.214456
21	87	1	1.008	26	55.845	1717.614136
21	88	1	1.008	26	55.845	17863.635372
21	89	1	1.008	26	55.845	-33510.440485
21	90	1	1.008	26	55.845	849459.789766
21	91	1	1.008	26	55.845	542986.579073
21	92	1	1.008	26	55.845	1510354.557770
21	93	1	1.008	26	55.845	403460.745280
21	94	1	1.008	26	55.845	4729849.239993
21	95	1	1.008	26	55.845	6969842.187584
21	97	1	1.008	26	55.845	-796635.397641
21	101	1	1.008	26	55.845	3441141.740370
22	22	1	1.008	1	1.008	40960303818.321480
22	23	1	1.008	1	1.008	-2616279987.653731
22	25	1	1.008	1	1.008	1871899637.922268
22	30	1	1.008	2	4.003	110610.456832
22	31	1	1.008	2	4.003	186443.206294
22	32	1	1.008	2	4.003	108817.380257
22	33	1	1.008	2	4.003	182121.409420
22	34	1	1.008	2	4.003	153435.407429
22	35	1	1.008	2	4.003	249162.352046
22	36	1	1.008	2	4.003	605641.438524
22	37	1	1.008	2	4.003	1888861.412879
22	38	1	1.008	2	4.003	23145985.396509
22	39	1	1.008	2	4.003	-30898488.734928
22	40	1	1.008	2	4.003	432100050.522658
22	41	1	1.008	2	4.003	100644154.221433
22	42	1	1.008	2	4.003	619289446.977304
22	43	1	1.008	2	4.003	296637733.295959
22	44	1	1.008	2	4.003	94932098.106316
22	46	1	1.008	2	4.003	-91367405.826854
22	47	1	1.008	2	4.003	3939940415.044904
22	48	1	1.008	2	4.003	-11512849085.812325
22	49	1	1.008	2	4.003	1041825388.753137
22	50	1	1.008	2	4.003	3536948416.612458
22	51	1	1.008	2	4.003	1629184680.835692
22	57	1	1.008	8	15.999	-12.677115
22	58	1	1.008	8	15.999	-310.126578
22	59	1	1.008	8	15.999	1571.516270
22	60	1	1.008	8	15.999	1279.954870
22	61	1	1.008	8	15.999	2566.476165
22	62	1	1.008	8	15.999	3166.571028
22	63	1	1.008	8	15.999	7450.717978
22	64	1	1.008	8	15.999	4779.691754
22	65	1	1.008	8	15.999	104133.168319
22	66	1	1.008	8	15.999	277067.283166
22	67	1	1.008	8	15.999	-1798527.818906
22	68	1	1.008	8	15.999	14482810.394301
22	69	1	1.008	8	15.999	6751460.858131
22	70	1	1.008	8	15.999	15766644.641582
22	71	1	1.008	8	15.999	4890032.927256
22	72	1	1.008	8	15.999	99067454.922782
22	73	1	1.008	8	15.999	-88923524.522158
22	74	1	1.008	8	15.999	134996153.750642
22	75	1	1.008	8	15.999	134700383.289228
22	76	1	1.008	8	15.999	-157730288.477277
22	77	1	1.008	8	15.999	71188718.573726
22	78	1	1.008	8	15.999	-3891563.014436
22	79	1	1.008	8	15.999	5459256.399645
22	84	1	1.008	26	55.845	521.959062
22	85	1	1.008	26	55.845	46.369433
22	86	1	1.008	26	55.845	1771.463906
22	87	1	1.008	26	55.845	1664.636265
22	88	1	1.008	26	55.845	11195.892267
22	89	1	1.008	26	55.845	-13434.513827
22	90	1	1.008	26	55.845	538680.160021
22	91	1	1.008	26	55.845	917644.174791
22	92	1	1.008	26	55.845	213532.486803
22	93	1	1.008	26	55.845	2011778.483827
22	94	1	1.008	26	55.845	-100776.683752
22	95	1	1.008	26	55.845	10472984.294693
22	97	1	1.008	26	55.845	-394374.117672
22	101	1	1.008	26	55.845	7644719.392202
23	23	1	1.008	1	1.008	8923543928.697237
23	25	1	1.008	1	1.008	-2740860517.350975
23	30	1	1.008	2	4.003	37679.761914
23	31	1	1.008	2	4.003	64130.414486
23	32	1	1.008	2	4.003	37216.887150
23	33	1	1.008	2	4.003	63036.107634
23	34	1	1.008	2	4.003	52340.243855
23	35	1	1.008	2	4.003	87425.645515
23	36	1	1.008	2	4.003	202939.939674
23	37	1	1.008	2	4.003	679416.815533
23	38	1	1.008	2	4.003	7581900.276909
23	39	1	1.008	2	4.003	-8642281.326118
23	40	1	1.008	2	4.003	139747305.010994
23	41	1	1.008	2	4.003	52852184.447200
23	42	1	1.008	2	4.003	175871113.220255
23	43	1	1.008	2	4.003	147650208.497156
23	44	1	1.008	2	4.003	21204323.971181
23	46	1	1.008	2	4.003	-250645066.142161
23	47	1	1.008	2	4.003	1320520529.383684
23	48	1	1.008	2	4.003	1083566020.766592
23	49	1	1.008	2	4.003	-3652577325.772382
23	50	1	1.008	2	4.003	-5439142975.324615
23	51	1	1.008	2	4.003	1531633296.429510
23	57	1	1.008	8	15.999	4.174632
23	58	1	1.008	8	15.999	-103.730749
23	59	1	1.008	8	15.999	717.972428
23	60	1	1.008	8	15.999	586.576269
23	61	1	1.008	8	15.999	1175.732493
23	62	1	1.008	8	15.999	1416.944890
23	63	1	1.008	8	15.999	3472.052371
23	64	1	1.008	8	15.999	1822.943370
23	65	1	1.008	8	15.999	47695.583374
23	66	1	1.008	8	15.999	48370.500099
23	67	1	1.008	8	15.999	247167.050335
23	68	1	1.008	8	15.999	4127803.988042
23	69	1	1.008	8	15.999	4973409.778057
23	70	1	1.008	8	15.999	1271538.431788
23	71	1	1.008	8	15.999	15037287.904671
23	72	1	1.008	8	15.999	-1291515.748692
23	73	1	1.008	8	15.999	37242498.633774
23	74	1	1.008	8	15.999	-75755877.144814
23	75	1	1.008	8	15.999	26793584.469472
23	76	1	1.008	8	15.999	247710794.416958
23	77	1	1.008	8	15.999	-39123655.461068
23	78	1	1.008	8	15.999	38586173.412788
23	79	1	1.008	8	15.999	9165457.131428
23	84	1	1.008	26	55.845	181.839043
23	85	1	1.008	26	55.845	3.884538
23	86	1	1.008	26	55.845	603.670995
23	87	1	1.008	26	55.845	475.477977
23	88	1	1.008	26	55.845	4170.415619
23	89	1	1.008	26	55.845	-6812.676186
23	90	1	1.008	26	55.845	199993.302745
23	91	1	1.008	26	55.845	167723.347851
23	92	1	1.008	26	55.845	287509.654435
23	93	1	1.008	26	55.845	302811.262209
23	94	1	1.008	26	55.845	762281.004785
23	95	1	1.008	26	55.845	2529571.596435
23	97	1	1.008	26	55.845	1337696.963595
23	101	1	1.008	26	55.845	-1062399.276719
25	25	1	1.008	1	1.008	57354316078.336914
25	30	1	1.008	2	4.003	30504.873392
25	31	1	1.008	2	4.003	52172.073510
25	32	1	1.008	2	4.003	30380.336590
25	33	1	1.008	2	4.003	51509.832113
25	34	1	1.008	2	4.003	43358.306862
25	35	1	1.008	2	4.003	71107.135106
25	36	1	1.008	2	4.003	170781.156643
25	37	1	1.008	2	4.003	542541.405305
25	38	1	1.008	2	4.003	6488937.627394
25	39	1	1.008	2	4.003	-8336470.661115
25	40	1	1.008	2	4.003	120920944.674663
25	41	1	1.008	2	4.003	35977423.201943
25	42	1	1.008	2	4.003	161204446.967639
25	43	1	1.008	2	4.003	107336419.095544
25	44	1	1.008	2	4.003	6342905.947953
25	46	1	1.008	2	4.003	340294135.059504
25	47	1	1.008	2	4.003	-612306330.109183
25	48	1	1.008	2	4.003	589481607.581239
25	49	1	1.008	2	4.003	2536259186.423268
25	50	1	1.008	2	4.003	-5170162273.853498
25	51	1	1.008	2	4.003	-6093126881.456624
25	57	1	1.008	8	15.999	-2.367350
25	58	1	1.008	8	15.999	-72.532135
25	59	1	1.008	8	15.999	375.220134
25	60	1	1.008	8	15.999	312.516906
25	61	1	1.008	8	15.999	654.214163
25	62	1	1.008	8	15.999	796.039514
25	63	1	1.008	8	15.999	1960.081485
25	64	1	1.008	8	15.999	960.387245
25	65	1	1.008	8	15.999	28626.468570
25	66	1	1.008	8	15.999	74471.243807
25	67	1	1.008	8	15.999	-608664.314782
25	68	1	1.008	8	15.999	4299459.514089
25	69	1	1.008	8	15.999	1830483.070745
25	70	1	1.008	8	15.999	4593545.611694
25	71	1	1.008	8	15.999	2568817.127073
25	72	1	1.008	8	15.999	27363208.112633
25	73	1	1.008	8	15.999	-20211783.346735
25	74	1	1.008	8	15.999	58561575.094060
25	75	1	1.008	8	15.999	-107495819.967119
25	76	1	1.008	8	15.999	243346840.554827
25	77	1	1.008	8	15.999	3715539.233319
25	78	1	1.008	8	15.999	-229078226.472791
25	79	1	1.008	8	15.999	-177941467.213314
25	84	1	1.008	26	55.845	149.657120
25	85	1	1.008	26	55.845	-9.204532
25	86	1	1.008	26	55.845	485.528487
25	87	1	1.008	26	55.845	285.025142
25	88	1	1.008	26	55.845	3791.769594
25	89	1	1.008	26	55.845	-8460.246291
25	90	1	1.008	26	55.845	170512.238558
25	91	1	1.008	26	55.845	174452.552167
25	92	1	1.008	26	55.845	199689.473207
25	93	1	1.008	26	55.845	311856.489093
25	94	1	1.008	26	55.845	454810.765094
25	95	1	1.008	26	55.845	2086138.765796
25	97	1	1.008	26	55.845	253207.507581
25	101	1	1.008	26	55.845	16498641.131252
30	30	2	4.003	2	4.003	43901.741253
30	31	2	4.003	2	4.003	22527.265823
30	32	2	4.003	2	4.003	19740.377938
30	33	2	4.003	2	4.003	10873.041388
30	34	2	4.003	2	4.003	7202.771347
30	35	2	4.003	2	4.003	4202.310229
30	36	2	4.003	2	4.003	10689.921137
30	37	2	4.003	2	4.003	21085.307550
30	38	2	4.003	2	4.003	14363.978173
30	39	2	4.003	2	4.003	88938.332098
30	40	2	4.003	2	4.003	6727.569014
30	41	2	4.003	2	4.003	42022.952808
30	42	2	4.003	2	4.003	51555.457382
30	43	2	4.003	2	4.003	47864.790193
30	44	2	4.003	2	4.003	852.392101
30	46	2	4.003	2	4.003	5190.977970
30	47	2	4.003	2	4.003	18964.185954
30	48	2	4.003	2	4.003	41453.975804
30	49	2	4.003	2	4.003	41793.555593
30	50	2	4.003	2	4.003	30194.325449
30	51	2	4.003	2	4.003	56302.962623
30	57	2	4.003	8	15.999	141.787075
30	58	2	4.003	8	15.999	471.621553
30	59	2	4.003	8	15.999	569.576069
30	60	2	4.003	8	15.999	408.684795
30	61	2	4.003	8	15.999	270.026735
30	62	2	4.003	8	15.999	118.455219
30	63	2	4.003	8	15.999	28.340680
30	64	2	4.003	8	15.999	-25.912175
30	65	2	4.003	8	15.999	-14.507484
30	66	2	4.003	8	15.999	-249.690625
30	67	2	4.003	8	15.999	190.476389
30	68	2	4.003	8	15.999	1329.542964
30	69	2	4.003	8	15.999	1106.660345
30	70	2	4.003	8	15.999	991.344508
30	71	2	4.003	8	15.999	2762.941411
30	72	2	4.003	8	15.999	1018.050657
30	73	2	4.003	8	15.999	2559.211356
30	74	2	4.003	8	15.999	518.192606
30	75	2	4.003	8	15.999	-493.735139
30	76	2	4.003	8	15.999	995.324857
30	77	2	4.003	8	15.999	1143.696599
30	78	2	4.003	8	15.999	1888.312240
30	79	2	4.003	8	15.999	641.767895
30	84	2	4.003	26	55.845	46.537143
30	85	2	4.003	26	55.845	27.530171
30	86	2	4.003	26	55.845	18.862642
30	87	2	4.003	26	55.845	-2.213004
30	88	2	4.003	26	55.845	12.221823
30	89	2	4.003	26	55.845	-48.021750
30	90	2	4.003	26	55.845	124.020311
30	91	2	4.003	26	55.845	-4.567656
30	92	2	4.003	26	55.845	97.142098
30	93	2	4.003	26	55.845	135.093061
30	94	2	4.003	26	55.845	195.143075
30	95	2	4.003	26	55.845	434.402270
30	97	2	4.003	26	55.845	9.667043
30	101	2	4.003	26	55.845	229.151372
31	31	2	4.003	2	4.003	35311.112371
31	32	2	4.003	2	4.003	13402.233506
31	33	2	4.003	2	4.003	16337.907453
31	34	2	4.003	2	4.003	6611.923172
31	35	2	4.003	2	4.003	10202.721927
31	36	2	4.003	2	4.003	14203.008659
31	37	2	4.003	2	4.003	46531.725302
31	38	2	4.003	2	4.003	13393.575321
31	39	2	4.003	2	4.003	179168.116747
31	40	2	4.003	2	4.003	-7940.268186
31	41	2	4.003	2	4.003	85024.190796
31	42	2	4.003	2	4.003	79160.193224
31	43	2	4.003	2	4.003	86565.958789
31	44	2	4.003	2	4.003	-904.879373
31	46	2	4.003	2	4.003	9632.435123
31	47	2	4.003	2	4.003	31552.171126
31	48	2	4.003	2	4.003	70791.255527
31	49	2	4.003	2	4.003	70808.366265
31	50	2	4.003	2	4.003	50062.078855
31	51	2	4.003	2	4.003	96601.196937
31	57	2	4.003	8	15.999	129.705728
31	58	2	4.003	8	15.999	431.020419
31	59	2	4.003	8	15.999	523.547401
31	60	2	4.003	8	15.999	375.346738
31	61	2	4.003	8	15.999	248.936117
31	62	2	4.003	8	15.999	110.165991
31	63	2	4.003	8	15.999	28.992104
31	64	2	4.003	8	15.999	-18.212425
31	65	2	4.003	8	15.999	23.679237
31	66	2	4.003	8	15.999	-352.224458
31	67	2	4.003	8	15.999	668.078774
31	68	2	4.003	8	15.999	1248.277194
31	69	2	4.003	8	15.999	2512.572172
31	70	2	4.003	8	15.999	1440.713238
31	71	2	4.003	8	15.999	5164.989011
31	72	2	4.003	8	15.999	1702.546635
31	73	2	4.003	8	15.999	4466.242531
31	74	2	4.003	8	15.999	907.657814
31	75	2	4.003	8	15.999	-840.976087
31	76	2	4.003	8	15.999	1906.915490
31	77	2	4.003	8	15.999	2138.447886
31	78	2	4.003	8	15.999	3449.785079
31	79	2	4.003	8	15.999	1125.055558
31	84	2	4.003	26	55.845	42.777154
31	85	2	4.003	26	55.845	25.274101
31	86	2	4.003	26	55.845	17.631168
31	87	2	4.003	26	55.845	-1.684547
31	88	2	4.003	26	55.845	13.672581
31	89	2	4.003	26	55.845	-46.370584
31	90	2	4.003	26	55.845	164.203402
31	91	2	4.003	26	55.845	104.742116
31	92	2	4.003	26	55.845	92.471566
31	93	2	4.003	26	55.845	256.213127
31	94	2	4.003	26	55.845	267.932190
31	95	2	4.003	26	55.845	723.958020
31	97	2	4.003	26	55.845	16.149521
31	101	2	4.003	26	55.845	369.776564
32	32	2	4.003	2	4.003	15064.938572
32	33	2	4.003	2	4.003	5393.235854
32	34	2	4.003	2	4.003	6462.119435
32	35	2	4.003	2	4.003	2761.608716
32	36	2	4.003	2	4.003	12488.496820
32	37	2	4.003	2	4.003	19483.537479
32	38	2	4.003	2	4.003	17521.506039
32	39	2	4.003	2	4.003	85472.516085
32	40	2	4.003	2	4.003	8959.735807
32	41	2	4.003	2	4.003	40186.271680
32	42	2	4.003	2	4.003	51122.372794
32	43	2	4.003	2	4.003	46853.199337
32	44	2	4.003	2	4.003	1076.958685
32	46	2	4.003	2	4.003	5232.591632
32	47	2	4.003	2	4.003	18614.205529
32	48	2	4.003	2	4.003	40949.708348
32	49	2	4.003	2	4.003	41224.577488
32	50	2	4.003	2	4.003	29220.605523
32	51	2	4.003	2	4.003	56020.678552
32	57	2	4.003	8	15.999	79.780140
32	58	2	4.003	8	15.999	265.166485
32	59	2	4.003	8	15.999	321.727270
32	60	2	4.003	8	15.999	230.685062
32	61	2	4.003	8	15.999	152.821807
32	62	2	4.003	8	15.999	67.497247
32	63	2	4.003	8	15.999	17.138194
32	64	2	4.003	8	15.999	-11.418102
32	65	2	4.003	8	15.999	4.070590
32	66	2	4.003	8	15.999	-166.783696
32	67	2	4.003	8	15.999	237.252451
32	68	2	4.003	8	15.999	1154.050469
32	69	2	4.003	8	15.999	1222.864450
32	70	2	4.003	8	15.999	986.677213
32	71	2	4.003	8	15.999	2843.887166
32	72	2	4.003	8	15.999	1033.992220
32	73	2	4.003	8	15.999	2564.939749
32	74	2	4.003	8	15.999	524.548046
32	75	2	4.003	8	15.999	-490.247311
32	76	2	4.003	8	15.999	1070.987485
32	77	2	4.003	8	15.999	1199.867903
32	78	2	4.003	8	15.999	1954.869473
32	79	2	4.003	8	15.999	651.148567
32	84	2	4.003	26	55.845	26.286036
32	85	2	4.003	26	55.845	15.537595
32	86	2	4.003	26	55.845	10.787668
32	87	2	4.003	26	55.845	-1.077692
32	88	2	4.003	26	55.845	7.988831
32	89	2	4.003	26	55.845	-28.387025
32	90	2	4.003	26	55.845	99.389441
32	91	2	4.003	26	55.845	31.072142
32	92	2	4.003	26	55.845	70.991454
32	93	2	4.003	26	55.845	136.428784
32	94	2	4.003	26	55.845	166.268052
32	95	2	4.003	26	55.845	416.805995
32	97	2	4.003	26	55.845	9.416986
32	101	2	4.003	26	55.845	216.402636
33	33	2	4.003	2	4.003	14199.696174
33	34	2	4.003	2	4.003	1914.181762
33	35	2	4.003	2	4.003	12610.317699
33	36	2	4.003	2	4.003	9353.493534
33	37	2	4.003	2	4.003	52951.601120
33	38	2	4.003	2	4.003	2615.354590
33	39	2	4.003	2	4.003	192362.603454
33	40	2	4.003	2	4.003	-21204.732899
33	41	2	4.003	2	4.003	92576.529913
33	42	2	4.003	2	4.003	72042.847595
33	43	2	4.003	2	4.003	88434.850013
33	44	2	4.003	2	4.003	-2390.133015
33	46	2	4.003	2	4.003	10014.650042
33	47	2	4.003	2	4.003	30519.117410
33	48	2	4.003	2	4.003	69763.166919
33	49	2	4.003	2	4.003	69366.086847
33	50	2	4.003	2	4.003	48453.648343
33	51	2	4.003	2	4.003	95389.307863
33	57	2	4.003	8	15.999	48.578649
33	58	2	4.003	8	15.999	161.324893
33	59	2	4.003	8	15.999	196.950200
33	60	2	4.003	8	15.999	141.482934
33	61	2	4.003	8	15.999	94.844418
33	62	2	4.003	8	15.999	43.848281
33	63	2	4.003	8	15.999	15.254051
33	64	2	4.003	8	15.999	2.412698
33	65	2	4.003	8	15.999	56.812376
33	66	2	4.003	8	15.999	-288.752968
33	67	2	4.003	8	15.999	896.449767
33	68	2	4.003	8	15.999	522.292792
33	69	2	4.003	8	15.999	2887.099586
33	70	2	4.003	8	15.999	1224.972791
33	71	2	4.003	8	15.999	5360.933045
33	72	2	4.003	8	15.999	1629.434922
33	73	2	4.003	8	15.999	4452.918311
33	74	2	4.003	8	15.999	904.396858
33	75	2	4.003	8	15.999	-826.298514
33	76	2	4.003	8	15.999	1991.123540
33	77	2	4.003	8	15.999	2202.127316
33	78	2	4.003	8	15.999	3517.622234
33	79	2	4.003	8	15.999	1128.489839
33	84	2	4.003	26	55.845	16.140053
33	85	2	4.003	26	55.845	9.488600
33	86	2	4.003	26	55.845	7.090287
33	87	2	4.003	26	55.845	-0.122673
33	88	2	4.003	26	55.845	8.808011
33	89	2	4.003	26	55.845	-19.873702
33	90	2	4.003	26	55.845	130.165189
33	91	2	4.003	26	55.845	178.678912
33	92	2	4.003	26	55.845	42.122850
33	93	2	4.003	26	55.845	268.872321
33	94	2	4.003	26	55.845	219.480831
33	95	2	4.003	26	55.845	700.612635
33	97	2	4.003	26	55.845	15.656773
33	101	2	4.003	26	55.845	350.029058
34	34	2	4.003	2	4.003	9920.345233
34	35	2	4.003	2	4.003	-2097.739596
34	36	2	4.003	2	4.003	25098.359945
34	37	2	4.003	2	4.003	13048.570220
34	38	2	4.003	2	4.003	42554.361611
34	39	2	4.003	2	4.003	83515.398048
34	40	2	4.003	2	4.003	38109.436241
34	41	2	4.003	2	4.003	39345.226393
34	42	2	4.003	2	4.003	80715.645260
34	43	2	4.003	2	4.003	59582.231590
34	44	2	4.003	2	4.003	4602.400699
34	46	2	4.003	2	4.003	6953.599825
34	47	2	4.003	2	4.003	26477.220284
34	48	2	4.003	2	4.003	57405.085296
34	49	2	4.003	2	4.003	58085.615506
34	50	2	4.003	2	4.003	40556.172077
34	51	2	4.003	2	4.003	79283.135559
34	57	2	4.003	8	15.999	19.369193
34	58	2	4.003	8	15.999	64.336387
34	59	2	4.003	8	15.999	78.668978
34	60	2	4.003	8	15.999	56.720846
34	61	2	4.003	8	15.999	38.252901
34	62	2	4.003	8	15.999	18.674479
34	63	2	4.003	8	15.999	6.969580
34	64	2	4.003	8	15.999	8.219651
34	65	2	4.003	8	15.999	20.165723
34	66	2	4.003	8	15.999	-36.233401
34	67	2	4.003	8	15.999	175.123677
34	68	2	4.003	8	15.999	2047.790289
34	69	2	4.003	8	15.999	1535.683489
34	70	2	4.003	8	15.999	1619.255033
34	71	2	4.003	8	15.999	3902.724796
34	72	2	4.003	8	15.999	1549.387425
34	73	2	4.003	8	15.999	3610.484367
34	74	2	4.003	8	15.999	748.858204
34	75	2	4.003	8	15.999	-696.346964
34	76	2	4.003	8	15.999	1559.825119
34	77	2	4.003	8	15.999	1701.200306
34	78	2	4.003	8	15.999	2781.002427
34	79	2	4.003	8	15.999	941.183198
34	84	2	4.003	26	55.845	6.473031
34	85	2	4.003	26	55.845	3.793199
34	86	2	4.003	26	55.845	3.026142
34	87	2	4.003	26	55.845	0.212343
34	88	2	4.003	26	55.845	4.968844
34	89	2	4.003	26	55.845	-9.955238
34	90	2	4.003	26	55.845	109.854295
34	91	2	4.003	26	55.845	51.888942
34	92	2	4.003	26	55.845	88.642671
34	93	2	4.003	26	55.845	175.918180
34	94	2	4.003	26	55.845	208.594807
34	95	2	4.003	26	55.845	560.705512
34	97	2	4.003	26	55.845	13.097067
34	101	2	4.003	26	55.845	291.666553
35	35	2	4.003	2	4.003	28489.051394
35	36	2	4.003	2	4.003	-10068.020816
35	37	2	4.003	2	4.003	111145.597369
35	38	2	4.003	2	4.003	-47888.593121
35	39	2	4.003	2	4.003	360016.055421
35	40	2	4.003	2	4.003	-99363.717918
35	41	2	4.003	2	4.003	175429.639546
35	42	2	4.003	2	4.003	72971.894202
35	43	2	4.003	2	4.003	140005.095873
35	44	2	4.003	2	4.003	-11477.467232
35	46	2	4.003	2	4.003	15827.831806
35	47	2	4.003	2	4.003	40660.296542
35	48	2	4.003	2	4.003	97474.383578
35	49	2	4.003	2	4.003	95463.201935
35	50	2	4.003	2	4.003	66090.181242
35	51	2	4.003	2	4.003	132673.480688
35	57	2	4.003	8	15.999	4.984023
35	58	2	4.003	8	15.999	16.316859
35	59	2	4.003	8	15.999	22.076618
35	60	2	4.003	8	15.999	16.536393
35	61	2	4.003	8	15.999	13.590553
35	62	2	4.003	8	15.999	10.471764
35	63	2	4.003	8	15.999	12.864773
35	64	2	4.003	8	15.999	18.633769
35	65	2	4.003	8	15.999	140.431794
35	66	2	4.003	8	15.999	-547.357349
35	67	2	4.003	8	15.999	2070.188807
35	68	2	4.003	8	15.999	-1644.099760
35	69	2	4.003	8	15.999	5307.683371
35	70	2	4.003	8	15.999	892.699673
35	71	2	4.003	8	15.999	8282.438129
35	72	2	4.003	8	15.999	2014.956638
35	73	2	4.003	8	15.999	6329.099911
35	74	2	4.003	8	15.999	1268.463596
35	75	2	4.003	8	15.999	-1135.277782
35	76	2	4.003	8	15.999	2976.146938
35	77	2	4.003	8	15.999	3284.664265
35	78	2	4.003	8	15.999	5149.161808
35	79	2	4.003	8	15.999	1585.346806
35	84	2	4.003	26	55.845	1.921053
35	85	2	4.003	26	55.845	1.005882
35	86	2	4.003	26	55.845	1.859242
35	87	2	4.003	26	55.845	1.082773
35	88	2	4.003	26	55.845	9.739501
35	89	2	4.003	26	55.845	-7.067126
35	90	2	4.003	26	55.845	145.510049
35	91	2	4.003	26	55.845	424.733850
35	92	2	4.003	26	55.845	-46.931655
35	93	2	4.003	26	55.845	438.500081
35	94	2	4.003	26	55.845	232.005654
35	95	2	4.003	26	55.845	982.015115
35	97	2	4.003	26	55.845	21.399175
35	101	2	4.003	26	55.845	470.392185
36	36	2	4.003	2	4.003	151919.480358
36	37	2	4.003	2	4.003	-90525.082815
36	38	2	4.003	2	4.003	354591.645199
36	39	2	4.003	2	4.003	-37245.658055
36	40	2	4.003	2	4.003	412223.648426
36	41	2	4.003	2	4.003	-25578.971677
36	42	2	4.003	2	4.003	412400.971991
36	43	2	4.003	2	4.003	165289.689019
36	44	2	4.003	2	4.003	49069.007153
36	46	2	4.003	2	4.003	20422.611815
36	47	2	4.003	2	4.003	108147.498559
36	48	2	4.003	2	4.003	220065.303123
36	49	2	4.003	2	4.003	227584.322217
36	50	2	4.003	2	4.003	158953.215903
36	51	2	4.003	2	4.003	307669.277441
36	57	2	4.003	8	15.999	-1.859260
36	58	2	4.003	8	15.999	-6.088835
36	59	2	4.003	8	15.999	-6.476536
36	60	2	4.003	8	15.999	-3.352417
36	61	2	4.003	8	15.999	-1.154599
36	62	2	4.003	8	15.999	5.934767
36	63	2	4.003	8	15.999	2.773402
36	64	2	4.003	8	15.999	52.252010
36	65	2	4.003	8	15.999	-63.700000
36	66	2	4.003	8	15.999	824.697670
36	67	2	4.003	8	15.999	-2063.542186
36	68	2	4.003	8	15.999	15703.113457
36	69	2	4.003	8	15.999	1803.612457
36	70	2	4.003	8	15.999	9155.033293
36	71	2	4.003	8	15.999	12488.785819
36	72	2	4.003	8	15.999	6945.186792
36	73	2	4.003	8	15.999	13573.193459
36	74	2	4.003	8	15.999	2892.523004
36	75	2	4.003	8	15.999	-2748.515302
36	76	2	4.003	8	15.999	5581.874193
36	77	2	4.003	8	15.999	5976.306196
36	78	2	4.003	8	15.999	10099.414950
36	79	2	4.003	8	15.999	3661.595318
36	84	2	4.003	26	55.845	-0.340297
36	85	2	4.003	26	55.845	-0.248000
36	86	2	4.003	26	55.845	1.083300
36	87	2	4.003	26	55.845	2.043413
36	88	2	4.003	26	55.845	8.661638
36	89	2	4.003	26	55.845	-14.916304
36	90	2	4.003	26	55.845	440.313429
36	91	2	4.003	26	55.845	-271.448094
36	92	2	4.003	26	55.845	606.703705
36	93	2	4.003	26	55.845	454.463808
36	94	2	4.003	26	55.845	941.517898
36	95	2	4.003	26	55.845	2074.209595
36	97	2	4.003	26	55.845	51.250435
36	101	2	4.003	26	55.845	1138.488926
37	37	2	4.003	2	4.003	1385141.397755
37	38	2	4.003	2	4.003	-1125578.204945
37	39	2	4.003	2	4.003	4299784.357759
37	40	2	4.003	2	4.003	-1880845.528049
37	41	2	4.003	2	4.003	2109265.845801
37	42	2	4.003	2	4.003	145511.648385
37	43	2	4.003	2	4.003	1364246.236363
37	44	2	4.003	2	4.003	-219834.176013
37	46	2	4.003	2	4.003	151333.289681
37	47	2	4.003	2	4.003	292258.030896
37	48	2	4.003	2	4.003	767941.530321
37	49	2	4.003	2	4.003	731486.194788
37	50	2	4.003	2	4.003	503034.735237
37	51	2	4.003	2	4.003	1032041.923728
37	57	2	4.003	8	15.999	0.218231
37	58	2	4.003	8	15.999	-2.542328
37	59	2	4.003	8	15.999	24.270803
37	60	2	4.003	8	15.999	24.303939
37	61	2	4.003	8	15.999	47.475642
37	62	2	4.003	8	15.999	67.274122
37	63	2	4.003	8	15.999	142.799737
37	64	2	4.003	8	15.999	165.662169
37	65	2	4.003	8	15.999	1846.252012
37	66	2	4.003	8	15.999	-8028.490378
37	67	2	4.003	8	15.999	28318.863592
37	68	2	4.003	8	15.999	-46639.929129
37	69	2	4.003	8	15.999	59652.156965
37	70	2	4.003	8	15.999	-5306.263940
37	71	2	4.003	8	15.999	76211.622496
37	72	2	4.003	8	15.999	11784.157041
37	73	2	4.003	8	15.999	51169.006545
37	74	2	4.003	8	15.999	9982.398186
37	75	2	4.003	8	15.999	-8630.507358
37	76	2	4.003	8	15.999	25578.614904
37	77	2	4.003	8	15.999	28532.918798
37	78	2	4.003	8	15.999	43408.379841
37	79	2	4.003	8	15.999	12356.757951
37	84	2	4.003	26	55.845	3.183203
37	85	2	4.003	26	55.845	0.384452
37	86	2	4.003	26	55.845	12.999433
37	87	2	4.003	26	55.845	11.833524
37	88	2	4.003	26	55.845	102.865698
37	89	2	4.003	26	55.845	-37.749709
37	90	2	4.003	26	55.845	955.021869
37	91	2	4.003	26	55.845	5509.988727
37	92	2	4.003	26	55.845	-1616.915523
37	93	2	4.003	26	55.845	4385.490200
37	94	2	4.003	26	55.845	1076.570864
37	95	2	4.003	26	55.845	7961.537924
37	97	2	4.003	26	55.845	163.204695
37	101	2	4.003	26	55.845	3562.116818
38	38	2	4.003	2	4.003	15810414.529062
38	39	2	4.003	2	4.003	-16327249.069420
38	40	2	4.003	2	4.003	26368210.149720
38	41	2	4.003	2	4.003	-8188536.265207
38	42	2	4.003	2	4.003	19471751.535349
38	43	2	4.003	2	4.003	3511352.796825
38	44	2	4.003	2	4.003	3120900.568445
38	46	2	4.003	2	4.003	497424.657465
38	47	2	4.003	2	4.003	4277998.602650
38	48	2	4.003	2	4.003	8133147.670169
38	49	2	4.003	2	4.003	8612439.248291
38	50	2	4.003	2	4.003	6144012.588077
38	51	2	4.003	2	4.003	11436003.979216
38	57	2	4.003	8	15.999	0.944412
38	58	2	4.003	8	15.999	4.451498
38	59	2	4.003	8	15.999	78.238113
38	60	2	4.003	8	15.999	108.326211
38	61	2	4.003	8	15.999	92.707287
38	62	2	4.003	8	15.999	344.058127
38	63	2	4.003	8	15.999	-37.806637
38	64	2	4.003	8	15.999	2895.164641
38	65	2	4.003	8	15.999	-7743.541172
38	66	2	4.003	8	15.999	89721.176485
38	67	2	4.003	8	15.999	-234603.876556
38	68	2	4.003	8	15.999	940367.063767
38	69	2	4.003	8	15.999	-130173.940240
38	70	2	4.003	8	15.999	453229.995071
38	71	2	4.003	8	15.999	329060.514251
38	72	2	4.003	8	15.999	286207.743595
38	73	2	4.003	8	15.999	479688.888174
38	74	2	4.003	8	15.999	104318.798007
38	75	2	4.003	8	15.999	-104283.520621
38	76	2	4.003	8	15.999	168099.453960
38	77	2	4.003	8	15.999	176799.268155
38	78	2	4.003	8	15.999	324584.108263
38	79	2	4.003	8	15.999	135715.705875
38	84	2	4.003	26	55.845	1.833437
38	85	2	4.003	26	55.845	11.062821
38	86	2	4.003	26	55.845	22.195917
38	87	2	4.003	26	55.845	106.039625
38	88	2	4.003	26	55.845	-80.911533
38	89	2	4.003	26	55.845	359.540000
38	90	2	4.003	26	55.845	19468.731654
38	91	2	4.003	26	55.845	-34317.611216
38	92	2	4.003	26	55.845	36419.977295
38	93	2	4.003	26	55.845	6616.288616
38	94	2	4.003	26	55.845	43013.238371
38	95	2	4.003	26	55.845	73910.771397
38	97	2	4.003	26	55.845	1938.234244
38	101	2	4.003	26	55.845	43941.196638
39	39	2	4.003	2	4.003	105747765.585468
39	40	2	4.003	2	4.003	-107283822.790682
39	41	2	4.003	2	4.003	60469913.080174
39	42	2	4.003	2	4.003	-53473903.826180
39	43	2	4.003	2	4.003	15078157.139530
39	44	2	4.003	2	4.003	-12202642.667792
39	46	2	4.003	2	4.003	1758973.245514
39	47	2	4.003	2	4.003	-6962237.824046
39	48	2	4.003	2	4.003	-8439583.143568
39	49	2	4.003	2	4.003	-10736404.964231
39	50	2	4.003	2	4.003	-8450949.362268
39	51	2	4.003	2	4.003	-12770858.393542
39	57	2	4.003	8	15.999	6.699455
39	58	2	4.003	8	15.999	-16.971722
39	59	2	4.003	8	15.999	226.853527
39	60	2	4.003	8	15.999	174.208959
39	61	2	4.003	8	15.999	403.943588
39	62	2	4.003	8	15.999	336.213266
39	63	2	4.003	8	15.999	1544.874765
39	64	2	4.003	8	15.999	-1434.925530
39	65	2	4.003	8	15.999	25683.942747
39	66	2	4.003	8	15.999	-284048.540980
39	67	2	4.003	8	15.999	1202242.736290
39	68	2	4.003	8	15.999	-3002298.455146
39	69	2	4.003	8	15.999	1390133.373357
39	70	2	4.003	8	15.999	-1237051.482530
39	71	2	4.003	8	15.999	504808.752905
39	72	2	4.003	8	15.999	-540647.023498
39	73	2	4.003	8	15.999	-334500.347206
39	74	2	4.003	8	15.999	-99596.993675
39	75	2	4.003	8	15.999	132425.545233
39	76	2	4.003	8	15.999	94630.557559
39	77	2	4.003	8	15.999	132731.039863
39	78	2	4.003	8	15.999	6419.773170
39	79	2	4.003	8	15.999	-149608.510640
39	84	2	4.003	26	55.845	71.938530
39	85	2	4.003	26	55.845	-27.397834
39	86	2	4.003	26	55.845	199.867093
39	87	2	4.003	26	55.845	-162.608243
39	88	2	4.003	26	55.845	2797.777689
39	89	2	4.003	26	55.845	-5519.556639
39	90	2	4.003	26	55.845	13385.160987
39	91	2	4.003	26	55.845	153963.837131
39	92	2	4.003	26	55.845	-93947.671595
39	93	2	4.003	26	55.845	48613.697185
39	94	2	4.003	26	55.845	-84695.184172
39	95	2	4.003	26	55.845	-62264.917522
39	97	2	4.003	26	55.845	-2358.948575
39	101	2	4.003	26	55.845	-59808.700552
40	40	2	4.003	2	4.003	443935082.321526
40	41	2	4.003	2	4.003	-122361994.925373
40	42	2	4.003	2	4.003	362749107.913644
40	43	2	4.003	2	4.003	73235254.236366
40	44	2	4.003	2	4.003	49507628.322443
40	46	2	4.003	2	4.003	6995218.292541
40	47	2	4.003	2	4.003	81029559.283906
40	48	2	4.003	2	4.003	149123332.157050
40	49	2	4.003	2	4.003	159576238.365999
40	50	2	4.003	2	4.003	114653177.448859
40	51	2	4.003	2	4.003	211155409.815163
40	57	2	4.003	8	15.999	-18.339776
40	58	2	4.003	8	15.999	-62.947937
40	59	2	4.003	8	15.999	-303.447879
40	60	2	4.003	8	15.999	-368.324888
40	61	2	4.003	8	15.999	-309.516434
40	62	2	4.003	8	15.999	-1003.389489
40	63	2	4.003	8	15.999	-68.263884
40	64	2	4.003	8	15.999	-7864.534669
40	65	2	4.003	8	15.999	20458.442899
40	66	2	4.003	8	15.999	122689.499735
40	67	2	4.003	8	15.999	-3291695.216836
40	68	2	4.003	8	15.999	12104436.286918
40	69	2	4.003	8	15.999	-883641.254264
40	70	2	4.003	8	15.999	7278053.603636
40	71	2	4.003	8	15.999	6807051.992142
40	72	2	4.003	8	15.999	5135238.531981
40	73	2	4.003	8	15.999	8646773.571601
40	74	2	4.003	8	15.999	1928670.813115
40	75	2	4.003	8	15.999	-1926795.523964
40	76	2	4.003	8	15.999	2890193.621241
40	77	2	4.003	8	15.999	3014754.206334
40	78	2	4.003	8	15.999	5717555.217018
40	79	2	4.003	8	15.999	2517138.720811
40	84	2	4.003	26	55.845	-10.535924
40	85	2	4.003	26	55.845	33.556767
40	86	2	4.003	26	55.845	21.305222
40	87	2	4.003	26	55.845	355.650427
40	88	2	4.003	26	55.845	-1534.842469
40	89	2	4.003	26	55.845	9951.445413
40	90	2	4.003	26	55.845	-54873.661259
40	91	2	4.003	26	55.845	-168061.823415
40	92	2	4.003	26	55.845	312099.364309
40	93	2	4.003	26	55.845	279910.938734
40	94	2	4.003	26	55.845	640886.044661
40	95	2	4.003	26	55.845	1415848.278352
40	97	2	4.003	26	55.845	35638.833986
40	101	2	4.003	26	55.845	817784.139154
41	41	2	4.003	2	4.003	683145812.412236
41	42	2	4.003	2	4.003	-359860512.596367
41	43	2	4.003	2	4.003	340129225.026702
41	44	2	4.003	2	4.003	-133307453.025433
41	46	2	4.003	2	4.003	32671033.702737
41	47	2	4.003	2	4.003	1727521.849930
41	48	2	4.003	2	4.003	73028238.089815
41	49	2	4.003	2	4.003	45693686.278311
41	50	2	4.003	2	4.003	48105574.183734
41	51	2	4.003	2	4.003	68487663.977403
41	57	2	4.003	8	15.999	13.571578
41	58	2	4.003	8	15.999	-47.235196
41	59	2	4.003	8	15.999	736.560665
41	60	2	4.003	8	15.999	675.098504
41	61	2	4.003	8	15.999	1133.828194
41	62	2	4.003	8	15.999	1715.259568
41	63	2	4.003	8	15.999	2930.785253
41	64	2	4.003	8	15.999	5675.474070
41	65	2	4.003	8	15.999	29069.702394
41	66	2	4.003	8	15.999	-15580.210565
41	67	2	4.003	8	15.999	2928173.956442
41	68	2	4.003	8	15.999	-22069157.972619
41	69	2	4.003	8	15.999	17117168.700092
41	70	2	4.003	8	15.999	-11932573.478056
41	71	2	4.003	8	15.999	11637437.099069
41	72	2	4.003	8	15.999	-3749991.777432
41	73	2	4.003	8	15.999	4492934.605098
41	74	2	4.003	8	15.999	-1350.202433
41	75	2	4.003	8	15.999	-377258.800839
41	76	2	4.003	8	15.999	604529.546346
41	77	2	4.003	8	15.999	1066731.023844
41	78	2	4.003	8	15.999	1962985.332023
41	79	2	4.003	8	15.999	951553.613748
41	84	2	4.003	26	55.845	91.648368
41	85	2	4.003	26	55.845	12.618933
41	86	2	4.003	26	55.845	321.787624
41	87	2	4.003	26	55.845	302.848893
41	88	2	4.003	26	55.845	2214.240675
41	89	2	4.003	26	55.845	-2136.042617
41	90	2	4.003	26	55.845	61076.119399
41	91	2	4.003	26	55.845	595166.227754
41	92	2	4.003	26	55.845	-363601.734382
41	93	2	4.003	26	55.845	539335.706853
41	94	2	4.003	26	55.845	-126133.804392
41	95	2	4.003	26	55.845	666376.533961
41	97	2	4.003	26	55.845	12482.908499
41	101	2	4.003	26	55.845	280541.817131
42	42	2	4.003	2	4.003	1200416680.689589
42	43	2	4.003	2	4.003	-477408067.141163
42	44	2	4.003	2	4.003	333241815.266921
42	46	2	4.003	2	4.003	-49685127.755873
42	47	2	4.003	2	4.003	146144508.948238
42	48	2	4.003	2	4.003	160974042.923638
42	49	2	4.003	2	4.003	217135207.395257
42	50	2	4.003	2	4.003	129424618.644287
42	51	2	4.003	2	4.003	281117314.079463
42	57	2	4.003	8	15.999	-10.725886
42	58	2	4.003	8	15.999	-140.309323
42	59	2	4.003	8	15.999	371.231950
42	60	2	4.003	8	15.999	192.284795
42	61	2	4.003	8	15.999	742.475990
42	62	2	4.003	8	15.999	326.209100
42	63	2	4.003	8	15.999	2920.292379
42	64	2	4.003	8	15.999	-5447.476536
42	65	2	4.003	8	15.999	60709.831603
42	66	2	4.003	8	15.999	2154.662504
42	67	2	4.003	8	15.999	-1787199.280626
42	68	2	4.003	8	15.999	14375213.394465
42	69	2	4.003	8	15.999	-19708121.383991
42	70	2	4.003	8	15.999	31456463.277811
42	71	2	4.003	8	15.999	-2777387.671865
42	72	2	4.003	8	15.999	15609713.614824
42	73	2	4.003	8	15.999	9966651.109117
42	74	2	4.003	8	15.999	3370467.495450
42	75	2	4.003	8	15.999	-2790036.932564
42	76	2	4.003	8	15.999	5257397.431117
42	77	2	4.003	8	15.999	5008691.710897
42	78	2	4.003	8	15.999	8602246.250548
42	79	2	4.003	8	15.999	3174021.819826
42	84	2	4.003	26	55.845	177.620708
42	85	2	4.003	26	55.845	6.377977
42	86	2	4.003	26	55.845	595.599832
42	87	2	4.003	26	55.845	522.456908
42	88	2	4.003	26	55.845	3660.084073
42	89	2	4.003	26	55.845	-3618.530275
42	90	2	4.003	26	55.845	161336.343128
42	91	2	4.003	26	55.845	72475.011261
42	92	2	4.003	26	55.845	835090.203866
42	93	2	4.003	26	55.845	-352209.998695
42	94	2	4.003	26	55.845	1322795.933191
42	95	2	4.003	26	55.845	1471172.653116
42	97	2	4.003	26	55.845	47076.603669
42	101	2	4.003	26	55.845	1023108.787574
43	43	2	4.003	2	4.003	1483218201.101234
43	44	2	4.003	2	4.003	-556447388.850166
43	46	2	4.003	2	4.003	183245180.858828
43	47	2	4.003	2	4.003	-10038435.302795
43	48	2	4.003	2	4.003	210931320.496375
43	49	2	4.003	2	4.003	136987532.882613
43	50	2	4.003	2	4.003	137258342.817478
43	51	2	4.003	2	4.003	201956780.187438
43	57	2	4.003	8	15.999	-1.049242
43	58	2	4.003	8	15.999	-111.865571
43	59	2	4.003	8	15.999	749.143921
43	60	2	4.003	8	15.999	663.879464
43	61	2	4.003	8	15.999	1177.790859
43	62	2	4.003	8	15.999	1713.934933
43	63	2	4.003	8	15.999	3108.215318
43	64	2	4.003	8	15.999	5133.665119
43	65	2	4.003	8	15.999	34946.383072
43	66	2	4.003	8	15.999	147051.993384
43	67	2	4.003	8	15.999	-128520.172784
43	68	2	4.003	8	15.999	423641.506165
43	69	2	4.003	8	15.999	19472482.307707
43	70	2	4.003	8	15.999	-46335379.134038
43	71	2	4.003	8	15.999	33031278.392701
43	72	2	4.003	8	15.999	-20569665.844572
43	73	2	4.003	8	15.999	11266780.140901
43	74	2	4.003	8	15.999	1087785.644524
43	75	2	4.003	8	15.999	-1451877.893095
43	76	2	4.003	8	15.999	2764214.818844
43	77	2	4.003	8	15.999	3938298.381386
43	78	2	4.003	8	15.999	6922039.675030
43	79	2	4.003	8	15.999	2755721.126496
43	84	2	4.003	26	55.845	221.022895
43	85	2	4.003	26	55.845	18.090639
43	86	2	4.003	26	55.845	748.987616
43	87	2	4.003	26	55.845	672.649794
43	88	2	4.003	26	55.845	4982.646874
43	89	2	4.003	26	55.845	-6922.231160
43	90	2	4.003	26	55.845	234214.541820
43	91	2	4.003	26	55.845	470575.906388
43	92	2	4.003	26	55.845	-547451.407191
43	93	2	4.003	26	55.845	2791464.307878
43	94	2	4.003	26	55.845	-373283.292947
43	95	2	4.003	26	55.845	3066283.423213
43	97	2	4.003	26	55.845	29766.911731
43	101	2	4.003	26	55.845	800580.068825
44	44	2	4.003	2	4.003	1008171577.890904
44	46	2	4.003	2	4.003	-154769366.219336
44	47	2	4.003	2	4.003	97934023.533873
44	48	2	4.003	2	4.003	-23469256.241711
44	49	2	4.003	2	4.003	13528468.136662
44	50	2	4.003	2	4.003	-150971.096134
44	51	2	4.003	2	4.003	23209383.450065
44	57	2	4.003	8	15.999	-1.158828
44	58	2	4.003	8	15.999	-18.675003
44	59	2	4.003	8	15.999	45.065841
44	60	2	4.003	8	15.999	16.652552
44	61	2	4.003	8	15.999	96.808266
44	62	2	4.003	8	15.999	10.461559
44	63	2	4.003	8	15.999	426.419083
44	64	2	4.003	8	15.999	-1059.764607
44	65	2	4.003	8	15.999	9057.685470
44	66	2	4.003	8	15.999	-13449.266069
44	67	2	4.003	8	15.999	-231914.705176
44	68	2	4.003	8	15.999	3273391.587650
44	69	2	4.003	8	15.999	-8018185.001287
44	70	2	4.003	8	15.999	16918062.522610
44	71	2	4.003	8	15.999	-33492263.298417
44	72	2	4.003	8	15.999	5559801.898240
44	73	2	4.003	8	15.999	960526.032244
44	74	2	4.003	8	15.999	-590793.418533
44	75	2	4.003	8	15.999	483071.875315
44	76	2	4.003	8	15.999	86550.834733
44	77	2	4.003	8	15.999	531014.155433
44	78	2	4.003	8	15.999	83202.096082
44	79	2	4.003	8	15.999	231425.611217
44	84	2	4.003	26	55.845	54.791180
44	85	2	4.003	26	55.845	-6.860928
44	86	2	4.003	26	55.845	168.956059
44	87	2	4.003	26	55.845	71.868103
44	88	2	4.003	26	55.845	1401.601976
44	89	2	4.003	26	55.845	-3900.390275
44	90	2	4.003	26	55.845	74071.328832
44	91	2	4.003	26	55.845	3905.693599
44	92	2	4.003	26	55.845	489827.257913
44	93	2	4.003	26	55.845	-620166.898515
44	94	2	4.003	26	55.845	2782928.077608
44	95	2	4.003	26	55.845	-86105.987415
44	97	2	4.003	26	55.845	12271.830943
44	101	2	4.003	26	55.845	59041.606133
46	46	2	4.003	2	4.003	4469147032.877480
46	47	2	4.003	2	4.003	-1146262880.778553
46	48	2	4.003	2	4.003	-97188837.315097
46	49	2	4.003	2	4.003	793282454.264366
46	50	2	4.003	2	4.003	-429169846.679812
46	51	2	4.003	2	4.003	88138160.980064
46	57	2	4.003	8	15.999	3.352453
46	58	2	4.003	8	15.999	-8.986761
46	59	2	4.003	8	15.999	161.997280
46	60	2	4.003	8	15.999	150.793078
46	61	2	4.003	8	15.999	257.814888
46	62	2	4.003	8	15.999	390.902763
46	63	2	4.003	8	15.999	666.076713
46	64	2	4.003	8	15.999	1289.849100
46	65	2	4.003	8	15.999	6822.173756
46	66	2	4.003	8	15.999	28423.830233
46	67	2	4.003	8	15.999	23105.920690
46	68	2	4.003	8	15.999	1716121.605811
46	69	2	4.003	8	15.999	-81472.087701
46	70	2	4.003	8	15.999	-2331433.685403
46	71	2	4.003	8	15.999	-1005451.204601
46	72	2	4.003	8	15.999	19326613.111849
46	73	2	4.003	8	15.999	-91352563.194754
46	74	2	4.003	8	15.999	68777322.958975
46	75	2	4.003	8	15.999	-44490792.599270
46	76	2	4.003	8	15.999	33040540.270900
46	77	2	4.003	8	15.999	-7132400.890045
46	78	2	4.003	8	15.999	6285887.900219
46	79	2	4.003	8	15.999	818693.857333
46	84	2	4.003	26	55.845	48.721354
46	85	2	4.003	26	55.845	-9.305776
46	86	2	4.003	26	55.845	148.699666
46	87	2	4.003	26	55.845	31.665038
46	88	2	4.003	26	55.845	1403.606594
46	89	2	4.003	26	55.845	-4242.570989
46	90	2	4.003	26	55.845	71034.049079
46	91	2	4.003	26	55.845	-66534.131192
46	92	2	4.003	26	55.845	328498.455203
46	93	2	4.003	26	55.845	-187826.815865
46	94	2	4.003	26	55.845	1440125.175211
46	95	2	4.003	26	55.845	-1832916.978851
46	97	2	4.003	26	55.845	-242437.869115
46	101	2	4.003	26	55.845	27807.774101
47	47	2	4.003	2	4.003	6000511946.154333
47	48	2	4.003	2	4.003	-573893436.403107
47	49	2	4.003	2	4.003	-1311382897.187473
47	50	2	4.003	2	4.003	1205788066.112526
47	51	2	4.003	2	4.003	396923915.548233
47	57	2	4.003	8	15.999	-6.357593
47	58	2	4.003	8	15.999	-64.431210
47	59	2	4.003	8	15.999	221.187762
47	60	2	4.003	8	15.999	167.327200
47	61	2	4.003	8	15.999	363.400695
47	62	2	4.003	8	15.999	406.432855
47	63	2	4.003	8	15.999	1103.605005
47	64	2	4.003	8	15.999	219.842673
47	65	2	4.003	8	15.999	16717.541286
47	66	2	4.003	8	15.999	38298.352818
47	67	2	4.003	8	15.999	-326552.691961
47	68	2	4.003	8	15.999	1045272.617179
47	69	2	4.003	8	15.999	2280303.840876
47	70	2	4.003	8	15.999	235622.053894
47	71	2	4.003	8	15.999	1776738.865653
47	72	2	4.003	8	15.999	5338385.117052
47	73	2	4.003	8	15.999	-5007399.083639
47	74	2	4.003	8	15.999	-158300384.843990
47	75	2	4.003	8	15.999	100378205.743382
47	76	2	4.003	8	15.999	-78467094.434658
47	77	2	4.003	8	15.999	28647168.476430
47	78	2	4.003	8	15.999	-9182332.539114
47	79	2	4.003	8	15.999	3551831.025120
47	84	2	4.003	26	55.845	76.923165
47	85	2	4.003	26	55.845	19.542240
47	86	2	4.003	26	55.845	276.823764
47	87	2	4.003	26	55.845	361.249895
47	88	2	4.003	26	55.845	1330.222180
47	89	2	4.003	26	55.845	581.362821
47	90	2	4.003	26	55.845	63571.305527
47	91	2	4.003	26	55.845	311542.412481
47	92	2	4.003	26	55.845	-222594.042081
47	93	2	4.003	26	55.845	811701.756054
47	94	2	4.003	26	55.845	-855707.501351
47	95	2	4.003	26	55.845	3548956.863440
47	97	2	4.003	26	55.845	1729513.690849
47	101	2	4.003	26	55.845	1830205.286088
48	48	2	4.003	2	4.003	6262315357.326041
48	49	2	4.003	2	4.003	1298679361.171659
48	50	2	4.003	2	4.003	-1254190821.906689
48	51	2	4.003	2	4.003	156099074.283146
48	57	2	4.003	8	15.999	5.174408
48	58	2	4.003	8	15.999	-102.686594
48	59	2	4.003	8	15.999	729.520483
48	60	2	4.003	8	15.999	596.503481
48	61	2	4.003	8	15.999	1208.927487
48	62	2	4.003	8	15.999	1441.060338
48	63	2	4.003	8	15.999	3602.782839
48	64	2	4.003	8	15.999	1645.021194
48	65	2	4.003	8	15.999	50499.478851
48	66	2	4.003	8	15.999	50413.216559
48	67	2	4.003	8	15.999	88371.665727
48	68	2	4.003	8	15.999	5052951.212903
48	69	2	4.003	8	15.999	5151803.086687
48	70	2	4.003	8	15.999	1930659.657990
48	71	2	4.003	8	15.999	18791979.823018
48	72	2	4.003	8	15.999	-4193754.931755
48	73	2	4.003	8	15.999	65370611.112356
48	74	2	4.003	8	15.999	-84296766.999656
48	75	2	4.003	8	15.999	-128723024.160250
48	76	2	4.003	8	15.999	123101413.430371
48	77	2	4.003	8	15.999	-20375744.395910
48	78	2	4.003	8	15.999	52117404.174139
48	79	2	4.003	8	15.999	3671062.924622
48	84	2	4.003	26	55.845	212.341385
48	85	2	4.003	26	55.845	-8.728699
48	86	2	4.003	26	55.845	687.712469
48	87	2	4.003	26	55.845	432.772429
48	88	2	4.003	26	55.845	5197.983877
48	89	2	4.003	26	55.845	-10596.427786
48	90	2	4.003	26	55.845	246931.075019
48	91	2	4.003	26	55.845	50046.128640
48	92	2	4.003	26	55.845	528202.180739
48	93	2	4.003	26	55.845	-63229.727460
48	94	2	4.003	26	55.845	1539289.522141
48	95	2	4.003	26	55.845	1419556.231464
48	97	2	4.003	26	55.845	2074877.789114
48	101	2	4.003	26	55.845	53418.511560
49	49	2	4.003	2	4.003	5997423585.431388
49	50	2	4.003	2	4.003	681840816.538858
49	51	2	4.003	2	4.003	654355970.140835
49	57	2	4.003	8	15.999	0.486224
49	58	2	4.003	8	15.999	-116.907661
49	59	2	4.003	8	15.999	722.580874
49	60	2	4.003	8	15.999	594.027660
49	61	2	4.003	8	15.999	1174.491255
49	62	2	4.003	8	15.999	1455.148151
49	63	2	4.003	8	15.999	3405.690546
49	64	2	4.003	8	15.999	2278.046969
49	65	2	4.003	8	15.999	46282.542608
49	66	2	4.003	8	15.999	89224.727262
49	67	2	4.003	8	15.999	-232328.412883
49	68	2	4.003	8	15.999	5824140.711791
49	69	2	4.003	8	15.999	2889417.660395
49	70	2	4.003	8	15.999	5890070.303978
49	71	2	4.003	8	15.999	4281407.156522
49	72	2	4.003	8	15.999	36041357.442362
49	73	2	4.003	8	15.999	-33892538.618675
49	74	2	4.003	8	15.999	92517666.234369
49	75	2	4.003	8	15.999	-202996756.388505
49	76	2	4.003	8	15.999	7962942.585845
49	77	2	4.003	8	15.999	1921274.570218
49	78	2	4.003	8	15.999	-2522081.581451
49	79	2	4.003	8	15.999	-5039664.418424
49	84	2	4.003	26	55.845	201.057228
49	85	2	4.003	26	55.845	11.254734
49	86	2	4.003	26	55.845	674.971179
49	87	2	4.003	26	55.845	584.563170
49	88	2	4.003	26	55.845	4457.262722
49	89	2	4.003	26	55.845	-6307.716002
49	90	2	4.003	26	55.845	216270.121150
49	91	2	4.003	26	55.845	232620.035641
49	92	2	4.003	26	55.845	270523.634732
49	93	2	4.003	26	55.845	424640.087814
49	94	2	4.003	26	55.845	656955.845848
49	95	2	4.003	26	55.845	2656513.443711
49	97	2	4.003	26	55.845	1140926.536472
49	101	2	4.003	26	55.845	2846596.457461
50	50	2	4.003	2	4.003	20475033205.411888
50	51	2	4.003	2	4.003	-4884466083.953403
50	57	2	4.003	8	15.999	-22.115650
50	58	2	4.003	8	15.999	-78.528301
50	59	2	4.003	8	15.999	-121.526629
50	60	2	4.003	8	15.999	-144.464802
50	61	2	4.003	8	15.999	-147.860609
50	62	2	4.003	8	15.999	-352.519412
50	63	2	4.003	8	15.999	-205.182018
50	64	2	4.003	8	15.999	-2329.885965
50	65	2	4.003	8	15.999	6341.043440
50	66	2	4.003	8	15.999	62093.922444
50	67	2	4.003	8	15.999	-1932042.596639
50	68	2	4.003	8	15.999	1002408.835580
50	69	2	4.003	8	15.999	3842848.239277
50	70	2	4.003	8	15.999	-1286920.740472
50	71	2	4.003	8	15.999	11871752.717629
50	72	2	4.003	8	15.999	-7095603.231545
50	73	2	4.003	8	15.999	40285546.000758
50	74	2	4.003	8	15.999	-58652348.741260
50	75	2	4.003	8	15.999	192637843.009641
50	76	2	4.003	8	15.999	-881350693.907954
50	77	2	4.003	8	15.999	245361844.070628
50	78	2	4.003	8	15.999	66614539.874854
50	79	2	4.003	8	15.999	49272465.026593
50	84	2	4.003	26	55.845	171.359673
50	85	2	4.003	26	55.845	5.008045
50	86	2	4.003	26	55.845	560.390585
50	87	2	4.003	26	55.845	434.250019
50	88	2	4.003	26	55.845	3923.100887
50	89	2	4.003	26	55.845	-6685.698068
50	90	2	4.003	26	55.845	183633.412235
50	91	2	4.003	26	55.845	291280.078068
50	92	2	4.003	26	55.845	96789.173591
50	93	2	4.003	26	55.845	423835.283070
50	94	2	4.003	26	55.845	340089.442959
50	95	2	4.003	26	55.845	2641014.019726
50	97	2	4.003	26	55.845	-790338.452803
50	101	2	4.003	26	55.845	4822844.394408
51	51	2	4.003	2	4.003	31120823239.832508
51	57	2	4.003	8	15.999	16.768786
51	58	2	4.003	8	15.999	-152.895947
51	59	2	4.003	8	15.999	1361.898286
51	60	2	4.003	8	15.999	1146.645333
51	61	2	4.003	8	15.999	2206.362472
51	62	2	4.003	8	15.999	2803.937114
51	63	2	4.003	8	15.999	6330.208240
51	64	2	4.003	8	15.999	5089.960956
51	65	2	4.003	8	15.999	81504.737436
51	66	2	4.003	8	15.999	98981.902801
51	67	2	4.003	8	15.999	989579.860588
51	68	2	4.003	8	15.999	8597848.959715
51	69	2	4.003	8	15.999	5353874.763876
51	70	2	4.003	8	15.999	6637572.865851
51	71	2	4.003	8	15.999	13209330.982098
51	72	2	4.003	8	15.999	28096610.415823
51	73	2	4.003	8	15.999	1744558.420973
51	74	2	4.003	8	15.999	22167168.142718
51	75	2	4.003	8	15.999	-29612635.758264
51	76	2	4.003	8	15.999	197403775.086730
51	77	2	4.003	8	15.999	-1027658631.561370
51	78	2	4.003	8	15.999	-580607023.206505
51	79	2	4.003	8	15.999	-160201627.092021
51	84	2	4.003	26	55.845	257.684470
51	85	2	4.003	26	55.845	7.035815
51	86	2	4.003	26	55.845	863.987790
51	87	2	4.003	26	55.845	701.067825
51	88	2	4.003	26	55.845	5899.825944
51	89	2	4.003	26	55.845	-9357.329995
51	90	2	4.003	26	55.845	282893.737864
51	91	2	4.003	26	55.845	234794.957587
51	92	2	4.003	26	55.845	398027.817107
51	93	2	4.003	26	55.845	564191.527413
51	94	2	4.003	26	55.845	833564.153687
51	95	2	4.003	26	55.845	4112761.080415
51	97	2	4.003	26	55.845	115000.044402
51	101	2	4.003	26	55.845	3695295.750698
57	57	8	15.999	8	15.999	3.842665
57	58	8	15.999	8	15.999	0.487962
57	59	8	15.999	8	15.999	3.834582
57	60	8	15.999	8	15.999	1.926471
57	61	8	15.999	8	15.999	1.863628
57	62	8	15.999	8	15.999	0.638389
57	63	8	15.999	8	15.999	0.735375
57	64	8	15.999	8	15.999	0.143010
57	65	8	15.999	8	15.999	2.241854
57	66	8	15.999	8	15.999	3.369366
57	67	8	15.999	8	15.999	3.585283
57	68	8	15.999	8	15.999	1.604230
57	69	8	15.999	8	15.999	2.943294
57	70	8	15.999	8	15.999	3.496294
57	71	8	15.999	8	15.999	5.257755
57	72	8	15.999	8	15.999	3.036562
57	73	8	15.999	8	15.999	2.853782
57	74	8	15.999	8	15.999	0.577605
57	75	8	15.999	8	15.999	-0.063182
57	76	8	15.999	8	15.999	4.495176
57	77	8	15.999	8	15.999	4.933964
57	78	8	15.999	8	15.999	5.422955
57	79	8	15.999	8	15.999	0.189953
57	84	8	15.999	26	55.845	0.247789
57	85	8	15.999	26	55.845	0.145273
57	86	8	15.999	26	55.845	0.094229
57	87	8	15.999	26	55.845	-0.033945
57	88	8	15.999	26	55.845	0.051869
57	89	8	15.999	26	55.845	-0.136887
57	90	8	15.999	26	55.845	-0.049799
57	91	8	15.999	26	55.845	0.106643
57	92	8	15.999	26	55.845	0.023294
57	93	8	15.999	26	55.845	0.037076
57	94	8	15.999	26	55.845	0.091618
57	95	8	15.999	26	55.845	0.167481
57	97	8	15.999	26	55.845	0.004406
57	101	8	15.999	26	55.845	-0.055823
58	58	8	15.999	8	15.999	20.293127
58	59	8	15.999	8	15.999	6.747832
58	60	8	15.999	8	15.999	8.873695
58	61	8	15.999	8	15.999	3.550551
58	62	8	15.999	8	15.999	3.029376
58	63	8	15.999	8	15.999	-0.702058
58	64	8	15.999	8	15.999	1.363975
58	65	8	15.999	8	15.999	-4.565313
58	66	8	15.999	8	15.999	1.439431
58	67	8	15.999	8	15.999	-12.175301
58	68	8	15.999	8	15.999	-0.888629
58	69	8	15.999	8	15.999	-6.468110
58	70	8	15.999	8	15.999	-1.050921
58	71	8	15.999	8	15.999	-9.210823
58	72	8	15.999	8	15.999	-2.251256
58	73	8	15.999	8	15.999	-6.185231
58	74	8	15.999	8	15.999	-2.038781
58	75	8	15.999	8	15.999	1.425951
58	76	8	15.999	8	15.999	-3.245466
58	77	8	15.999	8	15.999	-3.742621
58	78	8	15.999	8	15.999	-6.683856
58	79	8	15.999	8	15.999	-1.382329
58	84	8	15.999	26	55.845	0.822325
58	85	8	15.999	26	55.845	0.480838
58	86	8	15.999	26	55.845	0.306934
58	87	8	15.999	26	55.845	-0.131477
58	88	8	15.999	26	55.845	0.149635
58	89	8	15.999	26	55.845	-0.410444
58	90	8	15.999	26	55.845	-0.105198
58	91	8	15.999	26	55.845	-0.516079
58	92	8	15.999	26	55.845	-0.226620
58	93	8	15.999	26	55.845	-0.438816
58	94	8	15.999	26	55.845	-0.244363
58	95	8	15.999	26	55.845	-0.605888
58	97	8	15.999	26	55.845	-0.015197
58	101	8	15.999	26	55.845	-0.479778
59	59	8	15.999	8	15.999	19.649418
59	60	8	15.999	8	15.999	8.727765
59	61	8	15.999	8	15.999	12.539375
59	62	8	15.999	8	15.999	7.137041
59	63	8	15.999	8	15.999	12.685537
59	64	8	15.999	8	15.999	18.604812
59	65	8	15.999	8	15.999	55.674516
59	66	8	15.999	8	15.999	171.246004
59	67	8	15.999	8	15.999	129.822934
59	68	8	15.999	8	15.999	84.672925
59	69	8	15.999	8	15.999	108.152520
59	70	8	15.999	8	15.999	101.030987
59	71	8	15.999	8	15.999	190.784388
59	72	8	15.999	8	15.999	94.523921
59	73	8	15.999	8	15.999	109.372391
59	74	8	15.999	8	15.999	29.132812
59	75	8	15.999	8	15.999	-10.690158
59	76	8	15.999	8	15.999	139.257934
59	77	8	15.999	8	15.999	153.189559
59	78	8	15.999	8	15.999	184.320174
59	79	8	15.999	8	15.999	12.968573
59	84	8	15.999	26	55.845	1.007715
59	85	8	15.999	26	55.845	0.596932
59	86	8	15.999	26	55.845	0.422426
59	87	8	15.999	26	55.845	-0.031090
59	88	8	15.999	26	55.845	0.423596
59	89	8	15.999	26	55.845	-0.663413
59	90	8	15.999	26	55.845	-2.446619
59	91	8	15.999	26	55.845	7.825396
59	92	8	15.999	26	55.845	0.812311
59	93	8	15.999	26	55.845	4.747421
59	94	8	15.999	26	55.845	2.909715
59	95	8	15.999	26	55.845	8.334267
59	97	8	15.999	26	55.845	0.191801
59	101	8	15.999	26	55.845	1.307738
60	60	8	15.999	8	15.999	12.920455
60	61	8	15.999	8	15.999	4.547409
60	62	8	15.999	8	15.999	10.565539
60	63	8	15.999	8	15.999	5.865893
60	64	8	15.999	8	15.999	27.065482
60	65	8	15.999	8	15.999	33.353706
60	66	8	15.999	8	15.999	190.512814
60	67	8	15.999	8	15.999	92.069171
60	68	8	15.999	8	15.999	85.960147
60	69	8	15.999	8	15.999	90.794517
60	70	8	15.999	8	15.999	88.808457
60	71	8	15.999	8	15.999	163.894981
60	72	8	15.999	8	15.999	82.413007
60	73	8	15.999	8	15.999	92.952456
60	74	8	15.999	8	15.999	25.508215
60	75	8	15.999	8	15.999	-9.081462
60	76	8	15.999	8	15.999	122.256668
60	77	8	15.999	8	15.999	133.624580
60	78	8	15.999	8	15.999	160.221533
60	79	8	15.999	8	15.999	11.139456
60	84	8	15.999	26	55.845	0.722050
60	85	8	15.999	26	55.845	0.425110
60	86	8	15.999	26	55.845	0.302093
60	87	8	15.999	26	55.845	-0.046094
60	88	8	15.999	26	55.845	0.366564
60	89	8	15.999	26	55.845	-0.247444
60	90	8	15.999	26	55.845	-3.302155
60	91	8	15.999	26	55.845	8.074656
60	92	8	15.999	26	55.845	-0.339167
60	93	8	15.999	26	55.845	4.538675
60	94	8	15.999	26	55.845	1.593275
60	95	8	15.999	26	55.845	7.098627
60	97	8	15.999	26	55.845	0.155660
60	101	8	15.999	26	55.845	0.791023
61	61	8	15.999	8	15.999	17.034789
61	62	8	15.999	8	15.999	3.727258
61	63	8	15.999	8	15.999	23.763612
61	64	8	15.999	8	15.999	18.126122
61	65	8	15.999	8	15.999	100.599378
61	66	8	15.999	8	15.999	219.196524
61	67	8	15.999	8	15.999	219.843574
61	68	8	15.999	8	15.999	97.002984
61	69	8	15.999	8	15.999	180.495549
61	70	8	15.999	8	15.999	151.647199
61	71	8	15.999	8	15.999	303.683249
61	72	8	15.999	8	15.999	144.950107
61	73	8	15.999	8	15.999	174.688780
61	74	8	15.999	8	15.999	44.948200
61	75	8	15.999	8	15.999	-17.135123
61	76	8	15.999	8	15.999	217.017042
61	77	8	15.999	8	15.999	237.363541
61	78	8	15.999	8	15.999	286.974632
61	79	8	15.999	8	15.999	22.476068
61	84	8	15.999	26	55.845	0.481155
61	85	8	15.999	26	55.845	0.283342
61	86	8	15.999	26	55.845	0.219003
61	87	8	15.999	26	55.845	-0.009220
61	88	8	15.999	26	55.845	0.424714
61	89	8	15.999	26	55.845	0.102381
61	90	8	15.999	26	55.845	-4.164882
61	91	8	15.999	26	55.845	13.589550
61	92	8	15.999	26	55.845	0.147134
61	93	8	15.999	26	55.845	7.180242
61	94	8	15.999	26	55.845	3.337610
61	95	8	15.999	26	55.845	12.579266
61	97	8	15.999	26	55.845	0.309241
61	101	8	15.999	26	55.845	1.835233
62	62	8	15.999	8	15.999	27.777510
62	63	8	15.999	8	15.999	3.163032
62	64	8	15.999	8	15.999	86.080860
62	65	8	15.999	8	15.999	49.448198
62	66	8	15.999	8	15.999	545.439254
62	67	8	15.999	8	15.999	184.139434
62	68	8	15.999	8	15.999	228.704378
62	69	8	15.999	8	15.999	216.517182
62	70	8	15.999	8	15.999	213.685538
62	71	8	15.999	8	15.999	395.142998
62	72	8	15.999	8	15.999	198.532086
62	73	8	15.999	8	15.999	222.568769
62	74	8	15.999	8	15.999	63.072656
62	75	8	15.999	8	15.999	-22.612455
62	76	8	15.999	8	15.999	296.758440
62	77	8	15.999	8	15.999	322.074032
62	78	8	15.999	8	15.999	387.425364
62	79	8	15.999	8	15.999	27.980156
62	84	8	15.999	26	55.845	0.217407
62	85	8	15.999	26	55.845	0.123152
62	86	8	15.999	26	55.845	0.129064
62	87	8	15.999	26	55.845	-0.006715
62	88	8	15.999	26	55.845	0.606878
62	89	8	15.999	26	55.845	0.846953
62	90	8	15.999	26	55.845	-10.984419
62	91	8	15.999	26	55.845	23.149663
62	92	8	15.999	26	55.845	-3.479177
62	93	8	15.999	26	55.845	12.150992
62	94	8	15.999	26	55.845	1.389255
62	95	8	15.999	26	55.845	16.899711
62	97	8	15.999	26	55.845	0.358790
62	101	8	15.999	26	55.845	1.434531
63	63	8	15.999	8	15.999	86.518146
63	64	8	15.999	8	15.999	-39.353075
63	65	8	15.999	8	15.999	397.467374
63	66	8	15.999	8	15.999	240.759249
63	67	8	15.999	8	15.999	761.369019
63	68	8	15.999	8	15.999	94.150365
63	69	8	15.999	8	15.999	548.708361
63	70	8	15.999	8	15.999	393.801790
63	71	8	15.999	8	15.999	861.076094
63	72	8	15.999	8	15.999	389.392457
63	73	8	15.999	8	15.999	499.250293
63	74	8	15.999	8	15.999	119.818842
63	75	8	15.999	8	15.999	-47.838160
63	76	8	15.999	8	15.999	592.013813
63	77	8	15.999	8	15.999	648.603397
63	78	8	15.999	8	15.999	787.578240
63	79	8	15.999	8	15.999	66.893036
63	84	8	15.999	26	55.845	0.069351
63	85	8	15.999	26	55.845	0.035859
63	86	8	15.999	26	55.845	0.112828
63	87	8	15.999	26	55.845	0.056806
63	88	8	15.999	26	55.845	0.995343
63	89	8	15.999	26	55.845	1.461663
63	90	8	15.999	26	55.845	-5.185124
63	91	8	15.999	26	55.845	34.528337
63	92	8	15.999	26	55.845	2.948460
63	93	8	15.999	26	55.845	16.893077
63	94	8	15.999	26	55.845	10.949134
63	95	8	15.999	26	55.845	33.998608
63	97	8	15.999	26	55.845	0.922174
63	101	8	15.999	26	55.845	5.785461
64	64	8	15.999	8	15.999	661.751099
64	65	8	15.999	8	15.999	-606.459705
64	66	8	15.999	8	15.999	3602.017292
64	67	8	15.999	8	15.999	-531.770856
64	68	8	15.999	8	15.999	1492.709466
64	69	8	15.999	8	15.999	266.394944
64	70	8	15.999	8	15.999	616.756287
64	71	8	15.999	8	15.999	823.167351
64	72	8	15.999	8	15.999	518.097856
64	73	8	15.999	8	15.999	417.512787
64	74	8	15.999	8	15.999	176.278306
64	75	8	15.999	8	15.999	-49.227955
64	76	8	15.999	8	15.999	760.364126
64	77	8	15.999	8	15.999	807.859746
64	78	8	15.999	8	15.999	950.584760
64	79	8	15.999	8	15.999	40.566961
64	84	8	15.999	26	55.845	-0.010114
64	85	8	15.999	26	55.845	-0.036888
64	86	8	15.999	26	55.845	0.151418
64	87	8	15.999	26	55.845	-0.054451
64	88	8	15.999	26	55.845	2.294792
64	89	8	15.999	26	55.845	4.331482
64	90	8	15.999	26	55.845	-72.849093
64	91	8	15.999	26	55.845	93.668238
64	92	8	15.999	26	55.845	-36.427527
64	93	8	15.999	26	55.845	51.230615
64	94	8	15.999	26	55.845	-19.583856
64	95	8	15.999	26	55.845	41.283586
64	97	8	15.999	26	55.845	0.336383
64	101	8	15.999	26	55.845	-4.988980
65	65	8	15.999	8	15.999	6139.527530
65	66	8	15.999	8	15.999	-4469.039209
65	67	8	15.999	8	15.999	11338.248355
65	68	8	15.999	8	15.999	-1498.703142
65	69	8	15.999	8	15.999	6785.690001
65	70	8	15.999	8	15.999	4220.789369
65	71	8	15.999	8	15.999	10082.215737
65	72	8	15.999	8	15.999	4292.106698
65	73	8	15.999	8	15.999	6159.525903
65	74	8	15.999	8	15.999	1292.741440
65	75	8	15.999	8	15.999	-602.095654
65	76	8	15.999	8	15.999	6431.979708
65	77	8	15.999	8	15.999	7104.976815
65	78	8	15.999	8	15.999	8781.049686
65	79	8	15.999	8	15.999	912.416812
65	84	8	15.999	26	55.845	-0.104636
65	85	8	15.999	26	55.845	0.037365
65	86	8	15.999	26	55.845	0.002288
65	87	8	15.999	26	55.845	0.545052
65	88	8	15.999	26	55.845	-0.566504
65	89	8	15.999	26	55.845	5.964167
65	90	8	15.999	26	55.845	89.243335
65	91	8	15.999	26	55.845	234.154124
65	92	8	15.999	26	55.845	132.454391
65	93	8	15.999	26	55.845	112.709141
65	94	8	15.999	26	55.845	205.438170
65	95	8	15.999	26	55.845	403.002426
65	97	8	15.999	26	55.845	12.890403
65	101	8	15.999	26	55.845	112.372030
66	66	8	15.999	8	15.999	110304.014920
66	67	8	15.999	8	15.999	-61781.577687
66	68	8	15.999	8	15.999	68540.342741
66	69	8	15.999	8	15.999	-21087.508177
66	70	8	15.999	8	15.999	10251.266994
66	71	8	15.999	8	15.999	-7731.696695
66	72	8	15.999	8	15.999	3947.898820
66	73	8	15.999	8	15.999	-422.686393
66	74	8	15.999	8	15.999	2262.404288
66	75	8	15.999	8	15.999	-1472.220096
66	76	8	15.999	8	15.999	9.487624
66	77	8	15.999	8	15.999	-957.792818
66	78	8	15.999	8	15.999	104.336878
66	79	8	15.999	8	15.999	1020.116231
66	84	8	15.999	26	55.845	-0.509362
66	85	8	15.999	26	55.845	-1.315807
66	86	8	15.999	26	55.845	-2.142364
66	87	8	15.999	26	55.845	-9.260505
66	88	8	15.999	26	55.845	6.545938
66	89	8	15.999	26	55.845	-98.580668
66	90	8	15.999	26	55.845	-1492.166314
66	91	8	15.999	26	55.845	560.618701
66	92	8	15.999	26	55.845	-584.266306
66	93	8	15.999	26	55.845	1062.550553
66	94	8	15.999	26	55.845	-385.164037
66	95	8	15.999	26	55.845	1277.288755
66	97	8	15.999	26	55.845	5.733891
66	101	8	15.999	26	55.845	445.887177
67	67	8	15.999	8	15.999	807303.221968
67	68	8	15.999	8	15.999	-890908.802978
67	69	8	15.999	8	15.999	659909.729935
67	70	8	15.999	8	15.999	10894.395580
67	71	8	15.999	8	15.999	596834.401319
67	72	8	15.999	8	15.999	141024.031192
67	73	8	15.999	8	15.999	209026.788630
67	74	8	15.999	8	15.999	44204.352768
67	75	8	15.999	8	15.999	1289.993160
67	76	8	15.999	8	15.999	348502.991817
67	77	8	15.999	8	15.999	385517.529257
67	78	8	15.999	8	15.999	434355.789277
67	79	8	15.999	8	15.999	7337.997409
67	84	8	15.999	26	55.845	-14.170688
67	85	8	15.999	26	55.845	5.547408
67	86	8	15.999	26	55.845	-37.103467
67	87	8	15.999	26	55.845	21.285292
67	88	8	15.999	26	55.845	-455.712130
67	89	8	15.999	26	55.845	1660.219686
67	90	8	15.999	26	55.845	-23530.090257
67	91	8	15.999	26	55.845	73652.313244
67	92	8	15.999	26	55.845	-26977.027279
67	93	8	15.999	26	55.845	16652.730448
67	94	8	15.999	26	55.845	-12052.709131
67	95	8	15.999	26	55.845	1862.223355
67	97	8	15.999	26	55.845	72.185367
67	101	8	15.999	26	55.845	-9352.756291
68	68	8	15.999	8	15.999	9880463.739526
68	69	8	15.999	8	15.999	-3651682.657915
68	70	8	15.999	8	15.999	2893351.722002
68	71	8	15.999	8	15.999	-1035204.102723
68	72	8	15.999	8	15.999	1323710.073402
68	73	8	15.999	8	15.999	426564.948607
68	74	8	15.999	8	15.999	172338.404948
68	75	8	15.999	8	15.999	-124036.514063
68	76	8	15.999	8	15.999	568820.128421
68	77	8	15.999	8	15.999	533073.947642
68	78	8	15.999	8	15.999	732843.253926
68	79	8	15.999	8	15.999	75710.563185
68	84	8	15.999	26	55.845	43.985426
68	85	8	15.999	26	55.845	-25.234731
68	86	8	15.999	26	55.845	106.181013
68	87	8	15.999	26	55.845	-128.448269
68	88	8	15.999	26	55.845	1528.008949
68	89	8	15.999	26	55.845	-6273.537662
68	90	8	15.999	26	55.845	102597.205341
68	91	8	15.999	26	55.845	-705571.515131
68	92	8	15.999	26	55.845	317524.539619
68	93	8	15.999	26	55.845	-190849.287886
68	94	8	15.999	26	55.845	151639.040958
68	95	8	15.999	26	55.845	-31483.184473
68	97	8	15.999	26	55.845	1656.076532
68	101	8	15.999	26	55.845	16334.900555
69	69	8	15.999	8	15.999	5008145.677747
69	70	8	15.999	8	15.999	-3456816.131056
69	71	8	15.999	8	15.999	3026051.199446
69	72	8	15.999	8	15.999	-1326625.385539
69	73	8	15.999	8	15.999	472696.290958
69	74	8	15.999	8	15.999	-31405.040112
69	75	8	15.999	8	15.999	35753.834388
69	76	8	15.999	8	15.999	64205.997578
69	77	8	15.999	8	15.999	193720.970578
69	78	8	15.999	8	15.999	217580.617716
69	79	8	15.999	8	15.999	96289.347785
69	84	8	15.999	26	55.845	-10.350605
69	85	8	15.999	26	55.845	12.030356
69	86	8	15.999	26	55.845	-15.229645
69	87	8	15.999	26	55.845	88.210649
69	88	8	15.999	26	55.845	-480.547773
69	89	8	15.999	26	55.845	2549.188830
69	90	8	15.999	26	55.845	-33462.527406
69	91	8	15.999	26	55.845	301385.336583
69	92	8	15.999	26	55.845	-352801.472978
69	93	8	15.999	26	55.845	282691.307867
69	94	8	15.999	26	55.845	-182856.834494
69	95	8	15.999	26	55.845	156367.872874
69	97	8	15.999	26	55.845	439.867059
69	101	8	15.999	26	55.845	19633.221895
70	70	8	15.999	8	15.999	6558650.864519
70	71	8	15.999	8	15.999	-3256944.061037
70	72	8	15.999	8	15.999	3903670.649732
70	73	8	15.999	8	15.999	134367.754991
70	74	8	15.999	8	15.999	236177.345999
70	75	8	15.999	8	15.999	-205464.843024
70	76	8	15.999	8	15.999	543585.213482
70	77	8	15.999	8	15.999	358581.045655
70	78	8	15.999	8	15.999	575682.152298
70	79	8	15.999	8	15.999	14683.966770
70	84	8	15.999	26	55.845	7.790746
70	85	8	15.999	26	55.845	-6.572216
70	86	8	15.999	26	55.845	16.714321
70	87	8	15.999	26	55.845	-39.043240
70	88	8	15.999	26	55.845	300.768984
70	89	8	15.999	26	55.845	-1331.563795
70	90	8	15.999	26	55.845	21567.459758
70	91	8	15.999	26	55.845	-207390.971359
70	92	8	15.999	26	55.845	290629.659224
70	93	8	15.999	26	55.845	-429841.130608
70	94	8	15.999	26	55.845	257796.611204
70	95	8	15.999	26	55.845	-259736.115052
70	97	8	15.999	26	55.845	1886.599118
70	101	8	15.999	26	55.845	10882.902503
71	71	8	15.999	8	15.999	9469396.798231
71	72	8	15.999	8	15.999	-4529029.759501
71	73	8	15.999	8	15.999	1866738.989885
71	74	8	15.999	8	15.999	-339598.707591
71	75	8	15.999	8	15.999	231396.217243
71	76	8	15.999	8	15.999	140288.689878
71	77	8	15.999	8	15.999	658321.846197
71	78	8	15.999	8	15.999	688922.389628
71	79	8	15.999	8	15.999	284993.587743
71	84	8	15.999	26	55.845	1.013926
71	85	8	15.999	26	55.845	6.384800
71	86	8	15.999	26	55.845	14.186037
71	87	8	15.999	26	55.845	65.039176
71	88	8	15.999	26	55.845	-110.660382
71	89	8	15.999	26	55.845	1190.290825
71	90	8	15.999	26	55.845	-9176.315411
71	91	8	15.999	26	55.845	124175.499241
71	92	8	15.999	26	55.845	-179230.540017
71	93	8	15.999	26	55.845	290427.082787
71	94	8	15.999	26	55.845	-525165.208335
71	95	8	15.999	26	55.845	433068.073707
71	97	8	15.999	26	55.845	1622.036045
71	101	8	15.999	26	55.845	47241.570261
72	72	8	15.999	8	15.999	16899766.540667
72	73	8	15.999	8	15.999	-1873717.089002
72	74	8	15.999	8	15.999	1815929.296793
72	75	8	15.999	8	15.999	-1388101.652228
72	76	8	15.999	8	15.999	1785173.150988
72	77	8	15.999	8	15.999	334477.460963
72	78	8	15.999	8	15.999	1307139.147974
72	79	8	15.999	8	15.999	-33456.082349
72	84	8	15.999	26	55.845	1.080630
72	85	8	15.999	26	55.845	-1.749116
72	86	8	15.999	26	55.845	1.822079
72	87	8	15.999	26	55.845	-10.678125
72	88	8	15.999	26	55.845	47.159341
72	89	8	15.999	26	55.845	-200.155006
72	90	8	15.999	26	55.845	5273.295427
72	91	8	15.999	26	55.845	-89179.418570
72	92	8	15.999	26	55.845	122660.348202
72	93	8	15.999	26	55.845	-266422.827056
72	94	8	15.999	26	55.845	324493.306236
72	95	8	15.999	26	55.845	-1044667.948308
72	97	8	15.999	26	55.845	5709.866876
72	101	8	15.999	26	55.845	75002.523981
73	73	8	15.999	8	15.999	7625013.536419
73	74	8	15.999	8	15.999	-3855857.079653
73	75	8	15.999	8	15.999	2003663.899401
73	76	8	15.999	8	15.999	-1662385.818670
73	77	8	15.999	8	15.999	922578.784474
73	78	8	15.999	8	15.999	330615.663813
73	79	8	15.999	8	15.999	521253.364298
73	84	8	15.999	26	55.845	11.136315
73	85	8	15.999	26	55.845	-0.471623
73	86	8	15.999	26	55.845	36.670902
73	87	8	15.999	26	55.845	23.963879
73	88	8	15.999	26	55.845	271.896793
73	89	8	15.999	26	55.845	-514.114967
73	90	8	15.999	26	55.845	13027.403713
73	91	8	15.999	26	55.845	-9351.282572
73	92	8	15.999	26	55.845	40919.217445
73	93	8	15.999	26	55.845	-18354.001493
73	94	8	15.999	26	55.845	104141.776271
73	95	8	15.999	26	55.845	88619.923638
73	97	8	15.999	26	55.845	16143.058849
73	101	8	15.999	26	55.845	43865.901921
74	74	8	15.999	8	15.999	10336497.596974
74	75	8	15.999	8	15.999	-4143747.196004
74	76	8	15.999	8	15.999	4093872.689593
74	77	8	15.999	8	15.999	-854013.991410
74	78	8	15.999	8	15.999	642159.849351
74	79	8	15.999	8	15.999	-190387.773369
74	84	8	15.999	26	55.845	1.636430
74	85	8	15.999	26	55.845	0.775988
74	86	8	15.999	26	55.845	6.574685
74	87	8	15.999	26	55.845	11.505833
74	88	8	15.999	26	55.845	19.891080
74	89	8	15.999	26	55.845	84.415645
74	90	8	15.999	26	55.845	1384.873614
74	91	8	15.999	26	55.845	5308.774261
74	92	8	15.999	26	55.845	-1787.561017
74	93	8	15.999	26	55.845	18723.006557
74	94	8	15.999	26	55.845	-13688.342087
74	95	8	15.999	26	55.845	67455.267120
74	97	8	15.999	26	55.845	-114830.174598
74	101	8	15.999	26	55.845	22462.977404
75	75	8	15.999	8	15.999	12357230.629099
75	76	8	15.999	8	15.999	-11578754.864791
75	77	8	15.999	8	15.999	2991470.519283
75	78	8	15.999	8	15.999	-1275768.265475
75	79	8	15.999	8	15.999	424099.403736
75	84	8	15.999	26	55.845	-2.322334
75	85	8	15.999	26	55.845	-0.060712
75	86	8	15.999	26	55.845	-7.755429
75	87	8	15.999	26	55.845	-6.269626
75	88	8	15.999	26	55.845	-52.848132
75	89	8	15.999	26	55.845	84.018146
75	90	8	15.999	26	55.845	-2688.306470
75	91	8	15.999	26	55.845	-4.465056
75	92	8	15.999	26	55.845	-7365.948249
75	93	8	15.999	26	55.845	2247.459216
75	94	8	15.999	26	55.845	-20710.367233
75	95	8	15.999	26	55.845	9351.884295
75	97	8	15.999	26	55.845	-83786.694987
75	101	8	15.999	26	55.845	47910.138134
76	76	8	15.999	8	15.999	42752603.130423
76	77	8	15.999	8	15.999	-10428028.552693
76	78	8	15.999	8	15.999	2043415.219668
76	79	8	15.999	8	15.999	-1767785.798086
76	84	8	15.999	26	55.845	0.717621
76	85	8	15.999	26	55.845	0.558456
76	86	8	15.999	26	55.845	4.519738
76	87	8	15.999	26	55.845	10.300075
76	88	8	15.999	26	55.845	1.393617
76	89	8	15.999	26	55.845	149.926904
76	90	8	15.999	26	55.845	1048.926955
76	91	8	15.999	26	55.845	-17302.938916
76	92	8	15.999	26	55.845	21843.437312
76	93	8	15.999	26	55.845	-5209.238975
76	94	8	15.999	26	55.845	31139.868074
76	95	8	15.999	26	55.845	27201.780082
76	97	8	15.999	26	55.845	52099.008094
76	101	8	15.999	26	55.845	-181019.222712
77	77	8	15.999	8	15.999	44552086.810950
77	78	8	15.999	8	15.999	18031832.385434
77	79	8	15.999	8	15.999	6716309.636693
77	84	8	15.999	26	55.845	1.309516
77	85	8	15.999	26	55.845	1.400928
77	86	8	15.999	26	55.845	7.243567
77	87	8	15.999	26	55.845	18.661384
77	88	8	15.999	26	55.845	-5.908415
77	89	8	15.999	26	55.845	298.661783
77	90	8	15.999	26	55.845	1016.882457
77	91	8	15.999	26	55.845	-14642.153470
77	92	8	15.999	26	55.845	18327.995156
77	93	8	15.999	26	55.845	4603.162363
77	94	8	15.999	26	55.845	19746.764413
77	95	8	15.999	26	55.845	81734.566678
77	97	8	15.999	26	55.845	-10639.507693
77	101	8	15.999	26	55.845	225848.544741
78	78	8	15.999	8	15.999	31188170.013629
78	79	8	15.999	8	15.999	7488020.083235
78	84	8	15.999	26	55.845	4.117118
78	85	8	15.999	26	55.845	1.307787
78	86	8	15.999	26	55.845	16.716812
78	87	8	15.999	26	55.845	25.706756
78	88	8	15.999	26	55.845	60.324926
78	89	8	15.999	26	55.845	174.302571
78	90	8	15.999	26	55.845	4590.854673
78	91	8	15.999	26	55.845	-16439.724306
78	92	8	15.999	26	55.845	28573.921855
78	93	8	15.999	26	55.845	4668.534094
78	94	8	15.999	26	55.845	41353.036733
78	95	8	15.999	26	55.845	108315.782869
78	97	8	15.999	26	55.845	11034.128342
78	101	8	15.999	26	55.845	-1414835.873293
79	79	8	15.999	8	15.999	10122281.183173
79	84	8	15.999	26	55.845	3.009799
79	85	8	15.999	26	55.845	-0.498595
79	86	8	15.999	26	55.845	9.571746
79	87	8	15.999	26	55.845	3.317121
79	88	8	15.999	26	55.845	84.718466
79	89	8	15.999	26	55.845	-234.555995
79	90	8	15.999	26	55.845	3577.777435
79	91	8	15.999	26	55.845	3909.870090
79	92	8	15.999	26	55.845	3750.710191
79	93	8	15.999	26	55.845	8334.314183
79	94	8	15.999	26	55.845	9188.026253
79	95	8	15.999	26	55.845	55410.766195
79	97	8	15.999	26	55.845	44.299657
79	101	8	15.999	26	55.845	-1479989.519990
84	84	26	55.845	26	55.845	0.524918
84	85	26	55.845	26	55.845	-0.275347
84	86	26	55.845	26	55.845	0.425676
84	87	26	55.845	26	55.845	-0.120188
84	88	26	55.845	26	55.845	0.988021
84	89	26	55.845	26	55.845	-0.779855
84	90	26	55.845	26	55.845	4.951853
84	91	26	55.845	26	55.845	-3.462014
84	92	26	55.845	26	55.845	3.424572
84	93	26	55.845	26	55.845	-0.068107
84	94	26	55.845	26	55.845	2.506607
84	95	26	55.845	26	55.845	2.632618
84	97	26	55.845	26	55.845	0.052054
84	101	26	55.845	26	55.845	1.371378
85	85	26	55.845	26	55.845	0.422698
85	86	26	55.845	26	55.845	-0.165688
85	87	26	55.845	26	55.845	0.680348
85	88	26	55.845	26	55.845	-0.666059
85	89	26	55.845	26	55.845	1.826454
85	90	26	55.845	26	55.845	-1.245489
85	91	26	55.845	26	55.845	3.507524
85	92	26	55.845	26	55.845	-1.438655
85	93	26	55.845	26	55.845	1.530610
85	94	26	55.845	26	55.845	-0.303884
85	95	26	55.845	26	55.845	0.970927
85	97	26	55.845	26	55.845	-0.001895
85	101	26	55.845	26	55.845	0.254888
86	86	26	55.845	26	55.845	0.971674
86	87	26	55.845	26	55.845	0.499746
86	88	26	55.845	26	55.845	2.250509
86	89	26	55.845	26	55.845	0.088981
86	90	26	55.845	26	55.845	13.952688
86	91	26	55.845	26	55.845	-6.085979
86	92	26	55.845	26	55.845	8.780268
86	93	26	55.845	26	55.845	1.818176
86	94	26	55.845	26	55.845	7.294392
86	95	26	55.845	26	55.845	9.646822
86	97	26	55.845	26	55.845	0.166376
86	101	26	55.845	26	55.845	4.658244
87	87	26	55.845	26	55.845	4.686379
87	88	26	55.845	26	55.845	-3.533686
87	89	26	55.845	26	55.845	14.648443
87	90	26	55.845	26	55.845	-0.913188
87	91	26	55.845	26	55.845	24.138266
87	92	26	55.845	26	55.845	-5.945682
87	93	26	55.845	26	55.845	13.218155
87	94	26	55.845	26	55.845	1.825009
87	95	26	55.845	26	55.845	13.621169
87	97	26	55.845	26	55.845	0.096973
87	101	26	55.845	26	55.845	5.043517
88	88	26	55.845	26	55.845	28.761496
88	89	26	55.845	26	55.845	-49.390403
88	90	26	55.845	26	55.845	142.595196
88	91	26	55.845	26	55.845	-148.852014
88	92	26	55.845	26	55.845	109.052819
88	93	26	55.845	26	55.845	-30.632954
88	94	26	55.845	26	55.845	64.836547
88	95	26	55.845	26	55.845	46.347777
88	97	26	55.845	26	55.845	1.294082
88	101	26	55.845	26	55.845	26.946996
89	89	26	55.845	26	55.845	275.579176
89	90	26	55.845	26	55.845	-439.077465
89	91	26	55.845	26	55.845	732.584317
89	92	26	55.845	26	55.845	-394.272395
89	93	26	55.845	26	55.845	259.597294
89	94	26	55.845	26	55.845	-148.116617
89	95	26	55.845	26	55.845	45.934433
89	97	26	55.845	26	55.845	-2.475603
89	101	26	55.845	26	55.845	-10.435271
90	90	26	55.845	26	55.845	6866.956010
90	91	26	55.845	26	55.845	-9540.394557
90	92	26	55.845	26	55.845	6457.180692
90	93	26	55.845	26	55.845	-2385.802355
90	94	26	55.845	26	55.845	3491.474239
90	95	26	55.845	26	55.845	1342.303423
90	97	26	55.845	26	55.845	56.698318
90	101	26	55.845	26	55.845	1226.794928
91	91	26	55.845	26	55.845	78884.725200
91	92	26	55.845	26	55.845	-36614.981628
91	93	26	55.845	26	55.845	29584.527038
91	94	26	55.845	26	55.845	-17548.051200
91	95	26	55.845	26	55.845	14970.362593
91	97	26	55.845	26	55.845	-61.574651
91	101	26	55.845	26	55.845	1718.875976
92	92	26	55.845	26	55.845	50150.759761
92	93	26	55.845	26	55.845	-38639.427240
92	94	26	55.845	26	55.845	31110.041874
92	95	26	55.845	26	55.845	-15396.480029
92	97	26	55.845	26	55.845	205.441196
92	101	26	55.845	26	55.845	1063.208736
93	93	26	55.845	26	55.845	59790.582851
93	94	26	55.845	26	55.845	-41020.418218
93	95	26	55.845	26	55.845	43685.346099
93	97	26	55.845	26	55.845	-183.909894
93	101	26	55.845	26	55.845	2543.551978
94	94	26	55.845	26	55.845	90934.707169
94	95	26	55.845	26	55.845	-49866.430477
94	97	26	55.845	26	55.845	607.408057
94	101	26	55.845	26	55.845	3042.130669
95	95	26	55.845	26	55.845	180940.004647
95	97	26	55.845	26	55.845	-470.553704
95	101	26	55.845	26	55.845	15961.712546
97	97	26	55.845	26	55.845	4167.543131
97	101	26	55.845	26	55.845	-151.542158
101	101	26	55.845	26	55.845	423506.311336
