#i	j	Z1	A1	Z2	A2	cov [1/(GV.m2.sr.s)^2]
#(zeros and redundant entries (covariance is symmetric) are omitted)
1	1	1	1.008	1	1.008	1084078.230135
1	2	1	1.008	1	1.008	635434.110540
1	3	1	1.008	1	1.008	594657.633323
1	4	1	1.008	1	1.008	412826.630332
1	5	1	1.008	1	1.008	249786.519540
1	6	1	1.008	1	1.008	91853.424952
1	7	1	1.008	1	1.008	45719.462471
1	8	1	1.008	1	1.008	21753.983766
1	9	1	1.008	1	1.008	170277.745288
1	10	1	1.008	1	1.008	-6709.408731
1	11	1	1.008	1	1.008	283543.948551
1	12	1	1.008	1	1.008	119465.806696
1	13	1	1.008	1	1.008	113339.633020
1	14	1	1.008	1	1.008	130998.120782
1	15	1	1.008	1	1.008	195409.694642
1	16	1	1.008	1	1.008	268463.747534
1	17	1	1.008	1	1.008	69961.119549
1	18	1	1.008	1	1.008	146797.855434
1	19	1	1.008	1	1.008	-32281.526282
1	20	1	1.008	1	1.008	164444.852653
1	21	1	1.008	1	1.008	66882.141712
1	22	1	1.008	1	1.008	118635.317165
1	23	1	1.008	1	1.008	20291.887172
1	25	1	1.008	1	1.008	-10226.783384
1	30	1	1.008	2	4.003	107210.667631
1	31	1	1.008	2	4.003	105398.074694
1	32	1	1.008	2	4.003	67566.139143
1	33	1	1.008	2	4.003	42627.592683
1	34	1	1.008	2	4.003	17064.358258
1	35	1	1.008	2	4.003	4765.325614
1	36	1	1.008	2	4.003	-1516.202450
1	37	1	1.008	2	4.003	3523.974899
1	38	1	1.008	2	4.003	2251.031206
1	39	1	1.008	2	4.003	29336.263373
1	40	1	1.008	2	4.003	38984.279022
1	41	1	1.008	2	4.003	15217.671444
1	42	1	1.008	2	4.003	30355.439642
1	43	1	1.008	2	4.003	28772.903645
1	44	1	1.008	2	4.003	-7634.183350
1	46	1	1.008	2	4.003	-10285.268615
1	47	1	1.008	2	4.003	34857.489920
1	48	1	1.008	2	4.003	5008.173329
1	49	1	1.008	2	4.003	29305.335839
1	50	1	1.008	2	4.003	36007.693425
1	51	1	1.008	2	4.003	13011.437036
1	57	1	1.008	8	15.999	371.456619
1	58	1	1.008	8	15.999	1650.267009
1	59	1	1.008	8	15.999	2534.501280
1	60	1	1.008	8	15.999	1803.912644
1	61	1	1.008	8	15.999	1287.625446
1	62	1	1.008	8	15.999	531.547524
1	63	1	1.008	8	15.999	171.391635
1	64	1	1.008	8	15.999	-185.487268
1	65	1	1.008	8	15.999	60.548060
1	66	1	1.008	8	15.999	-1606.310887
1	67	1	1.008	8	15.999	-2839.874445
1	68	1	1.008	8	15.999	-170.782924
1	69	1	1.008	8	15.999	291.924041
1	70	1	1.008	8	15.999	-586.129126
1	71	1	1.008	8	15.999	205.482727
1	72	1	1.008	8	15.999	755.211512
1	73	1	1.008	8	15.999	-532.550365
1	74	1	1.008	8	15.999	525.236613
1	75	1	1.008	8	15.999	-144.411423
1	76	1	1.008	8	15.999	-1788.945772
1	77	1	1.008	8	15.999	-47.656165
1	78	1	1.008	8	15.999	-144.962237
1	79	1	1.008	8	15.999	-1149.811455
1	84	1	1.008	26	55.845	201.728046
1	85	1	1.008	26	55.845	134.928267
1	86	1	1.008	26	55.845	99.465616
1	87	1	1.008	26	55.845	20.062020
1	88	1	1.008	26	55.845	77.471277
1	89	1	1.008	26	55.845	42.314022
1	90	1	1.008	26	55.845	722.232889
1	91	1	1.008	26	55.845	50.606081
1	92	1	1.008	26	55.845	585.624617
1	93	1	1.008	26	55.845	749.194611
1	94	1	1.008	26	55.845	1374.418696
1	95	1	1.008	26	55.845	1180.698140
1	97	1	1.008	26	55.845	7.274417
1	101	1	1.008	26	55.845	744.954523
2	2	1	1.008	1	1.008	753765.274834
2	3	1	1.008	1	1.008	484487.142330
2	4	1	1.008	1	1.008	424940.852043
2	5	1	1.008	1	1.008	210982.327343
2	6	1	1.008	1	1.008	106156.410592
2	7	1	1.008	1	1.008	30102.165568
2	8	1	1.008	1	1.008	62083.589198
2	9	1	1.008	1	1.008	150053.411165
2	10	1	1.008	1	1.008	54945.141780
2	11	1	1.008	1	1.008	287432.940134
2	12	1	1.008	1	1.008	225147.329639
2	13	1	1.008	1	1.008	115253.473056
2	14	1	1.008	1	1.008	208964.611232
2	15	1	1.008	1	1.008	253976.715686
2	16	1	1.008	1	1.008	359859.440816
2	17	1	1.008	1	1.008	88460.288228
2	18	1	1.008	1	1.008	174068.956435
2	19	1	1.008	1	1.008	2523.148675
2	20	1	1.008	1	1.008	215112.450140
2	21	1	1.008	1	1.008	121244.932685
2	22	1	1.008	1	1.008	160113.155528
2	23	1	1.008	1	1.008	35141.836054
2	25	1	1.008	1	1.008	3038.638481
2	30	1	1.008	2	4.003	95334.401338
2	31	1	1.008	2	4.003	97459.404067
2	32	1	1.008	2	4.003	62100.308797
2	33	1	1.008	2	4.003	39439.239121
2	34	1	1.008	2	4.003	15526.263055
2	35	1	1.008	2	4.003	4032.975117
2	36	1	1.008	2	4.003	-2763.347484
2	37	1	1.008	2	4.003	-198.334336
2	38	1	1.008	2	4.003	2234.548780
2	39	1	1.008	2	4.003	14382.688065
2	40	1	1.008	2	4.003	61158.032373
2	41	1	1.008	2	4.003	15126.177050
2	42	1	1.008	2	4.003	56122.926494
2	43	1	1.008	2	4.003	38570.444485
2	44	1	1.008	2	4.003	-3502.713989
2	46	1	1.008	2	4.003	-6839.980819
2	47	1	1.008	2	4.003	42772.695889
2	48	1	1.008	2	4.003	20906.316145
2	49	1	1.008	2	4.003	44378.263255
2	50	1	1.008	2	4.003	44763.127799
2	51	1	1.008	2	4.003	36334.161342
2	57	1	1.008	8	15.999	343.189356
2	58	1	1.008	8	15.999	1523.107087
2	59	1	1.008	8	15.999	2365.035485
2	60	1	1.008	8	15.999	1678.538143
2	61	1	1.008	8	15.999	1201.188452
2	62	1	1.008	8	15.999	494.009413
2	63	1	1.008	8	15.999	161.984798
2	64	1	1.008	8	15.999	-170.409689
2	65	1	1.008	8	15.999	68.887822
2	66	1	1.008	8	15.999	-1400.042761
2	67	1	1.008	8	15.999	-2964.115313
2	68	1	1.008	8	15.999	571.505599
2	69	1	1.008	8	15.999	896.199776
2	70	1	1.008	8	15.999	183.575509
2	71	1	1.008	8	15.999	1638.774941
2	72	1	1.008	8	15.999	1279.747781
2	73	1	1.008	8	15.999	601.091373
2	74	1	1.008	8	15.999	731.405343
2	75	1	1.008	8	15.999	-318.617693
2	76	1	1.008	8	15.999	-1016.602719
2	77	1	1.008	8	15.999	710.170503
2	78	1	1.008	8	15.999	937.351880
2	79	1	1.008	8	15.999	-804.774084
2	84	1	1.008	26	55.845	187.976454
2	85	1	1.008	26	55.845	125.736296
2	86	1	1.008	26	55.845	92.957765
2	87	1	1.008	26	55.845	19.089698
2	88	1	1.008	26	55.845	74.710195
2	89	1	1.008	26	55.845	44.141143
2	90	1	1.008	26	55.845	721.580709
2	91	1	1.008	26	55.845	71.805091
2	92	1	1.008	26	55.845	559.755940
2	93	1	1.008	26	55.845	747.184841
2	94	1	1.008	26	55.845	1351.692596
2	95	1	1.008	26	55.845	1269.383303
2	97	1	1.008	26	55.845	11.099087
2	101	1	1.008	26	55.845	781.264180
3	3	1	1.008	1	1.008	402024.476380
3	4	1	1.008	1	1.008	290393.268515
3	5	1	1.008	1	1.008	174119.822071
3	6	1	1.008	1	1.008	70336.915801
3	7	1	1.008	1	1.008	40608.602765
3	8	1	1.008	1	1.008	33730.079700
3	9	1	1.008	1	1.008	185530.603315
3	10	1	1.008	1	1.008	17281.930097
3	11	1	1.008	1	1.008	328764.209423
3	12	1	1.008	1	1.008	204884.810115
3	13	1	1.008	1	1.008	138545.943156
3	14	1	1.008	1	1.008	203952.710742
3	15	1	1.008	1	1.008	317299.083621
3	16	1	1.008	1	1.008	394892.371833
3	17	1	1.008	1	1.008	92515.724240
3	18	1	1.008	1	1.008	184670.153587
3	19	1	1.008	1	1.008	43262.460900
3	20	1	1.008	1	1.008	245425.561788
3	21	1	1.008	1	1.008	170457.443139
3	22	1	1.008	1	1.008	187079.397621
3	23	1	1.008	1	1.008	47663.776496
3	25	1	1.008	1	1.008	20407.372917
3	30	1	1.008	2	4.003	71338.339319
3	31	1	1.008	2	4.003	72033.362375
3	32	1	1.008	2	4.003	45984.529087
3	33	1	1.008	2	4.003	29179.013147
3	34	1	1.008	2	4.003	11559.444597
3	35	1	1.008	2	4.003	3151.799221
3	36	1	1.008	2	4.003	-1646.770804
3	37	1	1.008	2	4.003	1635.576883
3	38	1	1.008	2	4.003	3526.978480
3	39	1	1.008	2	4.003	15614.725662
3	40	1	1.008	2	4.003	67723.763140
3	41	1	1.008	2	4.003	19858.457224
3	42	1	1.008	2	4.003	71534.698185
3	43	1	1.008	2	4.003	50340.325278
3	44	1	1.008	2	4.003	140.965611
3	46	1	1.008	2	4.003	-893.336143
3	47	1	1.008	2	4.003	45414.639240
3	48	1	1.008	2	4.003	37427.128214
3	49	1	1.008	2	4.003	55756.561710
3	50	1	1.008	2	4.003	49988.689245
3	51	1	1.008	2	4.003	58488.196040
3	57	1	1.008	8	15.999	253.575585
3	58	1	1.008	8	15.999	1125.775889
3	59	1	1.008	8	15.999	1742.765764
3	60	1	1.008	8	15.999	1238.345528
3	61	1	1.008	8	15.999	886.160907
3	62	1	1.008	8	15.999	366.963304
3	63	1	1.008	8	15.999	122.092787
3	64	1	1.008	8	15.999	-113.094739
3	65	1	1.008	8	15.999	53.626513
3	66	1	1.008	8	15.999	-987.663937
3	67	1	1.008	8	15.999	-2281.252872
3	68	1	1.008	8	15.999	1399.878086
3	69	1	1.008	8	15.999	1282.955694
3	70	1	1.008	8	15.999	747.152680
3	71	1	1.008	8	15.999	2707.704271
3	72	1	1.008	8	15.999	1462.908975
3	73	1	1.008	8	15.999	1746.624967
3	74	1	1.008	8	15.999	801.389162
3	75	1	1.008	8	15.999	-478.469074
3	76	1	1.008	8	15.999	-234.671566
3	77	1	1.008	8	15.999	1125.886498
3	78	1	1.008	8	15.999	1694.448059
3	79	1	1.008	8	15.999	-219.198764
3	84	1	1.008	26	55.845	138.618936
3	85	1	1.008	26	55.845	92.682809
3	86	1	1.008	26	55.845	68.880755
3	87	1	1.008	26	55.845	14.394165
3	88	1	1.008	26	55.845	58.160461
3	89	1	1.008	26	55.845	33.017305
3	90	1	1.008	26	55.845	589.296074
3	91	1	1.008	26	55.845	63.405195
3	92	1	1.008	26	55.845	441.964074
3	93	1	1.008	26	55.845	615.747507
3	94	1	1.008	26	55.845	1077.986991
3	95	1	1.008	26	55.845	1162.657942
3	97	1	1.008	26	55.845	13.845520
3	101	1	1.008	26	55.845	695.583646
4	4	1	1.008	1	1.008	272124.372423
4	5	1	1.008	1	1.008	122419.075318
4	6	1	1.008	1	1.008	84679.799134
4	7	1	1.008	1	1.008	35277.182845
4	8	1	1.008	1	1.008	91246.233259
4	9	1	1.008	1	1.008	247693.139928
4	10	1	1.008	1	1.008	97056.043615
4	11	1	1.008	1	1.008	485723.207171
4	12	1	1.008	1	1.008	441257.052045
4	13	1	1.008	1	1.008	225317.144362
4	14	1	1.008	1	1.008	418291.892153
4	15	1	1.008	1	1.008	638688.040890
4	16	1	1.008	1	1.008	784725.051956
4	17	1	1.008	1	1.008	161220.317507
4	18	1	1.008	1	1.008	334550.550752
4	19	1	1.008	1	1.008	177824.514643
4	20	1	1.008	1	1.008	485058.575411
4	21	1	1.008	1	1.008	410103.999531
4	22	1	1.008	1	1.008	380535.317071
4	23	1	1.008	1	1.008	112023.744417
4	25	1	1.008	1	1.008	77063.528192
4	30	1	1.008	2	4.003	55676.601281
4	31	1	1.008	2	4.003	56576.356913
4	32	1	1.008	2	4.003	36079.450711
4	33	1	1.008	2	4.003	23006.592710
4	34	1	1.008	2	4.003	9123.706285
4	35	1	1.008	2	4.003	2653.533776
4	36	1	1.008	2	4.003	-1185.855770
4	37	1	1.008	2	4.003	3391.752301
4	38	1	1.008	2	4.003	7826.872643
4	39	1	1.008	2	4.003	19376.296751
4	40	1	1.008	2	4.003	135385.059294
4	41	1	1.008	2	4.003	42909.508550
4	42	1	1.008	2	4.003	166246.075841
4	43	1	1.008	2	4.003	109129.992686
4	44	1	1.008	2	4.003	11838.679949
4	46	1	1.008	2	4.003	13360.279851
4	47	1	1.008	2	4.003	83269.627392
4	48	1	1.008	2	4.003	105202.850337
4	49	1	1.008	2	4.003	122882.890386
4	50	1	1.008	2	4.003	97678.250154
4	51	1	1.008	2	4.003	154725.341567
4	57	1	1.008	8	15.999	198.786201
4	58	1	1.008	8	15.999	882.436360
4	59	1	1.008	8	15.999	1370.526080
4	60	1	1.008	8	15.999	974.523820
4	61	1	1.008	8	15.999	699.876585
4	62	1	1.008	8	15.999	296.016019
4	63	1	1.008	8	15.999	107.205672
4	64	1	1.008	8	15.999	-50.827514
4	65	1	1.008	8	15.999	64.087567
4	66	1	1.008	8	15.999	-623.988807
4	67	1	1.008	8	15.999	-2485.439646
4	68	1	1.008	8	15.999	4031.741603
4	69	1	1.008	8	15.999	3284.781952
4	70	1	1.008	8	15.999	2737.181726
4	71	1	1.008	8	15.999	7398.107921
4	72	1	1.008	8	15.999	2922.641764
4	73	1	1.008	8	15.999	5893.952301
4	74	1	1.008	8	15.999	1525.147165
4	75	1	1.008	8	15.999	-1204.022191
4	76	1	1.008	8	15.999	1613.241611
4	77	1	1.008	8	15.999	3017.805545
4	78	1	1.008	8	15.999	4822.874971
4	79	1	1.008	8	15.999	1093.499648
4	84	1	1.008	26	55.845	109.148769
4	85	1	1.008	26	55.845	72.867129
4	86	1	1.008	26	55.845	55.632967
4	87	1	1.008	26	55.845	12.880960
4	88	1	1.008	26	55.845	58.237779
4	89	1	1.008	26	55.845	37.644035
4	90	1	1.008	26	55.845	661.782008
4	91	1	1.008	26	55.845	125.111284
4	92	1	1.008	26	55.845	433.292157
4	93	1	1.008	26	55.845	717.592558
4	94	1	1.008	26	55.845	1145.669886
4	95	1	1.008	26	55.845	1709.526205
4	97	1	1.008	26	55.845	30.467937
4	101	1	1.008	26	55.845	966.170459
5	5	1	1.008	1	1.008	107033.926450
5	6	1	1.008	1	1.008	22826.366288
5	7	1	1.008	1	1.008	64051.511455
5	8	1	1.008	1	1.008	10768.406111
5	9	1	1.008	1	1.008	306580.134244
5	10	1	1.008	1	1.008	-15633.960592
5	11	1	1.008	1	1.008	524637.187997
5	12	1	1.008	1	1.008	301419.964034
5	13	1	1.008	1	1.008	234874.315334
5	14	1	1.008	1	1.008	313225.115804
5	15	1	1.008	1	1.008	600960.323869
5	16	1	1.008	1	1.008	665793.827389
5	17	1	1.008	1	1.008	142798.005947
5	18	1	1.008	1	1.008	286101.843774
5	19	1	1.008	1	1.008	174975.331264
5	20	1	1.008	1	1.008	426914.547445
5	21	1	1.008	1	1.008	375657.956402
5	22	1	1.008	1	1.008	336826.818532
5	23	1	1.008	1	1.008	102329.863672
5	25	1	1.008	1	1.008	76238.318669
5	30	1	1.008	2	4.003	29966.854078
5	31	1	1.008	2	4.003	30262.187527
5	32	1	1.008	2	4.003	19314.283277
5	33	1	1.008	2	4.003	12368.180400
5	34	1	1.008	2	4.003	4938.324554
5	35	1	1.008	2	4.003	1596.223769
5	36	1	1.008	2	4.003	-428.114579
5	37	1	1.008	2	4.003	3842.644140
5	38	1	1.008	2	4.003	7617.694200
5	39	1	1.008	2	4.003	13329.157901
5	40	1	1.008	2	4.003	120104.597895
5	41	1	1.008	2	4.003	37360.719308
5	42	1	1.008	2	4.003	148592.756204
5	43	1	1.008	2	4.003	100675.116000
5	44	1	1.008	2	4.003	11642.345188
5	46	1	1.008	2	4.003	15114.706133
5	47	1	1.008	2	4.003	71672.428464
5	48	1	1.008	2	4.003	99123.520735
5	49	1	1.008	2	4.003	110722.672373
5	50	1	1.008	2	4.003	84417.111502
5	51	1	1.008	2	4.003	145200.798826
5	57	1	1.008	8	15.999	106.063077
5	58	1	1.008	8	15.999	470.941023
5	59	1	1.008	8	15.999	731.182017
5	60	1	1.008	8	15.999	520.732632
5	61	1	1.008	8	15.999	374.854299
5	62	1	1.008	8	15.999	162.000062
5	63	1	1.008	8	15.999	61.668208
5	64	1	1.008	8	15.999	-5.116359
5	65	1	1.008	8	15.999	41.090221
5	66	1	1.008	8	15.999	-201.240827
5	67	1	1.008	8	15.999	-1515.923724
5	68	1	1.008	8	15.999	4273.147246
5	69	1	1.008	8	15.999	3019.768122
5	70	1	1.008	8	15.999	2826.771485
5	71	1	1.008	8	15.999	7061.284837
5	72	1	1.008	8	15.999	2714.584274
5	73	1	1.008	8	15.999	5767.635620
5	74	1	1.008	8	15.999	1362.522437
5	75	1	1.008	8	15.999	-1126.051294
5	76	1	1.008	8	15.999	2041.195912
5	77	1	1.008	8	15.999	2973.069374
5	78	1	1.008	8	15.999	4745.114845
5	79	1	1.008	8	15.999	1317.736475
5	84	1	1.008	26	55.845	58.294010
5	85	1	1.008	26	55.845	38.855739
5	86	1	1.008	26	55.845	30.253710
5	87	1	1.008	26	55.845	7.391177
5	88	1	1.008	26	55.845	36.342651
5	89	1	1.008	26	55.845	19.281022
5	90	1	1.008	26	55.845	468.754674
5	91	1	1.008	26	55.845	80.218224
5	92	1	1.008	26	55.845	289.782085
5	93	1	1.008	26	55.845	505.997698
5	94	1	1.008	26	55.845	769.512056
5	95	1	1.008	26	55.845	1349.639118
5	97	1	1.008	26	55.845	27.374256
5	101	1	1.008	26	55.845	744.743563
6	6	1	1.008	1	1.008	78302.188462
6	7	1	1.008	1	1.008	2852.426399
6	8	1	1.008	1	1.008	165900.968802
6	9	1	1.008	1	1.008	205862.636524
6	10	1	1.008	1	1.008	215433.246711
6	11	1	1.008	1	1.008	485061.266135
6	12	1	1.008	1	1.008	650988.190404
6	13	1	1.008	1	1.008	257403.222424
6	14	1	1.008	1	1.008	602809.976972
6	15	1	1.008	1	1.008	884963.725629
6	16	1	1.008	1	1.008	1084286.700591
6	17	1	1.008	1	1.008	205646.173649
6	18	1	1.008	1	1.008	439299.633708
6	19	1	1.008	1	1.008	319252.608563
6	20	1	1.008	1	1.008	673611.819836
6	21	1	1.008	1	1.008	622012.896214
6	22	1	1.008	1	1.008	533802.570156
6	23	1	1.008	1	1.008	165315.802897
6	25	1	1.008	1	1.008	134384.920593
6	30	1	1.008	2	4.003	12176.075426
6	31	1	1.008	2	4.003	12229.006884
6	32	1	1.008	2	4.003	7808.084751
6	33	1	1.008	2	4.003	5135.597726
6	34	1	1.008	2	4.003	2111.815166
6	35	1	1.008	2	4.003	987.084728
6	36	1	1.008	2	4.003	249.538791
6	37	1	1.008	2	4.003	5402.854265
6	38	1	1.008	2	4.003	11340.413290
6	39	1	1.008	2	4.003	21802.062905
6	40	1	1.008	2	4.003	180830.558448
6	41	1	1.008	2	4.003	62147.778806
6	42	1	1.008	2	4.003	242080.424899
6	43	1	1.008	2	4.003	153653.650987
6	44	1	1.008	2	4.003	24849.316309
6	46	1	1.008	2	4.003	29323.777457
6	47	1	1.008	2	4.003	107076.794241
6	48	1	1.008	2	4.003	164833.284978
6	49	1	1.008	2	4.003	174685.940535
6	50	1	1.008	2	4.003	131322.254454
6	51	1	1.008	2	4.003	236790.326917
6	57	1	1.008	8	15.999	42.326464
6	58	1	1.008	8	15.999	188.044198
6	59	1	1.008	8	15.999	295.201191
6	60	1	1.008	8	15.999	212.277250
6	61	1	1.008	8	15.999	156.776694
6	62	1	1.008	8	15.999	78.836422
6	63	1	1.008	8	15.999	45.216889
6	64	1	1.008	8	15.999	62.477768
6	65	1	1.008	8	15.999	56.358855
6	66	1	1.008	8	15.999	113.346579
6	67	1	1.008	8	15.999	-1875.849195
6	68	1	1.008	8	15.999	6138.345116
6	69	1	1.008	8	15.999	4950.900973
6	70	1	1.008	8	15.999	4495.048993
6	71	1	1.008	8	15.999	11346.292271
6	72	1	1.008	8	15.999	3840.061331
6	73	1	1.008	8	15.999	9698.381591
6	74	1	1.008	8	15.999	1979.534534
6	75	1	1.008	8	15.999	-1804.911048
6	76	1	1.008	8	15.999	3583.008336
6	77	1	1.008	8	15.999	4511.179976
6	78	1	1.008	8	15.999	7424.883118
6	79	1	1.008	8	15.999	2604.581634
6	84	1	1.008	26	55.845	23.852392
6	85	1	1.008	26	55.845	15.704819
6	86	1	1.008	26	55.845	14.910446
6	87	1	1.008	26	55.845	5.878737
6	88	1	1.008	26	55.845	37.063554
6	89	1	1.008	26	55.845	32.987764
6	90	1	1.008	26	55.845	513.041251
6	91	1	1.008	26	55.845	181.108053
6	92	1	1.008	26	55.845	254.300501
6	93	1	1.008	26	55.845	595.435270
6	94	1	1.008	26	55.845	810.846314
6	95	1	1.008	26	55.845	1866.860842
6	97	1	1.008	26	55.845	43.261020
6	101	1	1.008	26	55.845	999.836475
7	7	1	1.008	1	1.008	209915.619161
7	8	1	1.008	1	1.008	-122070.340906
7	9	1	1.008	1	1.008	1058333.830254
7	10	1	1.008	1	1.008	-253156.383245
7	11	1	1.008	1	1.008	1704979.053645
7	12	1	1.008	1	1.008	711530.883409
7	13	1	1.008	1	1.008	751581.018727
7	14	1	1.008	1	1.008	798493.336483
7	15	1	1.008	1	1.008	1846625.550214
7	16	1	1.008	1	1.008	1905440.523730
7	17	1	1.008	1	1.008	406742.496984
7	18	1	1.008	1	1.008	802922.993307
7	19	1	1.008	1	1.008	595962.192774
7	20	1	1.008	1	1.008	1243336.191049
7	21	1	1.008	1	1.008	1169213.793365
7	22	1	1.008	1	1.008	994721.935584
7	23	1	1.008	1	1.008	320506.112989
7	25	1	1.008	1	1.008	260456.183582
7	30	1	1.008	2	4.003	2960.730574
7	31	1	1.008	2	4.003	2619.063393
7	32	1	1.008	2	4.003	1690.795425
7	33	1	1.008	2	4.003	1494.069313
7	34	1	1.008	2	4.003	765.594167
7	35	1	1.008	2	4.003	1237.796240
7	36	1	1.008	2	4.003	1074.781444
7	37	1	1.008	2	4.003	13059.938770
7	38	1	1.008	2	4.003	23926.131303
7	39	1	1.008	2	4.003	24022.245610
7	40	1	1.008	2	4.003	361836.633102
7	41	1	1.008	2	4.003	111709.207438
7	42	1	1.008	2	4.003	460974.172838
7	43	1	1.008	2	4.003	315115.961052
7	44	1	1.008	2	4.003	43270.757122
7	46	1	1.008	2	4.003	60274.182187
7	47	1	1.008	2	4.003	206596.990360
7	48	1	1.008	2	4.003	326054.235351
7	49	1	1.008	2	4.003	342136.548587
7	50	1	1.008	2	4.003	247265.485841
7	51	1	1.008	2	4.003	473002.389189
7	57	1	1.008	8	15.999	7.398657
7	58	1	1.008	8	15.999	33.276826
7	59	1	1.008	8	15.999	56.622402
7	60	1	1.008	8	15.999	45.226467
7	61	1	1.008	8	15.999	40.168196
7	62	1	1.008	8	15.999	42.499374
7	63	1	1.008	8	15.999	41.229785
7	64	1	1.008	8	15.999	159.498939
7	65	1	1.008	8	15.999	63.489436
7	66	1	1.008	8	15.999	863.184158
7	67	1	1.008	8	15.999	-1960.501610
7	68	1	1.008	8	15.999	15050.874655
7	69	1	1.008	8	15.999	9681.781874
7	70	1	1.008	8	15.999	10032.502879
7	71	1	1.008	8	15.999	23353.118455
7	72	1	1.008	8	15.999	8451.882070
7	73	1	1.008	8	15.999	19748.818713
7	74	1	1.008	8	15.999	4077.285487
7	75	1	1.008	8	15.999	-3638.276438
7	76	1	1.008	8	15.999	8568.808801
7	77	1	1.008	8	15.999	10002.497721
7	78	1	1.008	8	15.999	16047.239058
7	79	1	1.008	8	15.999	5508.975486
7	84	1	1.008	26	55.845	4.995589
7	85	1	1.008	26	55.845	2.876713
7	86	1	1.008	26	55.845	7.063871
7	87	1	1.008	26	55.845	5.116596
7	88	1	1.008	26	55.845	45.156847
7	89	1	1.008	26	55.845	10.336797
7	90	1	1.008	26	55.845	882.108197
7	91	1	1.008	26	55.845	167.226979
7	92	1	1.008	26	55.845	429.255706
7	93	1	1.008	26	55.845	973.335047
7	94	1	1.008	26	55.845	1253.256143
7	95	1	1.008	26	55.845	3377.985847
7	97	1	1.008	26	55.845	84.505285
7	101	1	1.008	26	55.845	1772.642650
8	8	1	1.008	1	1.008	1019765.084764
8	9	1	1.008	1	1.008	-832765.527651
8	10	1	1.008	1	1.008	1822633.245971
8	11	1	1.008	1	1.008	-459174.016315
8	12	1	1.008	1	1.008	2576404.385760
8	13	1	1.008	1	1.008	63581.424829
8	14	1	1.008	1	1.008	2070615.785823
8	15	1	1.008	1	1.008	1711355.928927
8	16	1	1.008	1	1.008	2870608.176619
8	17	1	1.008	1	1.008	400572.192069
8	18	1	1.008	1	1.008	1067698.331742
8	19	1	1.008	1	1.008	814755.303076
8	20	1	1.008	1	1.008	1615395.866771
8	21	1	1.008	1	1.008	1530557.139783
8	22	1	1.008	1	1.008	1287000.043957
8	23	1	1.008	1	1.008	401366.544969
8	25	1	1.008	1	1.008	331471.795989
8	30	1	1.008	2	4.003	2405.342674
8	31	1	1.008	2	4.003	1973.194045
8	32	1	1.008	2	4.003	1304.405271
8	33	1	1.008	2	4.003	1171.994962
8	34	1	1.008	2	4.003	695.242975
8	35	1	1.008	2	4.003	1002.902219
8	36	1	1.008	2	4.003	1557.953335
8	37	1	1.008	2	4.003	9787.147961
8	38	1	1.008	2	4.003	25690.171157
8	39	1	1.008	2	4.003	88888.563694
8	40	1	1.008	2	4.003	406283.895872
8	41	1	1.008	2	4.003	173263.689822
8	42	1	1.008	2	4.003	611651.347428
8	43	1	1.008	2	4.003	345235.508740
8	44	1	1.008	2	4.003	77095.155177
8	46	1	1.008	2	4.003	75639.870271
8	47	1	1.008	2	4.003	253592.314602
8	48	1	1.008	2	4.003	406220.975021
8	49	1	1.008	2	4.003	421371.050830
8	50	1	1.008	2	4.003	328875.375756
8	51	1	1.008	2	4.003	569333.289740
8	57	1	1.008	8	15.999	5.771942
8	58	1	1.008	8	15.999	25.997056
8	59	1	1.008	8	15.999	53.141556
8	60	1	1.008	8	15.999	46.213566
8	61	1	1.008	8	15.999	50.688014
8	62	1	1.008	8	15.999	66.090079
8	63	1	1.008	8	15.999	99.893805
8	64	1	1.008	8	15.999	233.597760
8	65	1	1.008	8	15.999	203.200462
8	66	1	1.008	8	15.999	-57.452935
8	67	1	1.008	8	15.999	-6432.960537
8	68	1	1.008	8	15.999	9581.344113
8	69	1	1.008	8	15.999	12181.964902
8	70	1	1.008	8	15.999	8909.040725
8	71	1	1.008	8	15.999	25859.836675
8	72	1	1.008	8	15.999	7097.320450
8	73	1	1.008	8	15.999	23127.918282
8	74	1	1.008	8	15.999	4196.859723
8	75	1	1.008	8	15.999	-4247.980076
8	76	1	1.008	8	15.999	6833.414416
8	77	1	1.008	8	15.999	8761.271197
8	78	1	1.008	8	15.999	15455.021557
8	79	1	1.008	8	15.999	6503.567997
8	84	1	1.008	26	55.845	5.918697
8	85	1	1.008	26	55.845	3.191111
8	86	1	1.008	26	55.845	15.090977
8	87	1	1.008	26	55.845	15.087201
8	88	1	1.008	26	55.845	105.063988
8	89	1	1.008	26	55.845	177.142536
8	90	1	1.008	26	55.845	1101.978421
8	91	1	1.008	26	55.845	775.948133
8	92	1	1.008	26	55.845	391.065731
8	93	1	1.008	26	55.845	1418.264091
8	94	1	1.008	26	55.845	1798.712436
8	95	1	1.008	26	55.845	4496.948822
8	97	1	1.008	26	55.845	104.616979
8	101	1	1.008	26	55.845	2408.689816
9	9	1	1.008	1	1.008	14210606.957889
9	10	1	1.008	1	1.008	-5711674.064537
9	11	1	1.008	1	1.008	22276370.471230
9	12	1	1.008	1	1.008	5372196.985396
9	13	1	1.008	1	1.008	9409194.644757
9	14	1	1.008	1	1.008	7137893.192366
9	15	1	1.008	1	1.008	20903743.520355
9	16	1	1.008	1	1.008	19961721.425821
9	17	1	1.008	1	1.008	4614033.831274
9	18	1	1.008	1	1.008	8565136.958725
9	19	1	1.008	1	1.008	6412544.831578
9	20	1	1.008	1	1.008	13372717.905804
9	21	1	1.008	1	1.008	12601845.777639
9	22	1	1.008	1	1.008	10715897.106201
9	23	1	1.008	1	1.008	3485443.458332
9	25	1	1.008	1	1.008	2831141.844388
9	30	1	1.008	2	4.003	8516.560739
9	31	1	1.008	2	4.003	7333.240357
9	32	1	1.008	2	4.003	4582.552371
9	33	1	1.008	2	4.003	7919.600625
9	34	1	1.008	2	4.003	4799.253815
9	35	1	1.008	2	4.003	12910.027825
9	36	1	1.008	2	4.003	10881.629577
9	37	1	1.008	2	4.003	147851.826912
9	38	1	1.008	2	4.003	266104.285302
9	39	1	1.008	2	4.003	115216.872042
9	40	1	1.008	2	4.003	4029783.863537
9	41	1	1.008	2	4.003	1141570.552303
9	42	1	1.008	2	4.003	4979831.793403
9	43	1	1.008	2	4.003	3483001.485126
9	44	1	1.008	2	4.003	442870.996806
9	46	1	1.008	2	4.003	658817.068683
9	47	1	1.008	2	4.003	2246160.195937
9	48	1	1.008	2	4.003	3555899.741343
9	49	1	1.008	2	4.003	3728502.309580
9	50	1	1.008	2	4.003	2645999.016138
9	51	1	1.008	2	4.003	5189646.177451
9	57	1	1.008	8	15.999	2.698723
9	58	1	1.008	8	15.999	15.050589
9	59	1	1.008	8	15.999	86.236745
9	60	1	1.008	8	15.999	101.662048
9	61	1	1.008	8	15.999	136.867121
9	62	1	1.008	8	15.999	285.636929
9	63	1	1.008	8	15.999	270.658951
9	64	1	1.008	8	15.999	1570.907813
9	65	1	1.008	8	15.999	362.218616
9	66	1	1.008	8	15.999	12745.577909
9	67	1	1.008	8	15.999	-12248.589839
9	68	1	1.008	8	15.999	178930.468635
9	69	1	1.008	8	15.999	105790.970753
9	70	1	1.008	8	15.999	116516.166332
9	71	1	1.008	8	15.999	260993.437130
9	72	1	1.008	8	15.999	98190.807716
9	73	1	1.008	8	15.999	218497.054276
9	74	1	1.008	8	15.999	45818.385535
9	75	1	1.008	8	15.999	-40115.526937
9	76	1	1.008	8	15.999	101111.330667
9	77	1	1.008	8	15.999	115924.688389
9	78	1	1.008	8	15.999	183496.417679
9	79	1	1.008	8	15.999	61167.467775
9	84	1	1.008	26	55.845	9.015048
9	85	1	1.008	26	55.845	1.904845
9	86	1	1.008	26	55.845	36.151233
9	87	1	1.008	26	55.845	28.592441
9	88	1	1.008	26	55.845	323.789286
9	89	1	1.008	26	55.845	-269.474247
9	90	1	1.008	26	55.845	9039.781096
9	91	1	1.008	26	55.845	870.194206
9	92	1	1.008	26	55.845	4608.760068
9	93	1	1.008	26	55.845	9865.237016
9	94	1	1.008	26	55.845	12685.906608
9	95	1	1.008	26	55.845	35753.457977
9	97	1	1.008	26	55.845	919.913871
9	101	1	1.008	26	55.845	18673.013522
10	10	1	1.008	1	1.008	86955188.430187
10	11	1	1.008	1	1.008	-57312094.321865
10	12	1	1.008	1	1.008	107115790.865958
10	13	1	1.008	1	1.008	-16379056.084183
10	14	1	1.008	1	1.008	76608152.614513
10	15	1	1.008	1	1.008	27126545.436529
10	16	1	1.008	1	1.008	82582666.009976
10	17	1	1.008	1	1.008	9466322.957968
10	18	1	1.008	1	1.008	24722004.205434
10	19	1	1.008	1	1.008	22835499.525231
10	20	1	1.008	1	1.008	37954133.933031
10	21	1	1.008	1	1.008	39055273.427789
10	22	1	1.008	1	1.008	31199739.403524
10	23	1	1.008	1	1.008	10657640.241212
10	25	1	1.008	1	1.008	8613535.999724
10	30	1	1.008	2	4.003	3209.468941
10	31	1	1.008	2	4.003	5903.301985
10	32	1	1.008	2	4.003	3778.391976
10	33	1	1.008	2	4.003	6850.696627
10	34	1	1.008	2	4.003	6351.660363
10	35	1	1.008	2	4.003	9203.851245
10	36	1	1.008	2	4.003	26526.080352
10	37	1	1.008	2	4.003	73327.577803
10	38	1	1.008	2	4.003	387493.121122
10	39	1	1.008	2	4.003	2273816.494026
10	40	1	1.008	2	4.003	9476239.587003
10	41	1	1.008	2	4.003	5065284.177928
10	42	1	1.008	2	4.003	17820115.285147
10	43	1	1.008	2	4.003	7850658.711093
10	44	1	1.008	2	4.003	2633774.932087
10	46	1	1.008	2	4.003	2154546.109442
10	47	1	1.008	2	4.003	6497990.482709
10	48	1	1.008	2	4.003	11333425.236985
10	49	1	1.008	2	4.003	11250861.828558
10	50	1	1.008	2	4.003	8648042.380039
10	51	1	1.008	2	4.003	15613632.974826
10	57	1	1.008	8	15.999	-6.737872
10	58	1	1.008	8	15.999	-37.647014
10	59	1	1.008	8	15.999	35.317240
10	60	1	1.008	8	15.999	20.370526
10	61	1	1.008	8	15.999	88.743023
10	62	1	1.008	8	15.999	99.687037
10	63	1	1.008	8	15.999	113.061361
10	64	1	1.008	8	15.999	364.688604
10	65	1	1.008	8	15.999	8504.943021
10	66	1	1.008	8	15.999	51865.667633
10	67	1	1.008	8	15.999	-49204.370684
10	68	1	1.008	8	15.999	135873.797606
10	69	1	1.008	8	15.999	387494.552027
10	70	1	1.008	8	15.999	272464.928137
10	71	1	1.008	8	15.999	763946.003391
10	72	1	1.008	8	15.999	195933.957321
10	73	1	1.008	8	15.999	669841.725830
10	74	1	1.008	8	15.999	107231.369476
10	75	1	1.008	8	15.999	-114724.947018
10	76	1	1.008	8	15.999	222330.945349
10	77	1	1.008	8	15.999	261460.407424
10	78	1	1.008	8	15.999	454514.960073
10	79	1	1.008	8	15.999	195826.024306
10	84	1	1.008	26	55.845	-28.599012
10	85	1	1.008	26	55.845	-7.641755
10	86	1	1.008	26	55.845	-100.196882
10	87	1	1.008	26	55.845	-40.629085
10	88	1	1.008	26	55.845	-1083.576897
10	89	1	1.008	26	55.845	-311.500334
10	90	1	1.008	26	55.845	6795.637265
10	91	1	1.008	26	55.845	26949.225813
10	92	1	1.008	26	55.845	-1742.071218
10	93	1	1.008	26	55.845	28579.982212
10	94	1	1.008	26	55.845	35417.526837
10	95	1	1.008	26	55.845	111919.753922
10	97	1	1.008	26	55.845	2883.093166
10	101	1	1.008	26	55.845	58162.081849
11	11	1	1.008	1	1.008	315669797.954585
11	12	1	1.008	1	1.008	-202885094.122935
11	13	1	1.008	1	1.008	143209749.115565
11	14	1	1.008	1	1.008	-117557667.899596
11	15	1	1.008	1	1.008	156623697.959813
11	16	1	1.008	1	1.008	18448286.762259
11	17	1	1.008	1	1.008	20538065.860664
11	18	1	1.008	1	1.008	35111556.281210
11	19	1	1.008	1	1.008	14082030.904455
11	20	1	1.008	1	1.008	50958831.034580
11	21	1	1.008	1	1.008	42991565.253643
11	22	1	1.008	1	1.008	39690660.861193
11	23	1	1.008	1	1.008	12626653.102876
11	25	1	1.008	1	1.008	10398415.738948
11	30	1	1.008	2	4.003	8097.979004
11	31	1	1.008	2	4.003	3444.392206
11	32	1	1.008	2	4.003	105.849218
11	33	1	1.008	2	4.003	7305.435253
11	34	1	1.008	2	4.003	-5625.960202
11	35	1	1.008	2	4.003	27095.781821
11	36	1	1.008	2	4.003	-80012.487043
11	37	1	1.008	2	4.003	465498.144568
11	38	1	1.008	2	4.003	-4842870.297522
11	39	1	1.008	2	4.003	6429415.955627
11	40	1	1.008	2	4.003	13217713.007297
11	41	1	1.008	2	4.003	6487263.296166
11	42	1	1.008	2	4.003	8464403.370664
11	43	1	1.008	2	4.003	21459260.619963
11	44	1	1.008	2	4.003	-2066938.769209
11	46	1	1.008	2	4.003	2581059.290034
11	47	1	1.008	2	4.003	8577560.557165
11	48	1	1.008	2	4.003	12486263.424009
11	49	1	1.008	2	4.003	14014664.120028
11	50	1	1.008	2	4.003	8186926.277366
11	51	1	1.008	2	4.003	20065631.310279
11	57	1	1.008	8	15.999	-15.884879
11	58	1	1.008	8	15.999	-26.394697
11	59	1	1.008	8	15.999	-89.154279
11	60	1	1.008	8	15.999	56.685649
11	61	1	1.008	8	15.999	-233.097123
11	62	1	1.008	8	15.999	549.312046
11	63	1	1.008	8	15.999	-1898.654925
11	64	1	1.008	8	15.999	9501.249320
11	65	1	1.008	8	15.999	-45943.246460
11	66	1	1.008	8	15.999	313998.015991
11	67	1	1.008	8	15.999	-17343.318862
11	68	1	1.008	8	15.999	1766703.737420
11	69	1	1.008	8	15.999	236742.269656
11	70	1	1.008	8	15.999	639743.482121
11	71	1	1.008	8	15.999	1069643.851388
11	72	1	1.008	8	15.999	601944.026160
11	73	1	1.008	8	15.999	846267.277337
11	74	1	1.008	8	15.999	243348.831056
11	75	1	1.008	8	15.999	-170150.200759
11	76	1	1.008	8	15.999	621985.062689
11	77	1	1.008	8	15.999	670600.475099
11	78	1	1.008	8	15.999	963687.918870
11	79	1	1.008	8	15.999	229674.452945
11	84	1	1.008	26	55.845	-22.627466
11	85	1	1.008	26	55.845	6.344245
11	86	1	1.008	26	55.845	-51.153557
11	87	1	1.008	26	55.845	90.333231
11	88	1	1.008	26	55.845	-601.906855
11	89	1	1.008	26	55.845	-4536.573370
11	90	1	1.008	26	55.845	84125.039454
11	91	1	1.008	26	55.845	-63295.803027
11	92	1	1.008	26	55.845	58932.814852
11	93	1	1.008	26	55.845	38998.508539
11	94	1	1.008	26	55.845	52302.530671
11	95	1	1.008	26	55.845	136314.375618
11	97	1	1.008	26	55.845	3412.053620
11	101	1	1.008	26	55.845	62388.119120
12	12	1	1.008	1	1.008	1100441361.761625
12	13	1	1.008	1	1.008	-335530531.770513
12	14	1	1.008	1	1.008	883201525.720042
12	15	1	1.008	1	1.008	121955379.922332
12	16	1	1.008	1	1.008	745696918.629743
12	17	1	1.008	1	1.008	102199917.915011
12	18	1	1.008	1	1.008	180593753.569289
12	19	1	1.008	1	1.008	213020414.622818
12	20	1	1.008	1	1.008	315736286.496691
12	21	1	1.008	1	1.008	332615769.588141
12	22	1	1.008	1	1.008	262289122.738610
12	23	1	1.008	1	1.008	90771114.223938
12	25	1	1.008	1	1.008	72686253.735100
12	30	1	1.008	2	4.003	8275.843466
12	31	1	1.008	2	4.003	8053.035352
12	32	1	1.008	2	4.003	9096.193125
12	33	1	1.008	2	4.003	10398.401098
12	34	1	1.008	2	4.003	26780.862940
12	35	1	1.008	2	4.003	-2865.622753
12	36	1	1.008	2	4.003	196086.277190
12	37	1	1.008	2	4.003	-413877.870505
12	38	1	1.008	2	4.003	13780561.895710
12	39	1	1.008	2	4.003	-38535319.285980
12	40	1	1.008	2	4.003	137476613.438574
12	41	1	1.008	2	4.003	-1730544.947652
12	42	1	1.008	2	4.003	187114718.054793
12	43	1	1.008	2	4.003	42162461.521303
12	44	1	1.008	2	4.003	33285153.849922
12	46	1	1.008	2	4.003	17198311.179732
12	47	1	1.008	2	4.003	55137124.306677
12	48	1	1.008	2	4.003	96586468.035962
12	49	1	1.008	2	4.003	95118447.771997
12	50	1	1.008	2	4.003	72886668.585162
12	51	1	1.008	2	4.003	132610708.288635
12	57	1	1.008	8	15.999	-58.360620
12	58	1	1.008	8	15.999	-300.054554
12	59	1	1.008	8	15.999	-947.247468
12	60	1	1.008	8	15.999	-1025.075477
12	61	1	1.008	8	15.999	-1101.419337
12	62	1	1.008	8	15.999	-2429.064011
12	63	1	1.008	8	15.999	-1930.065668
12	64	1	1.008	8	15.999	-15599.584557
12	65	1	1.008	8	15.999	46659.501064
12	66	1	1.008	8	15.999	-331411.908699
12	67	1	1.008	8	15.999	-289574.470108
12	68	1	1.008	8	15.999	1275389.843709
12	69	1	1.008	8	15.999	2947717.591961
12	70	1	1.008	8	15.999	2888189.646060
12	71	1	1.008	8	15.999	6430168.251983
12	72	1	1.008	8	15.999	1737027.726544
12	73	1	1.008	8	15.999	5802639.635814
12	74	1	1.008	8	15.999	881360.647706
12	75	1	1.008	8	15.999	-962438.330871
12	76	1	1.008	8	15.999	1952844.503003
12	77	1	1.008	8	15.999	2295478.392156
12	78	1	1.008	8	15.999	3936802.831845
12	79	1	1.008	8	15.999	1674688.638518
12	84	1	1.008	26	55.845	5.739881
12	85	1	1.008	26	55.845	-154.856324
12	86	1	1.008	26	55.845	-110.150944
12	87	1	1.008	26	55.845	-1028.032475
12	88	1	1.008	26	55.845	1932.419583
12	89	1	1.008	26	55.845	-22374.612258
12	90	1	1.008	26	55.845	14350.974494
12	91	1	1.008	26	55.845	214014.146475
12	92	1	1.008	26	55.845	-13017.235450
12	93	1	1.008	26	55.845	186640.215757
12	94	1	1.008	26	55.845	314266.901061
12	95	1	1.008	26	55.845	914303.552543
12	97	1	1.008	26	55.845	24688.998046
12	101	1	1.008	26	55.845	485741.168598
13	13	1	1.008	1	1.008	1429067144.997319
13	14	1	1.008	1	1.008	-686454842.181911
13	15	1	1.008	1	1.008	1588315363.374365
13	16	1	1.008	1	1.008	711255698.248083
13	17	1	1.008	1	1.008	312566700.952837
13	18	1	1.008	1	1.008	428105688.983383
13	19	1	1.008	1	1.008	211968554.778233
13	20	1	1.008	1	1.008	610417242.715975
13	21	1	1.008	1	1.008	525134278.159084
13	22	1	1.008	1	1.008	479499634.710960
13	23	1	1.008	1	1.008	150874008.013585
13	25	1	1.008	1	1.008	127003504.414068
13	30	1	1.008	2	4.003	43798.731388
13	31	1	1.008	2	4.003	78920.152273
13	32	1	1.008	2	4.003	48300.450933
13	33	1	1.008	2	4.003	87723.292223
13	34	1	1.008	2	4.003	69041.265009
13	35	1	1.008	2	4.003	123079.964906
13	36	1	1.008	2	4.003	266468.337413
13	37	1	1.008	2	4.003	1033647.354538
13	38	1	1.008	2	4.003	9130749.626528
13	39	1	1.008	2	4.003	-1129492.613809
13	40	1	1.008	2	4.003	160107514.395571
13	41	1	1.008	2	4.003	133937719.473751
13	42	1	1.008	2	4.003	132266118.504670
13	43	1	1.008	2	4.003	227116679.942698
13	44	1	1.008	2	4.003	-25934358.312227
13	46	1	1.008	2	4.003	24139988.310267
13	47	1	1.008	2	4.003	106602971.750198
13	48	1	1.008	2	4.003	152771749.894361
13	49	1	1.008	2	4.003	167603306.339252
13	50	1	1.008	2	4.003	122959851.891993
13	51	1	1.008	2	4.003	228004113.278119
13	57	1	1.008	8	15.999	-8.812801
13	58	1	1.008	8	15.999	-122.712283
13	59	1	1.008	8	15.999	-90.378920
13	60	1	1.008	8	15.999	-305.937497
13	61	1	1.008	8	15.999	249.161756
13	62	1	1.008	8	15.999	-1133.699935
13	63	1	1.008	8	15.999	3042.059009
13	64	1	1.008	8	15.999	-16857.041462
13	65	1	1.008	8	15.999	80851.488224
13	66	1	1.008	8	15.999	-343643.923791
13	67	1	1.008	8	15.999	-1328205.115309
13	68	1	1.008	8	15.999	3492986.451671
13	69	1	1.008	8	15.999	6582145.918085
13	70	1	1.008	8	15.999	2296341.762010
13	71	1	1.008	8	15.999	11432771.862277
13	72	1	1.008	8	15.999	4266117.891062
13	73	1	1.008	8	15.999	8636212.367695
13	74	1	1.008	8	15.999	1929812.093913
13	75	1	1.008	8	15.999	-1793554.210285
13	76	1	1.008	8	15.999	3249517.501699
13	77	1	1.008	8	15.999	3641686.248670
13	78	1	1.008	8	15.999	6459412.647809
13	79	1	1.008	8	15.999	2714205.771205
13	84	1	1.008	26	55.845	43.590218
13	85	1	1.008	26	55.845	35.717205
13	86	1	1.008	26	55.845	236.154486
13	87	1	1.008	26	55.845	492.108433
13	88	1	1.008	26	55.845	321.952846
13	89	1	1.008	26	55.845	9696.090784
13	90	1	1.008	26	55.845	-55231.944255
13	91	1	1.008	26	55.845	399828.158284
13	92	1	1.008	26	55.845	-211769.036872
13	93	1	1.008	26	55.845	665091.524604
13	94	1	1.008	26	55.845	333659.437318
13	95	1	1.008	26	55.845	1686891.108637
13	97	1	1.008	26	55.845	40652.338431
13	101	1	1.008	26	55.845	865182.768923
14	14	1	1.008	1	1.008	2866937715.100247
14	15	1	1.008	1	1.008	-1003342116.687432
14	16	1	1.008	1	1.008	2232796823.327981
14	17	1	1.008	1	1.008	-120250674.159195
14	18	1	1.008	1	1.008	457979881.958997
14	19	1	1.008	1	1.008	463531747.163297
14	20	1	1.008	1	1.008	630376271.060291
14	21	1	1.008	1	1.008	726064285.902611
14	22	1	1.008	1	1.008	529376587.500726
14	23	1	1.008	1	1.008	188502281.861826
14	25	1	1.008	1	1.008	150746600.707500
14	30	1	1.008	2	4.003	41873.033346
14	31	1	1.008	2	4.003	76620.032295
14	32	1	1.008	2	4.003	46349.270094
14	33	1	1.008	2	4.003	89415.864651
14	34	1	1.008	2	4.003	68910.071861
14	35	1	1.008	2	4.003	131573.801633
14	36	1	1.008	2	4.003	258012.387346
14	37	1	1.008	2	4.003	1116069.625778
14	38	1	1.008	2	4.003	11252613.363195
14	39	1	1.008	2	4.003	-13958243.876325
14	40	1	1.008	2	4.003	206196154.491192
14	41	1	1.008	2	4.003	28769044.270937
14	42	1	1.008	2	4.003	455287802.069475
14	43	1	1.008	2	4.003	12081334.896355
14	44	1	1.008	2	4.003	115436207.229191
14	46	1	1.008	2	4.003	45150071.063268
14	47	1	1.008	2	4.003	101500226.492387
14	48	1	1.008	2	4.003	211144856.551870
14	49	1	1.008	2	4.003	194069286.853098
14	50	1	1.008	2	4.003	169275531.562372
14	51	1	1.008	2	4.003	263735124.083230
14	57	1	1.008	8	15.999	-58.109369
14	58	1	1.008	8	15.999	-189.672834
14	59	1	1.008	8	15.999	-889.609551
14	60	1	1.008	8	15.999	-633.818685
14	61	1	1.008	8	15.999	-1324.413442
14	62	1	1.008	8	15.999	-812.018759
14	63	1	1.008	8	15.999	-5084.005251
14	64	1	1.008	8	15.999	5874.923040
14	65	1	1.008	8	15.999	-53301.247467
14	66	1	1.008	8	15.999	601734.795993
14	67	1	1.008	8	15.999	-6629088.685395
14	68	1	1.008	8	15.999	7606593.131313
14	69	1	1.008	8	15.999	536358.722634
14	70	1	1.008	8	15.999	7147466.386987
14	71	1	1.008	8	15.999	8425970.070288
14	72	1	1.008	8	15.999	1217002.138310
14	73	1	1.008	8	15.999	11475597.294486
14	74	1	1.008	8	15.999	1037526.662021
14	75	1	1.008	8	15.999	-1836722.736571
14	76	1	1.008	8	15.999	1245648.864941
14	77	1	1.008	8	15.999	1889167.479845
14	78	1	1.008	8	15.999	4871013.758208
14	79	1	1.008	8	15.999	3400850.656014
14	84	1	1.008	26	55.845	110.557501
14	85	1	1.008	26	55.845	-90.589629
14	86	1	1.008	26	55.845	342.588317
14	87	1	1.008	26	55.845	-287.372196
14	88	1	1.008	26	55.845	4304.913188
14	89	1	1.008	26	55.845	-20937.520275
14	90	1	1.008	26	55.845	180799.211314
14	91	1	1.008	26	55.845	11069.813914
14	92	1	1.008	26	55.845	256463.765683
14	93	1	1.008	26	55.845	85636.479447
14	94	1	1.008	26	55.845	909067.928355
14	95	1	1.008	26	55.845	1847352.647073
14	97	1	1.008	26	55.845	51101.880498
14	101	1	1.008	26	55.845	1089373.458713
15	15	1	1.008	1	1.008	11052822814.574753
15	16	1	1.008	1	1.008	-464730583.837072
15	17	1	1.008	1	1.008	3476299998.000338
15	18	1	1.008	1	1.008	706843015.767006
15	19	1	1.008	1	1.008	1104377427.415376
15	20	1	1.008	1	1.008	2320644011.984453
15	21	1	1.008	1	1.008	1831859940.777521
15	22	1	1.008	1	1.008	1866924440.571011
15	23	1	1.008	1	1.008	556541606.657376
15	25	1	1.008	1	1.008	476508968.948337
15	30	1	1.008	2	4.003	132348.792840
15	31	1	1.008	2	4.003	247281.456670
15	32	1	1.008	2	4.003	155805.923414
15	33	1	1.008	2	4.003	279146.531817
15	34	1	1.008	2	4.003	243538.076568
15	35	1	1.008	2	4.003	370256.191571
15	36	1	1.008	2	4.003	1056556.346147
15	37	1	1.008	2	4.003	2647856.395772
15	38	1	1.008	2	4.003	44252681.134984
15	39	1	1.008	2	4.003	-78007598.190693
15	40	1	1.008	2	4.003	869286274.006500
15	41	1	1.008	2	4.003	48770581.256886
15	42	1	1.008	2	4.003	456720281.596260
15	43	1	1.008	2	4.003	1013885480.488881
15	44	1	1.008	2	4.003	-249632983.910090
15	46	1	1.008	2	4.003	18623240.369243
15	47	1	1.008	2	4.003	475209982.119796
15	48	1	1.008	2	4.003	515171490.450395
15	49	1	1.008	2	4.003	629607658.479062
15	50	1	1.008	2	4.003	448435018.085175
15	51	1	1.008	2	4.003	843829347.824335
15	57	1	1.008	8	15.999	-57.587755
15	58	1	1.008	8	15.999	-506.126667
15	59	1	1.008	8	15.999	2347.787022
15	60	1	1.008	8	15.999	1890.851881
15	61	1	1.008	8	15.999	4968.507543
15	62	1	1.008	8	15.999	4957.607503
15	63	1	1.008	8	15.999	17518.246038
15	64	1	1.008	8	15.999	-7105.471205
15	65	1	1.008	8	15.999	275505.759605
15	66	1	1.008	8	15.999	-171792.681467
15	67	1	1.008	8	15.999	5671656.168869
15	68	1	1.008	8	15.999	-40561006.498530
15	69	1	1.008	8	15.999	51475912.442812
15	70	1	1.008	8	15.999	-10441686.413193
15	71	1	1.008	8	15.999	53036600.727335
15	72	1	1.008	8	15.999	16628592.539405
15	73	1	1.008	8	15.999	29102755.994878
15	74	1	1.008	8	15.999	7184673.795118
15	75	1	1.008	8	15.999	-6439168.014381
15	76	1	1.008	8	15.999	10395209.083840
15	77	1	1.008	8	15.999	11497526.653178
15	78	1	1.008	8	15.999	21144641.968928
15	79	1	1.008	8	15.999	10016105.606193
15	84	1	1.008	26	55.845	319.301079
15	85	1	1.008	26	55.845	47.503616
15	86	1	1.008	26	55.845	1401.158048
15	87	1	1.008	26	55.845	1723.364436
15	88	1	1.008	26	55.845	7559.254642
15	89	1	1.008	26	55.845	-1442.814873
15	90	1	1.008	26	55.845	159654.337655
15	91	1	1.008	26	55.845	3459338.307831
15	92	1	1.008	26	55.845	-2051909.187320
15	93	1	1.008	26	55.845	3378986.893489
15	94	1	1.008	26	55.845	350041.004024
15	95	1	1.008	26	55.845	6345205.362741
15	97	1	1.008	26	55.845	151466.999807
15	101	1	1.008	26	55.845	3212547.653447
16	16	1	1.008	1	1.008	12084322587.374992
16	17	1	1.008	1	1.008	-4891637707.075238
16	18	1	1.008	1	1.008	4279588360.190561
16	19	1	1.008	1	1.008	804864774.950582
16	20	1	1.008	1	1.008	2441906701.798697
16	21	1	1.008	1	1.008	3076388052.028992
16	22	1	1.008	1	1.008	1920880315.412749
16	23	1	1.008	1	1.008	749550865.132133
16	25	1	1.008	1	1.008	583990766.337181
16	30	1	1.008	2	4.003	177354.025919
16	31	1	1.008	2	4.003	334728.068650
16	32	1	1.008	2	4.003	201996.891770
16	33	1	1.008	2	4.003	378859.768702
16	34	1	1.008	2	4.003	289333.441861
16	35	1	1.008	2	4.003	546917.163502
16	36	1	1.008	2	4.003	1071596.305759
16	37	1	1.008	2	4.003	4734428.404035
16	38	1	1.008	2	4.003	39692346.897257
16	39	1	1.008	2	4.003	-32623625.474974
16	40	1	1.008	2	4.003	832929689.018572
16	41	1	1.008	2	4.003	705041896.818485
16	42	1	1.008	2	4.003	254697406.975054
16	43	1	1.008	2	4.003	620028480.305718
16	44	1	1.008	2	4.003	269135808.793468
16	46	1	1.008	2	4.003	344504815.825764
16	47	1	1.008	2	4.003	230909120.820735
16	48	1	1.008	2	4.003	933980612.396791
16	49	1	1.008	2	4.003	757942686.731162
16	50	1	1.008	2	4.003	653134399.620493
16	51	1	1.008	2	4.003	1072415519.980853
16	57	1	1.008	8	15.999	-112.193620
16	58	1	1.008	8	15.999	-474.464566
16	59	1	1.008	8	15.999	825.310984
16	60	1	1.008	8	15.999	1103.989648
16	61	1	1.008	8	15.999	1658.472402
16	62	1	1.008	8	15.999	4372.003274
16	63	1	1.008	8	15.999	2188.950656
16	64	1	1.008	8	15.999	27501.744976
16	65	1	1.008	8	15.999	8231.365941
16	66	1	1.008	8	15.999	1775592.998371
16	67	1	1.008	8	15.999	-16020128.344387
16	68	1	1.008	8	15.999	54453617.847106
16	69	1	1.008	8	15.999	9637294.672925
16	70	1	1.008	8	15.999	35852234.520297
16	71	1	1.008	8	15.999	44052897.349890
16	72	1	1.008	8	15.999	6081171.056737
16	73	1	1.008	8	15.999	52923762.870131
16	74	1	1.008	8	15.999	6135472.936521
16	75	1	1.008	8	15.999	-8158892.393667
16	76	1	1.008	8	15.999	14679939.778453
16	77	1	1.008	8	15.999	18221197.253676
16	78	1	1.008	8	15.999	32819379.826173
16	79	1	1.008	8	15.999	13695423.485451
16	84	1	1.008	26	55.845	441.129666
16	85	1	1.008	26	55.845	14.373098
16	86	1	1.008	26	55.845	1752.955777
16	87	1	1.008	26	55.845	1663.440134
16	88	1	1.008	26	55.845	11258.342981
16	89	1	1.008	26	55.845	-14015.978647
16	90	1	1.008	26	55.845	525467.021740
16	91	1	1.008	26	55.845	-287464.024013
16	92	1	1.008	26	55.845	-825324.143015
16	93	1	1.008	26	55.845	1190841.500726
16	94	1	1.008	26	55.845	2995635.930268
16	95	1	1.008	26	55.845	7623811.851482
16	97	1	1.008	26	55.845	193811.674589
16	101	1	1.008	26	55.845	4157415.008699
17	17	1	1.008	1	1.008	18590605965.587917
17	18	1	1.008	1	1.008	-8097020534.272025
17	19	1	1.008	1	1.008	3483638709.337095
17	20	1	1.008	1	1.008	290335977.649391
17	21	1	1.008	1	1.008	-1208552130.158601
17	22	1	1.008	1	1.008	442555548.877255
17	23	1	1.008	1	1.008	-53807568.424355
17	25	1	1.008	1	1.008	-38537295.893588
17	30	1	1.008	2	4.003	14362.141878
17	31	1	1.008	2	4.003	18471.131247
17	32	1	1.008	2	4.003	16685.610985
17	33	1	1.008	2	4.003	15197.341676
17	34	1	1.008	2	4.003	34954.420460
17	35	1	1.008	2	4.003	-8024.319321
17	36	1	1.008	2	4.003	249675.409695
17	37	1	1.008	2	4.003	-536339.620925
17	38	1	1.008	2	4.003	14196870.725425
17	39	1	1.008	2	4.003	-53359175.401020
17	40	1	1.008	2	4.003	282746610.988050
17	41	1	1.008	2	4.003	-257360968.869632
17	42	1	1.008	2	4.003	1171037044.875926
17	43	1	1.008	2	4.003	-1970154886.902043
17	44	1	1.008	2	4.003	-41744650.777595
17	46	1	1.008	2	4.003	-844833670.842643
17	47	1	1.008	2	4.003	610454568.347007
17	48	1	1.008	2	4.003	-423930099.525239
17	49	1	1.008	2	4.003	-19287369.038298
17	50	1	1.008	2	4.003	-184702572.507297
17	51	1	1.008	2	4.003	-51717815.238737
17	57	1	1.008	8	15.999	8.195223
17	58	1	1.008	8	15.999	-125.888441
17	59	1	1.008	8	15.999	78.734737
17	60	1	1.008	8	15.999	-385.766516
17	61	1	1.008	8	15.999	687.118700
17	62	1	1.008	8	15.999	-1855.767767
17	63	1	1.008	8	15.999	5882.018667
17	64	1	1.008	8	15.999	-30348.473077
17	65	1	1.008	8	15.999	153900.402816
17	66	1	1.008	8	15.999	-1157931.544724
17	67	1	1.008	8	15.999	8075613.119272
17	68	1	1.008	8	15.999	-25426395.197396
17	69	1	1.008	8	15.999	22247506.886165
17	70	1	1.008	8	15.999	14300043.475575
17	71	1	1.008	8	15.999	20714245.468588
17	72	1	1.008	8	15.999	49157872.225861
17	73	1	1.008	8	15.999	-12014224.530947
17	74	1	1.008	8	15.999	-2150978.444610
17	75	1	1.008	8	15.999	2438191.741559
17	76	1	1.008	8	15.999	18725.671892
17	77	1	1.008	8	15.999	-1238324.347881
17	78	1	1.008	8	15.999	-6044229.726421
17	79	1	1.008	8	15.999	-2176161.672759
17	84	1	1.008	26	55.845	-302.717292
17	85	1	1.008	26	55.845	-127.963893
17	86	1	1.008	26	55.845	-1211.579294
17	87	1	1.008	26	55.845	-1794.457749
17	88	1	1.008	26	55.845	-6508.662368
17	89	1	1.008	26	55.845	7954.709458
17	90	1	1.008	26	55.845	-413409.392497
17	91	1	1.008	26	55.845	-2041845.501042
17	92	1	1.008	26	55.845	2222435.561604
17	93	1	1.008	26	55.845	-7293664.130919
17	94	1	1.008	26	55.845	-413509.915143
17	95	1	1.008	26	55.845	-4928441.720477
17	97	1	1.008	26	55.845	53357.309747
17	101	1	1.008	26	55.845	-457801.670250
18	18	1	1.008	1	1.008	25113855777.270885
18	19	1	1.008	1	1.008	-11273640164.338680
18	20	1	1.008	1	1.008	3786962330.870929
18	21	1	1.008	1	1.008	3319970094.020808
18	22	1	1.008	1	1.008	1478888454.167452
18	23	1	1.008	1	1.008	452435713.775434
18	25	1	1.008	1	1.008	653999718.871307
18	30	1	1.008	2	4.003	83586.397242
18	31	1	1.008	2	4.003	155512.517488
18	32	1	1.008	2	4.003	92637.523487
18	33	1	1.008	2	4.003	173791.782220
18	34	1	1.008	2	4.003	126093.193592
18	35	1	1.008	2	4.003	255631.769822
18	36	1	1.008	2	4.003	433512.869170
18	37	1	1.008	2	4.003	2334918.984539
18	38	1	1.008	2	4.003	14678327.416208
18	39	1	1.008	2	4.003	1069740.805475
18	40	1	1.008	2	4.003	294838554.409392
18	41	1	1.008	2	4.003	399048504.448597
18	42	1	1.008	2	4.003	-471899837.830640
18	43	1	1.008	2	4.003	2004900479.562238
18	44	1	1.008	2	4.003	-2256609368.507836
18	46	1	1.008	2	4.003	1932495539.789549
18	47	1	1.008	2	4.003	-885055520.124422
18	48	1	1.008	2	4.003	1136110840.056646
18	49	1	1.008	2	4.003	804226080.365342
18	50	1	1.008	2	4.003	654530536.248569
18	51	1	1.008	2	4.003	925169255.069261
18	57	1	1.008	8	15.999	-52.455322
18	58	1	1.008	8	15.999	-190.473508
18	59	1	1.008	8	15.999	1219.703966
18	60	1	1.008	8	15.999	1412.287236
18	61	1	1.008	8	15.999	1704.681897
18	62	1	1.008	8	15.999	4501.375177
18	63	1	1.008	8	15.999	1685.560599
18	64	1	1.008	8	15.999	30680.256432
18	65	1	1.008	8	15.999	-33313.517502
18	66	1	1.008	8	15.999	1381442.315504
18	67	1	1.008	8	15.999	-9250574.847080
18	68	1	1.008	8	15.999	29527044.414646
18	69	1	1.008	8	15.999	-2200023.643709
18	70	1	1.008	8	15.999	12244777.155636
18	71	1	1.008	8	15.999	-7177424.887576
18	72	1	1.008	8	15.999	4163280.474635
18	73	1	1.008	8	15.999	23626682.708322
18	74	1	1.008	8	15.999	28694209.019360
18	75	1	1.008	8	15.999	-21340542.217151
18	76	1	1.008	8	15.999	21892272.422020
18	77	1	1.008	8	15.999	14714907.964110
18	78	1	1.008	8	15.999	38736098.358660
18	79	1	1.008	8	15.999	11897868.009922
18	84	1	1.008	26	55.845	457.754533
18	85	1	1.008	26	55.845	196.692221
18	86	1	1.008	26	55.845	1911.627189
18	87	1	1.008	26	55.845	2991.571882
18	88	1	1.008	26	55.845	8413.054188
18	89	1	1.008	26	55.845	5988.840480
18	90	1	1.008	26	55.845	486703.329035
18	91	1	1.008	26	55.845	1693434.217808
18	92	1	1.008	26	55.845	-2014757.987839
18	93	1	1.008	26	55.845	6421705.748475
18	94	1	1.008	26	55.845	-8627049.744078
18	95	1	1.008	26	55.845	12227760.513381
18	97	1	1.008	26	55.845	-8966.346591
18	101	1	1.008	26	55.845	3859921.753941
19	19	1	1.008	1	1.008	44454030547.025940
19	20	1	1.008	1	1.008	-9471453467.404470
19	21	1	1.008	1	1.008	2103508555.591726
19	22	1	1.008	1	1.008	-784246487.367736
19	23	1	1.008	1	1.008	1138242299.397274
19	25	1	1.008	1	1.008	-487489967.334321
19	30	1	1.008	2	4.003	31528.890412
19	31	1	1.008	2	4.003	70893.406643
19	32	1	1.008	2	4.003	43510.662907
19	33	1	1.008	2	4.003	90750.682910
19	34	1	1.008	2	4.003	77062.503287
19	35	1	1.008	2	4.003	133051.379475
19	36	1	1.008	2	4.003	322704.278284
19	37	1	1.008	2	4.003	1052850.025455
19	38	1	1.008	2	4.003	12852950.356775
19	39	1	1.008	2	4.003	-13970198.228779
19	40	1	1.008	2	4.003	229548961.315055
19	41	1	1.008	2	4.003	200360460.732183
19	42	1	1.008	2	4.003	274864457.715438
19	43	1	1.008	2	4.003	66996685.208863
19	44	1	1.008	2	4.003	642771933.406107
19	46	1	1.008	2	4.003	-3535902407.544851
19	47	1	1.008	2	4.003	2446409658.776663
19	48	1	1.008	2	4.003	311213013.953440
19	49	1	1.008	2	4.003	-682510029.173028
19	50	1	1.008	2	4.003	343627445.508546
19	51	1	1.008	2	4.003	323738279.784036
19	57	1	1.008	8	15.999	-16.639009
19	58	1	1.008	8	15.999	-193.495397
19	59	1	1.008	8	15.999	590.499142
19	60	1	1.008	8	15.999	448.027601
19	61	1	1.008	8	15.999	1944.469114
19	62	1	1.008	8	15.999	1324.685120
19	63	1	1.008	8	15.999	8325.716115
19	64	1	1.008	8	15.999	-11477.331340
19	65	1	1.008	8	15.999	152991.737217
19	66	1	1.008	8	15.999	-524856.875365
19	67	1	1.008	8	15.999	5405872.349189
19	68	1	1.008	8	15.999	-16173203.535049
19	69	1	1.008	8	15.999	40927570.758310
19	70	1	1.008	8	15.999	-61291734.973822
19	71	1	1.008	8	15.999	153109153.588015
19	72	1	1.008	8	15.999	-331448838.787252
19	73	1	1.008	8	15.999	154996906.510108
19	74	1	1.008	8	15.999	-107357121.532087
19	75	1	1.008	8	15.999	59171158.730877
19	76	1	1.008	8	15.999	-35113796.798331
19	77	1	1.008	8	15.999	16937812.089692
19	78	1	1.008	8	15.999	-11368166.886021
19	79	1	1.008	8	15.999	6435900.724543
19	84	1	1.008	26	55.845	136.219693
19	85	1	1.008	26	55.845	-313.517977
19	86	1	1.008	26	55.845	221.972961
19	87	1	1.008	26	55.845	-2140.340544
19	88	1	1.008	26	55.845	10585.785681
19	89	1	1.008	26	55.845	-61091.087811
19	90	1	1.008	26	55.845	380575.557721
19	91	1	1.008	26	55.845	-892448.572005
19	92	1	1.008	26	55.845	2178115.472509
19	93	1	1.008	26	55.845	-3470129.745824
19	94	1	1.008	26	55.845	10759656.407108
19	95	1	1.008	26	55.845	-5297116.144780
19	97	1	1.008	26	55.845	675547.422329
19	101	1	1.008	26	55.845	840312.362652
20	20	1	1.008	1	1.008	29237574863.781597
20	21	1	1.008	1	1.008	-5182619855.991875
20	22	1	1.008	1	1.008	8169112030.577796
20	23	1	1.008	1	1.008	-559344506.623017
20	25	1	1.008	1	1.008	1475192687.032611
20	30	1	1.008	2	4.003	100403.692365
20	31	1	1.008	2	4.003	186341.471034
20	32	1	1.008	2	4.003	115667.454037
20	33	1	1.008	2	4.003	209304.285520
20	34	1	1.008	2	4.003	174052.422549
20	35	1	1.008	2	4.003	285615.588940
20	36	1	1.008	2	4.003	717094.973823
20	37	1	1.008	2	4.003	2205984.495978
20	38	1	1.008	2	4.003	29362243.440519
20	39	1	1.008	2	4.003	-42050178.489283
20	40	1	1.008	2	4.003	557389858.026489
20	41	1	1.008	2	4.003	104643720.531147
20	42	1	1.008	2	4.003	739023244.334797
20	43	1	1.008	2	4.003	291754685.187202
20	44	1	1.008	2	4.003	106737235.414583
20	46	1	1.008	2	4.003	-3873940481.790354
20	47	1	1.008	2	4.003	146921799.612824
20	48	1	1.008	2	4.003	-838870166.875414
20	49	1	1.008	2	4.003	1955899315.705883
20	50	1	1.008	2	4.003	413705063.995229
20	51	1	1.008	2	4.003	1180800549.504980
20	57	1	1.008	8	15.999	-64.584158
20	58	1	1.008	8	15.999	-350.732657
20	59	1	1.008	8	15.999	1694.923857
20	60	1	1.008	8	15.999	1673.850255
20	61	1	1.008	8	15.999	3046.766310
20	62	1	1.008	8	15.999	5033.504255
20	63	1	1.008	8	15.999	7711.588078
20	64	1	1.008	8	15.999	19012.271888
20	65	1	1.008	8	15.999	82279.995115
20	66	1	1.008	8	15.999	926063.127494
20	67	1	1.008	8	15.999	-5204346.135040
20	68	1	1.008	8	15.999	17631579.730240
20	69	1	1.008	8	15.999	4360945.895009
20	70	1	1.008	8	15.999	33769903.222792
20	71	1	1.008	8	15.999	-17947384.758249
20	72	1	1.008	8	15.999	164926537.997045
20	73	1	1.008	8	15.999	-51244324.904314
20	74	1	1.008	8	15.999	129865593.799595
20	75	1	1.008	8	15.999	-57678109.260328
20	76	1	1.008	8	15.999	45239866.244811
20	77	1	1.008	8	15.999	10072727.845812
20	78	1	1.008	8	15.999	39566718.387115
20	79	1	1.008	8	15.999	13980044.735468
20	84	1	1.008	26	55.845	519.929265
20	85	1	1.008	26	55.845	93.622245
20	86	1	1.008	26	55.845	2072.343628
20	87	1	1.008	26	55.845	2417.592526
20	88	1	1.008	26	55.845	12133.353172
20	89	1	1.008	26	55.845	-13106.006378
20	90	1	1.008	26	55.845	593055.768011
20	91	1	1.008	26	55.845	1937304.238941
20	92	1	1.008	26	55.845	-855312.085714
20	93	1	1.008	26	55.845	3638915.888603
20	94	1	1.008	26	55.845	-3545145.147531
20	95	1	1.008	26	55.845	14975170.035903
20	97	1	1.008	26	55.845	-782769.568620
20	101	1	1.008	26	55.845	4672815.557932
21	21	1	1.008	1	1.008	24424731026.973839
21	22	1	1.008	1	1.008	-10440219865.352972
21	23	1	1.008	1	1.008	1125359757.680298
21	25	1	1.008	1	1.008	573866935.331141
21	30	1	1.008	2	4.003	87377.038296
21	31	1	1.008	2	4.003	173221.735649
21	32	1	1.008	2	4.003	106051.494713
21	33	1	1.008	2	4.003	203780.687895
21	34	1	1.008	2	4.003	165925.634284
21	35	1	1.008	2	4.003	290757.084865
21	36	1	1.008	2	4.003	665234.858241
21	37	1	1.008	2	4.003	2363381.152236
21	38	1	1.008	2	4.003	26099576.551813
21	39	1	1.008	2	4.003	-27388258.344170
21	40	1	1.008	2	4.003	485168988.284242
21	41	1	1.008	2	4.003	268430863.840466
21	42	1	1.008	2	4.003	412004968.822065
21	43	1	1.008	2	4.003	702817843.772948
21	44	1	1.008	2	4.003	-82195838.657437
21	46	1	1.008	2	4.003	2362124760.321866
21	47	1	1.008	2	4.003	-7065672788.816000
21	48	1	1.008	2	4.003	4133040430.287574
21	49	1	1.008	2	4.003	1551462578.639634
21	50	1	1.008	2	4.003	-545584007.685416
21	51	1	1.008	2	4.003	1044560174.215349
21	57	1	1.008	8	15.999	-55.000667
21	58	1	1.008	8	15.999	-341.770069
21	59	1	1.008	8	15.999	1758.405632
21	60	1	1.008	8	15.999	1738.521736
21	61	1	1.008	8	15.999	3626.860728
21	62	1	1.008	8	15.999	5289.108206
21	63	1	1.008	8	15.999	10663.028832
21	64	1	1.008	8	15.999	13402.152693
21	65	1	1.008	8	15.999	137473.178246
21	66	1	1.008	8	15.999	546901.810501
21	67	1	1.008	8	15.999	-1152042.411092
21	68	1	1.008	8	15.999	9002528.500784
21	69	1	1.008	8	15.999	23549556.257987
21	70	1	1.008	8	15.999	-4115292.444442
21	71	1	1.008	8	15.999	70088610.287103
21	72	1	1.008	8	15.999	-31941635.171813
21	73	1	1.008	8	15.999	109767627.012260
21	74	1	1.008	8	15.999	93556547.743288
21	75	1	1.008	8	15.999	-93346904.584620
21	76	1	1.008	8	15.999	98744786.806869
21	77	1	1.008	8	15.999	929850.047381
21	78	1	1.008	8	15.999	55662595.050855
21	79	1	1.008	8	15.999	15431760.518343
21	84	1	1.008	26	55.845	484.833641
21	85	1	1.008	26	55.845	-128.097486
21	86	1	1.008	26	55.845	1727.117374
21	87	1	1.008	26	55.845	472.511097
21	88	1	1.008	26	55.845	16239.316696
21	89	1	1.008	26	55.845	-50976.329355
21	90	1	1.008	26	55.845	722802.415113
21	91	1	1.008	26	55.845	930140.808153
21	92	1	1.008	26	55.845	659773.724737
21	93	1	1.008	26	55.845	659331.628491
21	94	1	1.008	26	55.845	4251950.291567
21	95	1	1.008	26	55.845	6108923.570341
21	97	1	1.008	26	55.845	-799073.399996
21	101	1	1.008	26	55.845	3012577.766254
22	22	1	1.008	1	1.008	39262978665.992561
22	23	1	1.008	1	1.008	-2541315154.331496
22	25	1	1.008	1	1.008	1743693959.615136
22	30	1	1.008	2	4.003	79325.057067
22	31	1	1.008	2	4.003	148669.784570
22	32	1	1.008	2	4.003	92176.117555
22	33	1	1.008	2	4.003	168173.074530
22	34	1	1.008	2	4.003	139788.335100
22	35	1	1.008	2	4.003	230698.592645
22	36	1	1.008	2	4.003	575400.933104
22	37	1	1.008	2	4.003	1788941.088639
22	38	1	1.008	2	4.003	23499303.439318
22	39	1	1.008	2	4.003	-32655128.830591
22	40	1	1.008	2	4.003	442390790.565021
22	41	1	1.008	2	4.003	114440221.939399
22	42	1	1.008	2	4.003	559189080.866792
22	43	1	1.008	2	4.003	321277821.853493
22	44	1	1.008	2	4.003	104821076.544106
22	46	1	1.008	2	4.003	-95403618.005326
22	47	1	1.008	2	4.003	3561923049.275928
22	48	1	1.008	2	4.003	-11037971280.265293
22	49	1	1.008	2	4.003	881077325.125115
22	50	1	1.008	2	4.003	3586869454.291908
22	51	1	1.008	2	4.003	1448266745.046898
22	57	1	1.008	8	15.999	-51.178871
22	58	1	1.008	8	15.999	-289.619296
22	59	1	1.008	8	15.999	1268.182969
22	60	1	1.008	8	15.999	1230.393060
22	61	1	1.008	8	15.999	2399.253521
22	62	1	1.008	8	15.999	3709.876054
22	63	1	1.008	8	15.999	6531.412479
22	64	1	1.008	8	15.999	11790.321911
22	65	1	1.008	8	15.999	78850.788519
22	66	1	1.008	8	15.999	603868.130990
22	67	1	1.008	8	15.999	-3271568.707183
22	68	1	1.008	8	15.999	9196624.276598
22	69	1	1.008	8	15.999	10100667.057004
22	70	1	1.008	8	15.999	11443387.918929
22	71	1	1.008	8	15.999	9293143.669683
22	72	1	1.008	8	15.999	76779872.298261
22	73	1	1.008	8	15.999	-66076764.141468
22	74	1	1.008	8	15.999	119037696.653206
22	75	1	1.008	8	15.999	134065109.047639
22	76	1	1.008	8	15.999	-157274848.014580
22	77	1	1.008	8	15.999	69846289.809099
22	78	1	1.008	8	15.999	-1852787.035646
22	79	1	1.008	8	15.999	5093549.131397
22	84	1	1.008	26	55.845	428.867992
22	85	1	1.008	26	55.845	34.209402
22	86	1	1.008	26	55.845	1659.516867
22	87	1	1.008	26	55.845	1619.178383
22	88	1	1.008	26	55.845	10947.894289
22	89	1	1.008	26	55.845	-18355.073861
22	90	1	1.008	26	55.845	518027.873313
22	91	1	1.008	26	55.845	1408223.033974
22	92	1	1.008	26	55.845	-281056.797077
22	93	1	1.008	26	55.845	2278078.274316
22	94	1	1.008	26	55.845	-253541.264484
22	95	1	1.008	26	55.845	9723568.340532
22	97	1	1.008	26	55.845	-401795.243779
22	101	1	1.008	26	55.845	7411110.756831
23	23	1	1.008	1	1.008	8444332718.972722
23	25	1	1.008	1	1.008	-2605516125.305444
23	30	1	1.008	2	4.003	24946.018456
23	31	1	1.008	2	4.003	49013.806533
23	32	1	1.008	2	4.003	30094.533403
23	33	1	1.008	2	4.003	57111.680988
23	34	1	1.008	2	4.003	46752.096052
23	35	1	1.008	2	4.003	80693.339129
23	36	1	1.008	2	4.003	188774.087010
23	37	1	1.008	2	4.003	648646.281206
23	38	1	1.008	2	4.003	7440838.456928
23	39	1	1.008	2	4.003	-8195857.667040
23	40	1	1.008	2	4.003	138304177.953816
23	41	1	1.008	2	4.003	56801957.330616
23	42	1	1.008	2	4.003	149374900.997262
23	43	1	1.008	2	4.003	148938628.046892
23	44	1	1.008	2	4.003	24571848.146715
23	46	1	1.008	2	4.003	-220942124.950316
23	47	1	1.008	2	4.003	1278910541.431814
23	48	1	1.008	2	4.003	1056445896.221294
23	49	1	1.008	2	4.003	-3443250049.406799
23	50	1	1.008	2	4.003	-5252105966.576817
23	51	1	1.008	2	4.003	1523346889.766722
23	57	1	1.008	8	15.999	-13.257508
23	58	1	1.008	8	15.999	-96.630514
23	59	1	1.008	8	15.999	742.019529
23	60	1	1.008	8	15.999	706.016546
23	61	1	1.008	8	15.999	1394.201816
23	62	1	1.008	8	15.999	2006.490956
23	63	1	1.008	8	15.999	3982.067164
23	64	1	1.008	8	15.999	5244.283196
23	65	1	1.008	8	15.999	48749.349177
23	66	1	1.008	8	15.999	159126.766396
23	67	1	1.008	8	15.999	249472.664960
23	68	1	1.008	8	15.999	3927471.374291
23	69	1	1.008	8	15.999	5573236.077614
23	70	1	1.008	8	15.999	1088521.771772
23	71	1	1.008	8	15.999	15178791.834380
23	72	1	1.008	8	15.999	-1364682.247326
23	73	1	1.008	8	15.999	30787506.513461
23	74	1	1.008	8	15.999	-69597097.516259
23	75	1	1.008	8	15.999	21140348.714658
23	76	1	1.008	8	15.999	234980327.569991
23	77	1	1.008	8	15.999	-38043323.411764
23	78	1	1.008	8	15.999	34928756.255199
23	79	1	1.008	8	15.999	8025350.848028
23	84	1	1.008	26	55.845	127.912814
23	85	1	1.008	26	55.845	-18.650625
23	86	1	1.008	26	55.845	475.110047
23	87	1	1.008	26	55.845	264.177412
23	88	1	1.008	26	55.845	3917.998836
23	89	1	1.008	26	55.845	-10476.814085
23	90	1	1.008	26	55.845	182148.603742
23	91	1	1.008	26	55.845	249200.340989
23	92	1	1.008	26	55.845	122359.981933
23	93	1	1.008	26	55.845	362649.217251
23	94	1	1.008	26	55.845	698357.968845
23	95	1	1.008	26	55.845	2347272.623834
23	97	1	1.008	26	55.845	1322099.653281
23	101	1	1.008	26	55.845	-1083183.811113
25	25	1	1.008	1	1.008	54480599252.659897
25	30	1	1.008	2	4.003	15901.321978
25	31	1	1.008	2	4.003	34425.959672
25	32	1	1.008	2	4.003	21210.847197
25	33	1	1.008	2	4.003	42914.270980
25	34	1	1.008	2	4.003	36475.091755
25	35	1	1.008	2	4.003	61862.163859
25	36	1	1.008	2	4.003	153141.865293
25	37	1	1.008	2	4.003	483753.962919
25	38	1	1.008	2	4.003	6203493.411136
25	39	1	1.008	2	4.003	-8364557.813305
25	40	1	1.008	2	4.003	117690092.751182
25	41	1	1.008	2	4.003	39993726.149510
25	42	1	1.008	2	4.003	133386736.426620
25	43	1	1.008	2	4.003	111592026.749150
25	44	1	1.008	2	4.003	4160785.814184
25	46	1	1.008	2	4.003	347512183.035853
25	47	1	1.008	2	4.003	-604779504.859792
25	48	1	1.008	2	4.003	594147664.323514
25	49	1	1.008	2	4.003	2392446426.034980
25	50	1	1.008	2	4.003	-4913758376.885868
25	51	1	1.008	2	4.003	-5813749920.198027
25	57	1	1.008	8	15.999	-19.020776
25	58	1	1.008	8	15.999	-88.811817
25	59	1	1.008	8	15.999	65.789757
25	60	1	1.008	8	15.999	133.844447
25	61	1	1.008	8	15.999	375.824542
25	62	1	1.008	8	15.999	692.251141
25	63	1	1.008	8	15.999	1200.123009
25	64	1	1.008	8	15.999	2331.297719
25	65	1	1.008	8	15.999	16562.769236
25	66	1	1.008	8	15.999	166698.579774
25	67	1	1.008	8	15.999	-1163822.835306
25	68	1	1.008	8	15.999	2678281.927280
25	69	1	1.008	8	15.999	2533793.563673
25	70	1	1.008	8	15.999	3351248.878690
25	71	1	1.008	8	15.999	2855409.983136
25	72	1	1.008	8	15.999	21931688.444723
25	73	1	1.008	8	15.999	-17237362.222850
25	74	1	1.008	8	15.999	53913412.647687
25	75	1	1.008	8	15.999	-100415885.410730
25	76	1	1.008	8	15.999	225804744.642104
25	77	1	1.008	8	15.999	6382627.351388
25	78	1	1.008	8	15.999	-214036272.179786
25	79	1	1.008	8	15.999	-169352376.513596
25	84	1	1.008	26	55.845	81.518196
25	85	1	1.008	26	55.845	-74.381783
25	86	1	1.008	26	55.845	255.236159
25	87	1	1.008	26	55.845	-324.918242
25	88	1	1.008	26	55.845	4036.573410
25	89	1	1.008	26	55.845	-18772.132712
25	90	1	1.008	26	55.845	156106.509332
25	91	1	1.008	26	55.845	298914.197234
25	92	1	1.008	26	55.845	29547.328128
25	93	1	1.008	26	55.845	362604.332485
25	94	1	1.008	26	55.845	369173.608677
25	95	1	1.008	26	55.845	1845133.717984
25	97	1	1.008	26	55.845	254627.416656
25	101	1	1.008	26	55.845	16500548.303028
30	30	2	4.003	2	4.003	23835.067266
30	31	2	4.003	2	4.003	12687.491920
30	32	2	4.003	2	4.003	12058.120828
30	33	2	4.003	2	4.003	6989.155158
30	34	2	4.003	2	4.003	4785.253620
30	35	2	4.003	2	4.003	3083.531798
30	36	2	4.003	2	4.003	7980.601873
30	37	2	4.003	2	4.003	16380.823043
30	38	2	4.003	2	4.003	11716.476326
30	39	2	4.003	2	4.003	73332.651001
30	40	2	4.003	2	4.003	3188.696471
30	41	2	4.003	2	4.003	33683.690912
30	42	2	4.003	2	4.003	22989.875766
30	43	2	4.003	2	4.003	32436.205686
30	44	2	4.003	2	4.003	-783.391567
30	46	2	4.003	2	4.003	3840.969361
30	47	2	4.003	2	4.003	18036.075442
30	48	2	4.003	2	4.003	24223.747901
30	49	2	4.003	2	4.003	27700.432449
30	50	2	4.003	2	4.003	20838.150079
30	51	2	4.003	2	4.003	35885.787408
30	57	2	4.003	8	15.999	48.158197
30	58	2	4.003	8	15.999	213.883329
30	59	2	4.003	8	15.999	329.862302
30	60	2	4.003	8	15.999	234.736756
30	61	2	4.003	8	15.999	168.137321
30	62	2	4.003	8	15.999	70.238069
30	63	2	4.003	8	15.999	24.374828
30	64	2	4.003	8	15.999	-19.792159
30	65	2	4.003	8	15.999	36.182186
30	66	2	4.003	8	15.999	-270.928806
30	67	2	4.003	8	15.999	111.331754
30	68	2	4.003	8	15.999	407.981814
30	69	2	4.003	8	15.999	1296.074824
30	70	2	4.003	8	15.999	512.053630
30	71	2	4.003	8	15.999	2167.451504
30	72	2	4.003	8	15.999	738.259748
30	73	2	4.003	8	15.999	1470.106920
30	74	2	4.003	8	15.999	399.819051
30	75	2	4.003	8	15.999	-282.715578
30	76	2	4.003	8	15.999	629.977410
30	77	2	4.003	8	15.999	973.295777
30	78	2	4.003	8	15.999	1435.347907
30	79	2	4.003	8	15.999	257.911456
30	84	2	4.003	26	55.845	26.230748
30	85	2	4.003	26	55.845	17.521138
30	86	2	4.003	26	55.845	13.014718
30	87	2	4.003	26	55.845	2.613256
30	88	2	4.003	26	55.845	11.081821
30	89	2	4.003	26	55.845	3.464173
30	90	2	4.003	26	55.845	118.502258
30	91	2	4.003	26	55.845	81.769528
30	92	2	4.003	26	55.845	67.624323
30	93	2	4.003	26	55.845	190.219752
30	94	2	4.003	26	55.845	238.812041
30	95	2	4.003	26	55.845	395.951905
30	97	2	4.003	26	55.845	6.871735
30	101	2	4.003	26	55.845	211.350394
31	31	2	4.003	2	4.003	23318.553463
31	32	2	4.003	2	4.003	8709.018856
31	33	2	4.003	2	4.003	12033.101257
31	34	2	4.003	2	4.003	4847.688554
31	35	2	4.003	2	4.003	8025.628125
31	36	2	4.003	2	4.003	11544.105911
31	37	2	4.003	2	4.003	38275.117291
31	38	2	4.003	2	4.003	12655.541789
31	39	2	4.003	2	4.003	154967.402525
31	40	2	4.003	2	4.003	-8491.931678
31	41	2	4.003	2	4.003	74400.477055
31	42	2	4.003	2	4.003	39800.406703
31	43	2	4.003	2	4.003	64968.277704
31	44	2	4.003	2	4.003	-1474.900998
31	46	2	4.003	2	4.003	9475.665869
31	47	2	4.003	2	4.003	32424.992673
31	48	2	4.003	2	4.003	49558.268475
31	49	2	4.003	2	4.003	53283.763031
31	50	2	4.003	2	4.003	38128.913050
31	51	2	4.003	2	4.003	72548.823953
31	57	2	4.003	8	15.999	48.807377
31	58	2	4.003	8	15.999	216.623336
31	59	2	4.003	8	15.999	336.751538
31	60	2	4.003	8	15.999	239.424369
31	61	2	4.003	8	15.999	172.356752
31	62	2	4.003	8	15.999	72.985890
31	63	2	4.003	8	15.999	27.731068
31	64	2	4.003	8	15.999	-14.804448
31	65	2	4.003	8	15.999	73.131365
31	66	2	4.003	8	15.999	-362.967440
31	67	2	4.003	8	15.999	724.512599
31	68	2	4.003	8	15.999	559.539808
31	69	2	4.003	8	15.999	2831.416223
31	70	2	4.003	8	15.999	1051.265941
31	71	2	4.003	8	15.999	4571.323592
31	72	2	4.003	8	15.999	1410.608557
31	73	2	4.003	8	15.999	3136.955336
31	74	2	4.003	8	15.999	758.772313
31	75	2	4.003	8	15.999	-564.263178
31	76	2	4.003	8	15.999	1574.235062
31	77	2	4.003	8	15.999	2055.195971
31	78	2	4.003	8	15.999	3027.901224
31	79	2	4.003	8	15.999	689.648357
31	84	2	4.003	26	55.845	26.744949
31	85	2	4.003	26	55.845	17.834345
31	86	2	4.003	26	55.845	13.407718
31	87	2	4.003	26	55.845	2.715296
31	88	2	4.003	26	55.845	12.877552
31	89	2	4.003	26	55.845	1.968276
31	90	2	4.003	26	55.845	149.590042
31	91	2	4.003	26	55.845	178.068681
31	92	2	4.003	26	55.845	51.728247
31	93	2	4.003	26	55.845	297.389778
31	94	2	4.003	26	55.845	302.833986
31	95	2	4.003	26	55.845	659.569811
31	97	2	4.003	26	55.845	13.215316
31	101	2	4.003	26	55.845	335.534292
32	32	2	4.003	2	4.003	11108.166694
32	33	2	4.003	2	4.003	3897.312847
32	34	2	4.003	2	4.003	5123.097738
32	35	2	4.003	2	4.003	2292.075618
32	36	2	4.003	2	4.003	10708.369321
32	37	2	4.003	2	4.003	17047.469297
32	38	2	4.003	2	4.003	16406.798776
32	39	2	4.003	2	4.003	78694.782468
32	40	2	4.003	2	4.003	7775.578567
32	41	2	4.003	2	4.003	36133.874324
32	42	2	4.003	2	4.003	29826.901018
32	43	2	4.003	2	4.003	37362.985269
32	44	2	4.003	2	4.003	316.668570
32	46	2	4.003	2	4.003	5537.559834
32	47	2	4.003	2	4.003	20292.194899
32	48	2	4.003	2	4.003	30259.897169
32	49	2	4.003	2	4.003	32877.539014
32	50	2	4.003	2	4.003	23721.025778
32	51	2	4.003	2	4.003	44443.854326
32	57	2	4.003	8	15.999	31.142042
32	58	2	4.003	8	15.999	138.238712
32	59	2	4.003	8	15.999	214.577835
32	60	2	4.003	8	15.999	152.583041
32	61	2	4.003	8	15.999	109.686962
32	62	2	4.003	8	15.999	46.327904
32	63	2	4.003	8	15.999	17.043679
32	64	2	4.003	8	15.999	-9.537001
32	65	2	4.003	8	15.999	36.406288
32	66	2	4.003	8	15.999	-187.923513
32	67	2	4.003	8	15.999	246.485842
32	68	2	4.003	8	15.999	711.343547
32	69	2	4.003	8	15.999	1494.087399
32	70	2	4.003	8	15.999	749.632162
32	71	2	4.003	8	15.999	2647.623410
32	72	2	4.003	8	15.999	881.901185
32	73	2	4.003	8	15.999	1888.945343
32	74	2	4.003	8	15.999	460.421731
32	75	2	4.003	8	15.999	-347.041585
32	76	2	4.003	8	15.999	911.200731
32	77	2	4.003	8	15.999	1203.373400
32	78	2	4.003	8	15.999	1791.579728
32	79	2	4.003	8	15.999	418.073137
32	84	2	4.003	26	55.845	17.047206
32	85	2	4.003	26	55.845	11.373754
32	86	2	4.003	26	55.845	8.528604
32	87	2	4.003	26	55.845	1.739034
32	88	2	4.003	26	55.845	7.973283
32	89	2	4.003	26	55.845	1.346877
32	90	2	4.003	26	55.845	96.897235
32	91	2	4.003	26	55.845	86.829668
32	92	2	4.003	26	55.845	46.229729
32	93	2	4.003	26	55.845	175.886821
32	94	2	4.003	26	55.845	197.526839
32	95	2	4.003	26	55.845	406.398915
32	97	2	4.003	26	55.845	8.153389
32	101	2	4.003	26	55.845	209.697624
33	33	2	4.003	2	4.003	12110.666206
33	34	2	4.003	2	4.003	1534.732538
33	35	2	4.003	2	4.003	11110.695982
33	36	2	4.003	2	4.003	8610.936208
33	37	2	4.003	2	4.003	48526.179479
33	38	2	4.003	2	4.003	4154.870656
33	39	2	4.003	2	4.003	183885.621813
33	40	2	4.003	2	4.003	-20641.675839
33	41	2	4.003	2	4.003	91884.458464
33	42	2	4.003	2	4.003	42900.607975
33	43	2	4.003	2	4.003	76275.144061
33	44	2	4.003	2	4.003	-1446.513740
33	46	2	4.003	2	4.003	12555.554138
33	47	2	4.003	2	4.003	35393.336134
33	48	2	4.003	2	4.003	59292.774112
33	49	2	4.003	2	4.003	61131.148629
33	50	2	4.003	2	4.003	42498.713695
33	51	2	4.003	2	4.003	85916.488029
33	57	2	4.003	8	15.999	19.719761
33	58	2	4.003	8	15.999	87.495570
33	59	2	4.003	8	15.999	137.122689
33	60	2	4.003	8	15.999	97.798360
33	61	2	4.003	8	15.999	71.485517
33	62	2	4.003	8	15.999	32.368187
33	63	2	4.003	8	15.999	16.094760
33	64	2	4.003	8	15.999	4.105416
33	65	2	4.003	8	15.999	83.860745
33	66	2	4.003	8	15.999	-283.529387
33	67	2	4.003	8	15.999	1201.372172
33	68	2	4.003	8	15.999	452.483920
33	69	2	4.003	8	15.999	3464.571292
33	70	2	4.003	8	15.999	1221.770508
33	71	2	4.003	8	15.999	5482.386100
33	72	2	4.003	8	15.999	1567.112144
33	73	2	4.003	8	15.999	3821.840378
33	74	2	4.003	8	15.999	847.382121
33	75	2	4.003	8	15.999	-661.725841
33	76	2	4.003	8	15.999	2034.337608
33	77	2	4.003	8	15.999	2431.157265
33	78	2	4.003	8	15.999	3605.701095
33	79	2	4.003	8	15.999	950.519489
33	84	2	4.003	26	55.845	10.883887
33	85	2	4.003	26	55.845	7.204101
33	86	2	4.003	26	55.845	5.731076
33	87	2	4.003	26	55.845	1.247325
33	88	2	4.003	26	55.845	8.190393
33	89	2	4.003	26	55.845	-1.027085
33	90	2	4.003	26	55.845	109.855078
33	91	2	4.003	26	55.845	216.658958
33	92	2	4.003	26	55.845	-2.508275
33	93	2	4.003	26	55.845	282.351659
33	94	2	4.003	26	55.845	219.401405
33	95	2	4.003	26	55.845	672.245576
33	97	2	4.003	26	55.845	15.149236
33	101	2	4.003	26	55.845	327.850815
34	34	2	4.003	2	4.003	8588.231394
34	35	2	4.003	2	4.003	-2019.330177
34	36	2	4.003	2	4.003	22335.102106
34	37	2	4.003	2	4.003	10985.324591
34	38	2	4.003	2	4.003	40766.759152
34	39	2	4.003	2	4.003	75373.246572
34	40	2	4.003	2	4.003	40151.486193
34	41	2	4.003	2	4.003	32410.160004
34	42	2	4.003	2	4.003	59072.712115
34	43	2	4.003	2	4.003	50808.220812
34	44	2	4.003	2	4.003	4641.219309
34	46	2	4.003	2	4.003	9533.322719
34	47	2	4.003	2	4.003	29870.991081
34	48	2	4.003	2	4.003	48334.353699
34	49	2	4.003	2	4.003	50452.499895
34	50	2	4.003	2	4.003	35442.344583
34	51	2	4.003	2	4.003	70440.956563
34	57	2	4.003	8	15.999	7.783111
34	58	2	4.003	8	15.999	34.557107
34	59	2	4.003	8	15.999	54.281997
34	60	2	4.003	8	15.999	38.903007
34	61	2	4.003	8	15.999	28.627833
34	62	2	4.003	8	15.999	13.908109
34	63	2	4.003	8	15.999	7.130604
34	64	2	4.003	8	15.999	8.740097
34	65	2	4.003	8	15.999	28.587651
34	66	2	4.003	8	15.999	-14.996221
34	67	2	4.003	8	15.999	193.268068
34	68	2	4.003	8	15.999	2033.778470
34	69	2	4.003	8	15.999	1759.635073
34	70	2	4.003	8	15.999	1501.273567
34	71	2	4.003	8	15.999	3818.645406
34	72	2	4.003	8	15.999	1339.603712
34	73	2	4.003	8	15.999	3024.637980
34	74	2	4.003	8	15.999	657.637360
34	75	2	4.003	8	15.999	-546.750849
34	76	2	4.003	8	15.999	1496.790671
34	77	2	4.003	8	15.999	1747.007370
34	78	2	4.003	8	15.999	2683.995308
34	79	2	4.003	8	15.999	808.350322
34	84	2	4.003	26	55.845	4.317275
34	85	2	4.003	26	55.845	2.845696
34	86	2	4.003	26	55.845	2.393537
34	87	2	4.003	26	55.845	0.630297
34	88	2	4.003	26	55.845	4.355662
34	89	2	4.003	26	55.845	-1.602184
34	90	2	4.003	26	55.845	88.885498
34	91	2	4.003	26	55.845	75.754022
34	92	2	4.003	26	55.845	42.074909
34	93	2	4.003	26	55.845	176.075490
34	94	2	4.003	26	55.845	184.197955
34	95	2	4.003	26	55.845	521.503758
34	97	2	4.003	26	55.845	12.502756
34	101	2	4.003	26	55.845	261.802177
35	35	2	4.003	2	4.003	25215.792099
35	36	2	4.003	2	4.003	-9165.208792
35	37	2	4.003	2	4.003	101718.866245
35	38	2	4.003	2	4.003	-43407.247003
35	39	2	4.003	2	4.003	341966.474325
35	40	2	4.003	2	4.003	-99465.285666
35	41	2	4.003	2	4.003	179791.800972
35	42	2	4.003	2	4.003	32140.517064
35	43	2	4.003	2	4.003	120542.393813
35	44	2	4.003	2	4.003	-7924.235441
35	46	2	4.003	2	4.003	19939.366791
35	47	2	4.003	2	4.003	46818.277457
35	48	2	4.003	2	4.003	85440.303363
35	49	2	4.003	2	4.003	85039.308511
35	50	2	4.003	2	4.003	57581.322029
35	51	2	4.003	2	4.003	122546.368479
35	57	2	4.003	8	15.999	1.996351
35	58	2	4.003	8	15.999	8.787428
35	59	2	4.003	8	15.999	16.175091
35	60	2	4.003	8	15.999	12.247124
35	61	2	4.003	8	15.999	11.589912
35	62	2	4.003	8	15.999	9.824157
35	63	2	4.003	8	15.999	13.985806
35	64	2	4.003	8	15.999	20.159902
35	65	2	4.003	8	15.999	158.524145
35	66	2	4.003	8	15.999	-504.881715
35	67	2	4.003	8	15.999	2863.278154
35	68	2	4.003	8	15.999	-1310.205111
35	69	2	4.003	8	15.999	6182.925286
35	70	2	4.003	8	15.999	1189.974202
35	71	2	4.003	8	15.999	8591.230584
35	72	2	4.003	8	15.999	2078.068867
35	73	2	4.003	8	15.999	5663.618381
35	74	2	4.003	8	15.999	1199.195206
35	75	2	4.003	8	15.999	-933.293674
35	76	2	4.003	8	15.999	3233.196876
35	77	2	4.003	8	15.999	3718.945328
35	78	2	4.003	8	15.999	5441.377410
35	79	2	4.003	8	15.999	1448.759118
35	84	2	4.003	26	55.845	1.267146
35	85	2	4.003	26	55.845	0.705284
35	86	2	4.003	26	55.845	1.291603
35	87	2	4.003	26	55.845	0.393678
35	88	2	4.003	26	55.845	7.835343
35	89	2	4.003	26	55.845	-3.700752
35	90	2	4.003	26	55.845	96.651804
35	91	2	4.003	26	55.845	422.205527
35	92	2	4.003	26	55.845	-108.543797
35	93	2	4.003	26	55.845	397.704369
35	94	2	4.003	26	55.845	181.364825
35	95	2	4.003	26	55.845	892.130917
35	97	2	4.003	26	55.845	21.080923
35	101	2	4.003	26	55.845	411.634965
36	36	2	4.003	2	4.003	138366.801209
36	37	2	4.003	2	4.003	-87993.626990
36	38	2	4.003	2	4.003	342235.188308
36	39	2	4.003	2	4.003	-54056.751534
36	40	2	4.003	2	4.003	435772.551771
36	41	2	4.003	2	4.003	-73892.333756
36	42	2	4.003	2	4.003	353237.639666
36	43	2	4.003	2	4.003	149650.658522
36	44	2	4.003	2	4.003	46395.870198
36	46	2	4.003	2	4.003	34650.020754
36	47	2	4.003	2	4.003	125357.517441
36	48	2	4.003	2	4.003	193892.997364
36	49	2	4.003	2	4.003	205848.755244
36	50	2	4.003	2	4.003	146534.089402
36	51	2	4.003	2	4.003	284715.373041
36	57	2	4.003	8	15.999	-1.333890
36	58	2	4.003	8	15.999	-5.744299
36	59	2	4.003	8	15.999	-7.963754
36	60	2	4.003	8	15.999	-4.454265
36	61	2	4.003	8	15.999	-2.331547
36	62	2	4.003	8	15.999	5.405802
36	63	2	4.003	8	15.999	1.841638
36	64	2	4.003	8	15.999	53.379184
36	65	2	4.003	8	15.999	-81.970226
36	66	2	4.003	8	15.999	973.933179
36	67	2	4.003	8	15.999	-3048.110878
36	68	2	4.003	8	15.999	16169.406051
36	69	2	4.003	8	15.999	1953.186288
36	70	2	4.003	8	15.999	8453.257984
36	71	2	4.003	8	15.999	12211.237402
36	72	2	4.003	8	15.999	5701.330115
36	73	2	4.003	8	15.999	11686.396574
36	74	2	4.003	8	15.999	2492.676780
36	75	2	4.003	8	15.999	-2231.378324
36	76	2	4.003	8	15.999	5209.854898
36	77	2	4.003	8	15.999	5893.881368
36	78	2	4.003	8	15.999	9556.603507
36	79	2	4.003	8	15.999	3380.964903
36	84	2	4.003	26	55.845	-0.570537
36	85	2	4.003	26	55.845	-0.440960
36	86	2	4.003	26	55.845	0.488169
36	87	2	4.003	26	55.845	0.939103
36	88	2	4.003	26	55.845	6.583245
36	89	2	4.003	26	55.845	-10.672062
36	90	2	4.003	26	55.845	360.779306
36	91	2	4.003	26	55.845	-180.209777
36	92	2	4.003	26	55.845	388.726494
36	93	2	4.003	26	55.845	456.795327
36	94	2	4.003	26	55.845	784.695465
36	95	2	4.003	26	55.845	1977.491871
36	97	2	4.003	26	55.845	50.944084
36	101	2	4.003	26	55.845	1035.228790
37	37	2	4.003	2	4.003	1310622.783303
37	38	2	4.003	2	4.003	-1077028.881950
37	39	2	4.003	2	4.003	4229843.344565
37	40	2	4.003	2	4.003	-1965581.034735
37	41	2	4.003	2	4.003	2304338.171666
37	42	2	4.003	2	4.003	-226985.006218
37	43	2	4.003	2	4.003	1199297.632067
37	44	2	4.003	2	4.003	-176032.382508
37	46	2	4.003	2	4.003	182102.605071
37	47	2	4.003	2	4.003	347393.510281
37	48	2	4.003	2	4.003	697670.396750
37	49	2	4.003	2	4.003	670881.668335
37	50	2	4.003	2	4.003	439467.920553
37	51	2	4.003	2	4.003	989929.783992
37	57	2	4.003	8	15.999	-0.520690
37	58	2	4.003	8	15.999	-3.548163
37	59	2	4.003	8	15.999	25.863031
37	60	2	4.003	8	15.999	26.062023
37	61	2	4.003	8	15.999	53.154667
37	62	2	4.003	8	15.999	75.880235
37	63	2	4.003	8	15.999	161.173965
37	64	2	4.003	8	15.999	186.460820
37	65	2	4.003	8	15.999	2126.006879
37	66	2	4.003	8	15.999	-7913.484918
37	67	2	4.003	8	15.999	40616.350518
37	68	2	4.003	8	15.999	-43663.875879
37	69	2	4.003	8	15.999	71589.434612
37	70	2	4.003	8	15.999	-49.536121
37	71	2	4.003	8	15.999	83107.189695
37	72	2	4.003	8	15.999	15384.405644
37	73	2	4.003	8	15.999	48431.003943
37	74	2	4.003	8	15.999	10228.947476
37	75	2	4.003	8	15.999	-7431.338134
37	76	2	4.003	8	15.999	30477.415996
37	77	2	4.003	8	15.999	35096.297874
37	78	2	4.003	8	15.999	49652.238175
37	79	2	4.003	8	15.999	11740.161408
37	84	2	4.003	26	55.845	1.726381
37	85	2	4.003	26	55.845	-0.547988
37	86	2	4.003	26	55.845	8.122773
37	87	2	4.003	26	55.845	1.952971
37	88	2	4.003	26	55.845	84.003760
37	89	2	4.003	26	55.845	-29.243439
37	90	2	4.003	26	55.845	514.123835
37	91	2	4.003	26	55.845	5407.045191
37	92	2	4.003	26	55.845	-2016.693495
37	93	2	4.003	26	55.845	3963.706453
37	94	2	4.003	26	55.845	731.857108
37	95	2	4.003	26	55.845	7255.893209
37	97	2	4.003	26	55.845	166.052738
37	101	2	4.003	26	55.845	3128.850904
38	38	2	4.003	2	4.003	15943834.120249
38	39	2	4.003	2	4.003	-17048744.623814
38	40	2	4.003	2	4.003	28872212.920548
38	41	2	4.003	2	4.003	-11202034.109179
38	42	2	4.003	2	4.003	18683374.669750
38	43	2	4.003	2	4.003	3707917.533716
38	44	2	4.003	2	4.003	2928479.707168
38	46	2	4.003	2	4.003	1154494.717019
38	47	2	4.003	2	4.003	5263988.053771
38	48	2	4.003	2	4.003	7549127.793856
38	49	2	4.003	2	4.003	8261648.682047
38	50	2	4.003	2	4.003	6218506.651200
38	51	2	4.003	2	4.003	11078486.532237
38	57	2	4.003	8	15.999	-2.716447
38	58	2	4.003	8	15.999	-2.525348
38	59	2	4.003	8	15.999	46.733509
38	60	2	4.003	8	15.999	80.405269
38	61	2	4.003	8	15.999	49.879697
38	62	2	4.003	8	15.999	297.615594
38	63	2	4.003	8	15.999	-170.549700
38	64	2	4.003	8	15.999	2923.419077
38	65	2	4.003	8	15.999	-9659.732514
38	66	2	4.003	8	15.999	100942.674501
38	67	2	4.003	8	15.999	-347819.380761
38	68	2	4.003	8	15.999	947918.245569
38	69	2	4.003	8	15.999	-156925.104797
38	70	2	4.003	8	15.999	400182.993675
38	71	2	4.003	8	15.999	304077.762178
38	72	2	4.003	8	15.999	214970.212325
38	73	2	4.003	8	15.999	416227.169437
38	74	2	4.003	8	15.999	86007.088443
38	75	2	4.003	8	15.999	-87403.729458
38	76	2	4.003	8	15.999	126380.833822
38	77	2	4.003	8	15.999	144578.111378
38	78	2	4.003	8	15.999	276421.751307
38	79	2	4.003	8	15.999	131042.610901
38	84	2	4.003	26	55.845	-1.903304
38	85	2	4.003	26	55.845	8.905580
38	86	2	4.003	26	55.845	9.599027
38	87	2	4.003	26	55.845	86.423930
38	88	2	4.003	26	55.845	-164.052422
38	89	2	4.003	26	55.845	612.358373
38	90	2	4.003	26	55.845	17630.049190
38	91	2	4.003	26	55.845	-27423.219589
38	92	2	4.003	26	55.845	26962.354748
38	93	2	4.003	26	55.845	10427.667087
38	94	2	4.003	26	55.845	38536.750362
38	95	2	4.003	26	55.845	77249.699900
38	97	2	4.003	26	55.845	2029.275531
38	101	2	4.003	26	55.845	43710.550394
39	39	2	4.003	2	4.003	110918345.863528
39	40	2	4.003	2	4.003	-120590684.827659
39	41	2	4.003	2	4.003	75554492.197323
39	42	2	4.003	2	4.003	-57597886.892127
39	43	2	4.003	2	4.003	12870074.052958
39	44	2	4.003	2	4.003	-11051689.722910
39	46	2	4.003	2	4.003	658627.877877
39	47	2	4.003	2	4.003	-8479095.407399
39	48	2	4.003	2	4.003	-7522496.056995
39	49	2	4.003	2	4.003	-10285735.303169
39	50	2	4.003	2	4.003	-10239274.134497
39	51	2	4.003	2	4.003	-11228158.411774
39	57	2	4.003	8	15.999	12.692585
39	58	2	4.003	8	15.999	29.083806
39	59	2	4.003	8	15.999	433.819180
39	60	2	4.003	8	15.999	357.655310
39	61	2	4.003	8	15.999	720.654401
39	62	2	4.003	8	15.999	721.205700
39	63	2	4.003	8	15.999	2406.738858
39	64	2	4.003	8	15.999	-832.688539
39	65	2	4.003	8	15.999	37625.157009
39	66	2	4.003	8	15.999	-314388.842210
39	67	2	4.003	8	15.999	1967262.302825
39	68	2	4.003	8	15.999	-3017130.506540
39	69	2	4.003	8	15.999	1816386.692112
39	70	2	4.003	8	15.999	-893679.646820
39	71	2	4.003	8	15.999	940455.241275
39	72	2	4.003	8	15.999	-181101.417710
39	73	2	4.003	8	15.999	-110005.752365
39	74	2	4.003	8	15.999	-1486.149078
39	75	2	4.003	8	15.999	92771.822187
39	76	2	4.003	8	15.999	469670.194434
39	77	2	4.003	8	15.999	526394.851251
39	78	2	4.003	8	15.999	474165.248341
39	79	2	4.003	8	15.999	-134927.558923
39	84	2	4.003	26	55.845	65.914046
39	85	2	4.003	26	55.845	-25.496624
39	86	2	4.003	26	55.845	185.584691
39	87	2	4.003	26	55.845	-179.262210
39	88	2	4.003	26	55.845	2729.091724
39	89	2	4.003	26	55.845	-5917.194718
39	90	2	4.003	26	55.845	11459.260129
39	91	2	4.003	26	55.845	140383.012650
39	92	2	4.003	26	55.845	-77646.073722
39	93	2	4.003	26	55.845	37866.159597
39	94	2	4.003	26	55.845	-78310.569715
39	95	2	4.003	26	55.845	-76141.772587
39	97	2	4.003	26	55.845	-2369.816822
39	101	2	4.003	26	55.845	-67793.967227
40	40	2	4.003	2	4.003	508675984.574811
40	41	2	4.003	2	4.003	-183394157.415158
40	42	2	4.003	2	4.003	341400493.887692
40	43	2	4.003	2	4.003	73638572.329637
40	44	2	4.003	2	4.003	47312507.908780
40	46	2	4.003	2	4.003	19534164.384168
40	47	2	4.003	2	4.003	99508151.050058
40	48	2	4.003	2	4.003	140514553.004330
40	49	2	4.003	2	4.003	154254435.139343
40	50	2	4.003	2	4.003	119887808.054392
40	51	2	4.003	2	4.003	204975259.606359
40	57	2	4.003	8	15.999	-30.341577
40	58	2	4.003	8	15.999	-128.530236
40	59	2	4.003	8	15.999	-985.693151
40	60	2	4.003	8	15.999	-959.106060
40	61	2	4.003	8	15.999	-1382.745194
40	62	2	4.003	8	15.999	-2330.676064
40	63	2	4.003	8	15.999	-3061.042105
40	64	2	4.003	8	15.999	-10331.424454
40	65	2	4.003	8	15.999	-16099.539342
40	66	2	4.003	8	15.999	231494.798952
40	67	2	4.003	8	15.999	-6146902.153448
40	68	2	4.003	8	15.999	13346651.182317
40	69	2	4.003	8	15.999	-1693081.896373
40	70	2	4.003	8	15.999	6168958.859345
40	71	2	4.003	8	15.999	5745156.139984
40	72	2	4.003	8	15.999	3606983.548897
40	73	2	4.003	8	15.999	7415455.924839
40	74	2	4.003	8	15.999	1462199.443688
40	75	2	4.003	8	15.999	-1601032.694261
40	76	2	4.003	8	15.999	1641151.453006
40	77	2	4.003	8	15.999	1886686.626122
40	78	2	4.003	8	15.999	4241273.389525
40	79	2	4.003	8	15.999	2472109.670245
40	84	2	4.003	26	55.845	-38.536567
40	85	2	4.003	26	55.845	27.536616
40	86	2	4.003	26	55.845	-58.940637
40	87	2	4.003	26	55.845	294.501449
40	88	2	4.003	26	55.845	-2107.951636
40	89	2	4.003	26	55.845	11515.215507
40	90	2	4.003	26	55.845	-85791.530033
40	91	2	4.003	26	55.845	-114498.514502
40	92	2	4.003	26	55.845	175127.400632
40	93	2	4.003	26	55.845	302226.450572
40	94	2	4.003	26	55.845	576152.220862
40	95	2	4.003	26	55.845	1477022.130208
40	97	2	4.003	26	55.845	37758.468600
40	101	2	4.003	26	55.845	828679.401132
41	41	2	4.003	2	4.003	948144954.542481
41	42	2	4.003	2	4.003	-503958771.684057
41	43	2	4.003	2	4.003	351240995.215679
41	44	2	4.003	2	4.003	-139844417.895062
41	46	2	4.003	2	4.003	33298201.338871
41	47	2	4.003	2	4.003	8324736.657423
41	48	2	4.003	2	4.003	78361521.527343
41	49	2	4.003	2	4.003	48201833.017074
41	50	2	4.003	2	4.003	64637575.568220
41	51	2	4.003	2	4.003	66320564.216478
41	57	2	4.003	8	15.999	2.198830
41	58	2	4.003	8	15.999	-4.492954
41	59	2	4.003	8	15.999	740.205258
41	60	2	4.003	8	15.999	736.299126
41	61	2	4.003	8	15.999	1203.150172
41	62	2	4.003	8	15.999	1996.537004
41	63	2	4.003	8	15.999	2945.157488
41	64	2	4.003	8	15.999	7910.676386
41	65	2	4.003	8	15.999	25218.704655
41	66	2	4.003	8	15.999	21866.844951
41	67	2	4.003	8	15.999	3887915.023670
41	68	2	4.003	8	15.999	-32133685.700980
41	69	2	4.003	8	15.999	21947676.153170
41	70	2	4.003	8	15.999	-14980558.556294
41	71	2	4.003	8	15.999	10852831.767850
41	72	2	4.003	8	15.999	-4847557.922902
41	73	2	4.003	8	15.999	3668313.273206
41	74	2	4.003	8	15.999	-548543.127165
41	75	2	4.003	8	15.999	-237886.782770
41	76	2	4.003	8	15.999	-1653446.778846
41	77	2	4.003	8	15.999	-1283819.273580
41	78	2	4.003	8	15.999	-723383.009440
41	79	2	4.003	8	15.999	1004649.871033
41	84	2	4.003	26	55.845	52.389140
41	85	2	4.003	26	55.845	21.951935
41	86	2	4.003	26	55.845	229.248288
41	87	2	4.003	26	55.845	327.709609
41	88	2	4.003	26	55.845	1301.519631
41	89	2	4.003	26	55.845	-77.346516
41	90	2	4.003	26	55.845	6163.429127
41	91	2	4.003	26	55.845	895742.381737
41	92	2	4.003	26	55.845	-563262.834597
41	93	2	4.003	26	55.845	548242.226360
41	94	2	4.003	26	55.845	-220837.283705
41	95	2	4.003	26	55.845	684910.755827
41	97	2	4.003	26	55.845	13675.958644
41	101	2	4.003	26	55.845	355583.094843
42	42	2	4.003	2	4.003	1474654357.235893
42	43	2	4.003	2	4.003	-603406496.852978
42	44	2	4.003	2	4.003	387929036.142773
42	46	2	4.003	2	4.003	-40174348.292982
42	47	2	4.003	2	4.003	163237111.903485
42	48	2	4.003	2	4.003	116313199.003045
42	49	2	4.003	2	4.003	181338796.307771
42	50	2	4.003	2	4.003	102073925.099843
42	51	2	4.003	2	4.003	242157139.113711
42	57	2	4.003	8	15.999	-27.948739
42	58	2	4.003	8	15.999	-164.360204
42	59	2	4.003	8	15.999	331.428152
42	60	2	4.003	8	15.999	296.571235
42	61	2	4.003	8	15.999	850.196064
42	62	2	4.003	8	15.999	1009.529245
42	63	2	4.003	8	15.999	2899.937998
42	64	2	4.003	8	15.999	202.576493
42	65	2	4.003	8	15.999	48160.324350
42	66	2	4.003	8	15.999	194814.623638
42	67	2	4.003	8	15.999	-2475531.999698
42	68	2	4.003	8	15.999	18719798.359529
42	69	2	4.003	8	15.999	-29965821.098823
42	70	2	4.003	8	15.999	33824619.419410
42	71	2	4.003	8	15.999	-6413250.308453
42	72	2	4.003	8	15.999	13012485.264042
42	73	2	4.003	8	15.999	7702431.931805
42	74	2	4.003	8	15.999	2865855.568971
42	75	2	4.003	8	15.999	-2068015.662149
42	76	2	4.003	8	15.999	5250331.278588
42	77	2	4.003	8	15.999	5352506.614165
42	78	2	4.003	8	15.999	8278333.354327
42	79	2	4.003	8	15.999	2713661.861132
42	84	2	4.003	26	55.845	153.863505
42	85	2	4.003	26	55.845	-33.953949
42	86	2	4.003	26	55.845	565.611510
42	87	2	4.003	26	55.845	260.453437
42	88	2	4.003	26	55.845	4735.125619
42	89	2	4.003	26	55.845	-13566.851164
42	90	2	4.003	26	55.845	226603.609797
42	91	2	4.003	26	55.845	199726.339650
42	92	2	4.003	26	55.845	1089255.086615
42	93	2	4.003	26	55.845	-489424.624260
42	94	2	4.003	26	55.845	1394737.391479
42	95	2	4.003	26	55.845	1352804.951212
42	97	2	4.003	26	55.845	44463.687994
42	101	2	4.003	26	55.845	821585.037504
43	43	2	4.003	2	4.003	1628623439.917390
43	44	2	4.003	2	4.003	-596167805.150060
43	46	2	4.003	2	4.003	210015777.997413
43	47	2	4.003	2	4.003	5162668.746790
43	48	2	4.003	2	4.003	207070085.007274
43	49	2	4.003	2	4.003	143485114.878305
43	50	2	4.003	2	4.003	142961993.376525
43	51	2	4.003	2	4.003	205317041.901276
43	57	2	4.003	8	15.999	-16.570168
43	58	2	4.003	8	15.999	-88.413933
43	59	2	4.003	8	15.999	590.470963
43	60	2	4.003	8	15.999	607.565480
43	61	2	4.003	8	15.999	1056.486869
43	62	2	4.003	8	15.999	1826.208758
43	63	2	4.003	8	15.999	2614.842861
43	64	2	4.003	8	15.999	7473.983304
43	65	2	4.003	8	15.999	23814.824705
43	66	2	4.003	8	15.999	265246.073954
43	67	2	4.003	8	15.999	-533714.433255
43	68	2	4.003	8	15.999	-3562407.641308
43	69	2	4.003	8	15.999	24283235.499936
43	70	2	4.003	8	15.999	-52360684.503378
43	71	2	4.003	8	15.999	32717910.682050
43	72	2	4.003	8	15.999	-19359759.282013
43	73	2	4.003	8	15.999	9228663.706814
43	74	2	4.003	8	15.999	1381376.230927
43	75	2	4.003	8	15.999	-1565125.834077
43	76	2	4.003	8	15.999	2035406.866279
43	77	2	4.003	8	15.999	2958204.197535
43	78	2	4.003	8	15.999	5880022.558720
43	79	2	4.003	8	15.999	2815068.886282
43	84	2	4.003	26	55.845	177.974941
43	85	2	4.003	26	55.845	13.577060
43	86	2	4.003	26	55.845	684.114063
43	87	2	4.003	26	55.845	639.827355
43	88	2	4.003	26	55.845	4752.619242
43	89	2	4.003	26	55.845	-9033.840590
43	90	2	4.003	26	55.845	217867.663879
43	91	2	4.003	26	55.845	748042.909245
43	92	2	4.003	26	55.845	-948646.967501
43	93	2	4.003	26	55.845	3273486.375553
43	94	2	4.003	26	55.845	-562415.062336
43	95	2	4.003	26	55.845	3162723.516221
43	97	2	4.003	26	55.845	29820.478219
43	101	2	4.003	26	55.845	833311.764557
44	44	2	4.003	2	4.003	1000826256.044767
44	46	2	4.003	2	4.003	-155282639.536005
44	47	2	4.003	2	4.003	112918105.599904
44	48	2	4.003	2	4.003	-25337104.999399
44	49	2	4.003	2	4.003	9855883.504259
44	50	2	4.003	2	4.003	1088077.442210
44	51	2	4.003	2	4.003	24881297.508215
44	57	2	4.003	8	15.999	-3.604559
44	58	2	4.003	8	15.999	-22.806990
44	59	2	4.003	8	15.999	61.633690
44	60	2	4.003	8	15.999	62.628998
44	61	2	4.003	8	15.999	178.639757
44	62	2	4.003	8	15.999	218.412964
44	63	2	4.003	8	15.999	631.425954
44	64	2	4.003	8	15.999	70.858758
44	65	2	4.003	8	15.999	9753.986981
44	66	2	4.003	8	15.999	18990.778182
44	67	2	4.003	8	15.999	-300491.840682
44	68	2	4.003	8	15.999	4609847.074853
44	69	2	4.003	8	15.999	-9741759.454378
44	70	2	4.003	8	15.999	18435463.864481
44	71	2	4.003	8	15.999	-32299263.057297
44	72	2	4.003	8	15.999	5467049.115347
44	73	2	4.003	8	15.999	1521953.266148
44	74	2	4.003	8	15.999	-1019635.359735
44	75	2	4.003	8	15.999	745918.106799
44	76	2	4.003	8	15.999	222643.996949
44	77	2	4.003	8	15.999	1002695.447900
44	78	2	4.003	8	15.999	494783.008768
44	79	2	4.003	8	15.999	262579.541803
44	84	2	4.003	26	55.845	45.857129
44	85	2	4.003	26	55.845	-23.501427
44	86	2	4.003	26	55.845	145.624838
44	87	2	4.003	26	55.845	-60.262938
44	88	2	4.003	26	55.845	1768.256285
44	89	2	4.003	26	55.845	-7340.267506
44	90	2	4.003	26	55.845	88013.457932
44	91	2	4.003	26	55.845	-6076.846605
44	92	2	4.003	26	55.845	510132.481504
44	93	2	4.003	26	55.845	-643719.573838
44	94	2	4.003	26	55.845	2759108.311961
44	95	2	4.003	26	55.845	-147757.967840
44	97	2	4.003	26	55.845	17493.191632
44	101	2	4.003	26	55.845	48299.133540
46	46	2	4.003	2	4.003	3967297434.019851
46	47	2	4.003	2	4.003	-1204122065.171204
46	48	2	4.003	2	4.003	-45115331.362963
46	49	2	4.003	2	4.003	778812744.550957
46	50	2	4.003	2	4.003	-418550684.528844
46	51	2	4.003	2	4.003	122000263.430213
46	57	2	4.003	8	15.999	-3.715507
46	58	2	4.003	8	15.999	-19.569821
46	59	2	4.003	8	15.999	133.773926
46	60	2	4.003	8	15.999	156.055515
46	61	2	4.003	8	15.999	303.462980
46	62	2	4.003	8	15.999	519.490112
46	63	2	4.003	8	15.999	842.111603
46	64	2	4.003	8	15.999	1895.105895
46	65	2	4.003	8	15.999	8811.302861
46	66	2	4.003	8	15.999	60254.838127
46	67	2	4.003	8	15.999	-78506.577154
46	68	2	4.003	8	15.999	1573062.550809
46	69	2	4.003	8	15.999	997958.987541
46	70	2	4.003	8	15.999	-3224184.881117
46	71	2	4.003	8	15.999	388800.701328
46	72	2	4.003	8	15.999	16836647.933613
46	73	2	4.003	8	15.999	-76961146.018026
46	74	2	4.003	8	15.999	65593223.533157
46	75	2	4.003	8	15.999	-42400208.578366
46	76	2	4.003	8	15.999	32374326.009266
46	77	2	4.003	8	15.999	-6679998.694189
46	78	2	4.003	8	15.999	6338663.452594
46	79	2	4.003	8	15.999	1203295.158908
46	84	2	4.003	26	55.845	39.901385
46	85	2	4.003	26	55.845	-28.528834
46	86	2	4.003	26	55.845	124.814219
46	87	2	4.003	26	55.845	-113.043104
46	88	2	4.003	26	55.845	1801.416767
46	89	2	4.003	26	55.845	-8023.250295
46	90	2	4.003	26	55.845	80281.096541
46	91	2	4.003	26	55.845	36610.017418
46	92	2	4.003	26	55.845	173089.464289
46	93	2	4.003	26	55.845	54748.971253
46	94	2	4.003	26	55.845	1377233.685608
46	95	2	4.003	26	55.845	-1082645.402790
46	97	2	4.003	26	55.845	-256280.390150
46	101	2	4.003	26	55.845	115048.727173
47	47	2	4.003	2	4.003	5756803880.799679
47	48	2	4.003	2	4.003	-406432342.762075
47	49	2	4.003	2	4.003	-1269847739.237099
47	50	2	4.003	2	4.003	1250538649.736126
47	51	2	4.003	2	4.003	352918457.673210
47	57	2	4.003	8	15.999	-11.595048
47	58	2	4.003	8	15.999	-69.737039
47	59	2	4.003	8	15.999	297.437807
47	60	2	4.003	8	15.999	259.999757
47	61	2	4.003	8	15.999	508.465145
47	62	2	4.003	8	15.999	717.584037
47	63	2	4.003	8	15.999	1394.942532
47	64	2	4.003	8	15.999	1911.654633
47	65	2	4.003	8	15.999	17802.217614
47	66	2	4.003	8	15.999	107010.441456
47	67	2	4.003	8	15.999	-557130.887383
47	68	2	4.003	8	15.999	523160.615802
47	69	2	4.003	8	15.999	3068222.583782
47	70	2	4.003	8	15.999	-191658.302209
47	71	2	4.003	8	15.999	3823547.480625
47	72	2	4.003	8	15.999	2622812.776378
47	73	2	4.003	8	15.999	5664255.629656
47	74	2	4.003	8	15.999	-155186933.560603
47	75	2	4.003	8	15.999	95556118.261517
47	76	2	4.003	8	15.999	-75966828.815557
47	77	2	4.003	8	15.999	28646304.501393
47	78	2	4.003	8	15.999	-6165275.548423
47	79	2	4.003	8	15.999	4004215.974301
47	84	2	4.003	26	55.845	90.311702
47	85	2	4.003	26	55.845	34.796099
47	86	2	4.003	26	55.845	375.355154
47	87	2	4.003	26	55.845	571.426863
47	88	2	4.003	26	55.845	1640.185870
47	89	2	4.003	26	55.845	1292.196508
47	90	2	4.003	26	55.845	85608.714139
47	91	2	4.003	26	55.845	416719.437750
47	92	2	4.003	26	55.845	-233843.625960
47	93	2	4.003	26	55.845	842944.754079
47	94	2	4.003	26	55.845	-708422.560077
47	95	2	4.003	26	55.845	3370195.238597
47	97	2	4.003	26	55.845	1703905.947777
47	101	2	4.003	26	55.845	1853314.129548
48	48	2	4.003	2	4.003	5986419525.332633
48	49	2	4.003	2	4.003	1251484593.810560
48	50	2	4.003	2	4.003	-1331426194.457589
48	51	2	4.003	2	4.003	217228628.036002
48	57	2	4.003	8	15.999	-15.199494
48	58	2	4.003	8	15.999	-97.587033
48	59	2	4.003	8	15.999	592.839814
48	60	2	4.003	8	15.999	595.830743
48	61	2	4.003	8	15.999	1223.947124
48	62	2	4.003	8	15.999	1811.205725
48	63	2	4.003	8	15.999	3572.205223
48	64	2	4.003	8	15.999	4813.516711
48	65	2	4.003	8	15.999	44788.189481
48	66	2	4.003	8	15.999	171897.272701
48	67	2	4.003	8	15.999	-143401.527709
48	68	2	4.003	8	15.999	4476659.891961
48	69	2	4.003	8	15.999	5647978.336691
48	70	2	4.003	8	15.999	1555300.822684
48	71	2	4.003	8	15.999	17604059.769214
48	72	2	4.003	8	15.999	-3116796.168701
48	73	2	4.003	8	15.999	50664720.692828
48	74	2	4.003	8	15.999	-77108897.827591
48	75	2	4.003	8	15.999	-123728017.006038
48	76	2	4.003	8	15.999	120790033.944050
48	77	2	4.003	8	15.999	-21709117.754390
48	78	2	4.003	8	15.999	47728619.015093
48	79	2	4.003	8	15.999	2506694.040163
48	84	2	4.003	26	55.845	131.697530
48	85	2	4.003	26	55.845	-54.877443
48	86	2	4.003	26	55.845	455.456240
48	87	2	4.003	26	55.845	-25.095560
48	88	2	4.003	26	55.845	4879.276231
48	89	2	4.003	26	55.845	-17382.051494
48	90	2	4.003	26	55.845	214789.989834
48	91	2	4.003	26	55.845	142105.223469
48	92	2	4.003	26	55.845	292051.409122
48	93	2	4.003	26	55.845	13937.167294
48	94	2	4.003	26	55.845	1360741.324414
48	95	2	4.003	26	55.845	1318656.793795
48	97	2	4.003	26	55.845	2045245.694912
48	101	2	4.003	26	55.845	6578.233574
49	49	2	4.003	2	4.003	5621451085.317928
49	50	2	4.003	2	4.003	679745828.934156
49	51	2	4.003	2	4.003	589129341.947697
49	57	2	4.003	8	15.999	-15.954016
49	58	2	4.003	8	15.999	-103.863496
49	59	2	4.003	8	15.999	685.690838
49	60	2	4.003	8	15.999	656.155669
49	61	2	4.003	8	15.999	1270.425663
49	62	2	4.003	8	15.999	1888.055345
49	63	2	4.003	8	15.999	3530.480744
49	64	2	4.003	8	15.999	5489.948157
49	65	2	4.003	8	15.999	42105.115041
49	66	2	4.003	8	15.999	204767.036106
49	67	2	4.003	8	15.999	-405652.166687
49	68	2	4.003	8	15.999	4635756.215241
49	69	2	4.003	8	15.999	3856684.513724
49	70	2	4.003	8	15.999	4774551.036136
49	71	2	4.003	8	15.999	5545505.535755
49	72	2	4.003	8	15.999	28707425.782306
49	73	2	4.003	8	15.999	-27406978.558289
49	74	2	4.003	8	15.999	83034560.159418
49	75	2	4.003	8	15.999	-185729350.474492
49	76	2	4.003	8	15.999	4070150.049657
49	77	2	4.003	8	15.999	3564795.426125
49	78	2	4.003	8	15.999	-2959286.462273
49	79	2	4.003	8	15.999	-5046589.020501
49	84	2	4.003	26	55.845	149.403354
49	85	2	4.003	26	55.845	-1.816455
49	86	2	4.003	26	55.845	568.565886
49	87	2	4.003	26	55.845	459.859137
49	88	2	4.003	26	55.845	4119.529157
49	89	2	4.003	26	55.845	-8715.408521
49	90	2	4.003	26	55.845	196408.643309
49	91	2	4.003	26	55.845	350397.472024
49	92	2	4.003	26	55.845	85753.209791
49	93	2	4.003	26	55.845	481634.943597
49	94	2	4.003	26	55.845	619440.339209
49	95	2	4.003	26	55.845	2316027.782635
49	97	2	4.003	26	55.845	1119663.054500
49	101	2	4.003	26	55.845	2736625.831381
50	50	2	4.003	2	4.003	19595046279.171036
50	51	2	4.003	2	4.003	-4824602788.288376
50	57	2	4.003	8	15.999	-25.023234
50	58	2	4.003	8	15.999	-82.984410
50	59	2	4.003	8	15.999	-745.462783
50	60	2	4.003	8	15.999	-660.280033
50	61	2	4.003	8	15.999	-1135.326665
50	62	2	4.003	8	15.999	-1489.273488
50	63	2	4.003	8	15.999	-3125.244994
50	64	2	4.003	8	15.999	-3508.569423
50	65	2	4.003	8	15.999	-31355.866051
50	66	2	4.003	8	15.999	156344.207843
50	67	2	4.003	8	15.999	-3808722.894999
50	68	2	4.003	8	15.999	-3334523.188784
50	69	2	4.003	8	15.999	4550370.152506
50	70	2	4.003	8	15.999	-3971641.739637
50	71	2	4.003	8	15.999	10039096.882800
50	72	2	4.003	8	15.999	-8425848.314393
50	73	2	4.003	8	15.999	32705328.749846
50	74	2	4.003	8	15.999	-55701395.262411
50	75	2	4.003	8	15.999	185138535.429905
50	76	2	4.003	8	15.999	-827215404.215953
50	77	2	4.003	8	15.999	227691536.817929
50	78	2	4.003	8	15.999	66934224.499699
50	79	2	4.003	8	15.999	47416233.168020
50	84	2	4.003	26	55.845	147.020240
50	85	2	4.003	26	55.845	-0.819578
50	86	2	4.003	26	55.845	534.979731
50	87	2	4.003	26	55.845	394.478771
50	88	2	4.003	26	55.845	4061.353566
50	89	2	4.003	26	55.845	-9167.143179
50	90	2	4.003	26	55.845	174183.370755
50	91	2	4.003	26	55.845	591389.122607
50	92	2	4.003	26	55.845	-163408.026813
50	93	2	4.003	26	55.845	588035.809044
50	94	2	4.003	26	55.845	184587.359145
50	95	2	4.003	26	55.845	2591330.407735
50	97	2	4.003	26	55.845	-804106.452860
50	101	2	4.003	26	55.845	4437751.180282
51	51	2	4.003	2	4.003	29996509714.506844
51	57	2	4.003	8	15.999	-14.887879
51	58	2	4.003	8	15.999	-141.710718
51	59	2	4.003	8	15.999	1638.925126
51	60	2	4.003	8	15.999	1559.208545
51	61	2	4.003	8	15.999	2988.936555
51	62	2	4.003	8	15.999	4323.910591
51	63	2	4.003	8	15.999	8416.471337
51	64	2	4.003	8	15.999	11781.291046
51	65	2	4.003	8	15.999	98342.459044
51	66	2	4.003	8	15.999	262496.734388
51	67	2	4.003	8	15.999	1776649.757285
51	68	2	4.003	8	15.999	9666203.626201
51	69	2	4.003	8	15.999	6483886.901199
51	70	2	4.003	8	15.999	6958256.747071
51	71	2	4.003	8	15.999	15229798.783743
51	72	2	4.003	8	15.999	23502068.399974
51	73	2	4.003	8	15.999	1879598.052120
51	74	2	4.003	8	15.999	21596964.439855
51	75	2	4.003	8	15.999	-31266542.723157
51	76	2	4.003	8	15.999	196196419.118762
51	77	2	4.003	8	15.999	-964848914.962098
51	78	2	4.003	8	15.999	-550724732.073561
51	79	2	4.003	8	15.999	-153304815.479246
51	84	2	4.003	26	55.845	166.791749
51	85	2	4.003	26	55.845	-38.243980
51	86	2	4.003	26	55.845	625.270349
51	87	2	4.003	26	55.845	275.531243
51	88	2	4.003	26	55.845	5451.698093
51	89	2	4.003	26	55.845	-16004.342324
51	90	2	4.003	26	55.845	255426.669335
51	91	2	4.003	26	55.845	267573.062425
51	92	2	4.003	26	55.845	207551.802031
51	93	2	4.003	26	55.845	609306.137628
51	94	2	4.003	26	55.845	757975.760989
51	95	2	4.003	26	55.845	3727275.347106
51	97	2	4.003	26	55.845	134182.784844
51	101	2	4.003	26	55.845	3896137.849552
57	57	8	15.999	8	15.999	1.760321
57	58	8	15.999	8	15.999	-0.695626
57	59	8	15.999	8	15.999	1.703506
57	60	8	15.999	8	15.999	0.616745
57	61	8	15.999	8	15.999	0.846264
57	62	8	15.999	8	15.999	0.166217
57	63	8	15.999	8	15.999	0.380869
57	64	8	15.999	8	15.999	-0.183894
57	65	8	15.999	8	15.999	1.201201
57	66	8	15.999	8	15.999	-0.263266
57	67	8	15.999	8	15.999	2.333285
57	68	8	15.999	8	15.999	0.440543
57	69	8	15.999	8	15.999	1.591735
57	70	8	15.999	8	15.999	1.753148
57	71	8	15.999	8	15.999	2.584221
57	72	8	15.999	8	15.999	1.519487
57	73	8	15.999	8	15.999	0.631873
57	74	8	15.999	8	15.999	0.368137
57	75	8	15.999	8	15.999	0.091481
57	76	8	15.999	8	15.999	2.400054
57	77	8	15.999	8	15.999	2.968785
57	78	8	15.999	8	15.999	2.944760
57	79	8	15.999	8	15.999	-0.352790
57	84	8	15.999	26	55.845	0.094108
57	85	8	15.999	26	55.845	0.062890
57	86	8	15.999	26	55.845	0.046623
57	87	8	15.999	26	55.845	0.009613
57	88	8	15.999	26	55.845	0.036042
57	89	8	15.999	26	55.845	0.030074
57	90	8	15.999	26	55.845	0.187995
57	91	8	15.999	26	55.845	0.078899
57	92	8	15.999	26	55.845	0.139489
57	93	8	15.999	26	55.845	0.194137
57	94	8	15.999	26	55.845	0.326982
57	95	8	15.999	26	55.845	0.331181
57	97	8	15.999	26	55.845	0.000988
57	101	8	15.999	26	55.845	0.014999
58	58	8	15.999	8	15.999	11.859899
58	59	8	15.999	8	15.999	2.702232
58	60	8	15.999	8	15.999	5.080670
58	61	8	15.999	8	15.999	1.754617
58	62	8	15.999	8	15.999	2.022554
58	63	8	15.999	8	15.999	-0.388445
58	64	8	15.999	8	15.999	1.764944
58	65	8	15.999	8	15.999	-2.077292
58	66	8	15.999	8	15.999	4.550175
58	67	8	15.999	8	15.999	-7.473271
58	68	8	15.999	8	15.999	-0.790057
58	69	8	15.999	8	15.999	-2.301037
58	70	8	15.999	8	15.999	-0.262119
58	71	8	15.999	8	15.999	-4.215410
58	72	8	15.999	8	15.999	-0.787395
58	73	8	15.999	8	15.999	-4.148907
58	74	8	15.999	8	15.999	-0.894340
58	75	8	15.999	8	15.999	1.065909
58	76	8	15.999	8	15.999	-0.354568
58	77	8	15.999	8	15.999	0.505232
58	78	8	15.999	8	15.999	-1.934588
58	79	8	15.999	8	15.999	-2.062038
58	84	8	15.999	26	55.845	0.417826
58	85	8	15.999	26	55.845	0.278997
58	86	8	15.999	26	55.845	0.207232
58	87	8	15.999	26	55.845	0.041949
58	88	8	15.999	26	55.845	0.163690
58	89	8	15.999	26	55.845	0.120977
58	90	8	15.999	26	55.845	0.797354
58	91	8	15.999	26	55.845	0.270946
58	92	8	15.999	26	55.845	0.401830
58	93	8	15.999	26	55.845	0.766243
58	94	8	15.999	26	55.845	1.155372
58	95	8	15.999	26	55.845	1.273086
58	97	8	15.999	26	55.845	-0.006000
58	101	8	15.999	26	55.845	0.084994
59	59	8	15.999	8	15.999	14.446566
59	60	8	15.999	8	15.999	5.962586
59	61	8	15.999	8	15.999	10.441212
59	62	8	15.999	8	15.999	6.400545
59	63	8	15.999	8	15.999	12.472419
59	64	8	15.999	8	15.999	18.257525
59	65	8	15.999	8	15.999	63.129738
59	66	8	15.999	8	15.999	168.280757
59	67	8	15.999	8	15.999	278.861782
59	68	8	15.999	8	15.999	203.372823
59	69	8	15.999	8	15.999	161.555667
59	70	8	15.999	8	15.999	207.074911
59	71	8	15.999	8	15.999	334.429767
59	72	8	15.999	8	15.999	177.671517
59	73	8	15.999	8	15.999	151.102845
59	74	8	15.999	8	15.999	60.022398
59	75	8	15.999	8	15.999	-15.643282
59	76	8	15.999	8	15.999	256.591127
59	77	8	15.999	8	15.999	292.301986
59	78	8	15.999	8	15.999	342.321614
59	79	8	15.999	8	15.999	9.610949
59	84	8	15.999	26	55.845	0.650767
59	85	8	15.999	26	55.845	0.436629
59	86	8	15.999	26	55.845	0.338289
59	87	8	15.999	26	55.845	0.092575
59	88	8	15.999	26	55.845	0.383021
59	89	8	15.999	26	55.845	0.995609
59	90	8	15.999	26	55.845	-3.498069
59	91	8	15.999	26	55.845	3.739221
59	92	8	15.999	26	55.845	4.023555
59	93	8	15.999	26	55.845	6.173735
59	94	8	15.999	26	55.845	7.435778
59	95	8	15.999	26	55.845	9.588805
59	97	8	15.999	26	55.845	0.234778
59	101	8	15.999	26	55.845	0.096867
60	60	8	15.999	8	15.999	10.253558
60	61	8	15.999	8	15.999	3.644989
60	62	8	15.999	8	15.999	9.840640
60	63	8	15.999	8	15.999	6.454372
60	64	8	15.999	8	15.999	26.691607
60	65	8	15.999	8	15.999	42.670064
60	66	8	15.999	8	15.999	191.612720
60	67	8	15.999	8	15.999	235.470517
60	68	8	15.999	8	15.999	203.977979
60	69	8	15.999	8	15.999	140.015436
60	70	8	15.999	8	15.999	191.521166
60	71	8	15.999	8	15.999	301.936050
60	72	8	15.999	8	15.999	160.860043
60	73	8	15.999	8	15.999	139.990034
60	74	8	15.999	8	15.999	54.377508
60	75	8	15.999	8	15.999	-14.815228
60	76	8	15.999	8	15.999	234.570824
60	77	8	15.999	8	15.999	264.597318
60	78	8	15.999	8	15.999	310.502384
60	79	8	15.999	8	15.999	11.142601
60	84	8	15.999	26	55.845	0.463865
60	85	8	15.999	26	55.845	0.310761
60	86	8	15.999	26	55.845	0.248935
60	87	8	15.999	26	55.845	0.074153
60	88	8	15.999	26	55.845	0.339697
60	89	8	15.999	26	55.845	0.951073
60	90	8	15.999	26	55.845	-4.254591
60	91	8	15.999	26	55.845	3.632408
60	92	8	15.999	26	55.845	2.925687
60	93	8	15.999	26	55.845	5.491194
60	94	8	15.999	26	55.845	5.543975
60	95	8	15.999	26	55.845	8.904343
60	97	8	15.999	26	55.845	0.224391
60	101	8	15.999	26	55.845	-0.229958
61	61	8	15.999	8	15.999	16.269884
61	62	8	15.999	8	15.999	4.125719
61	63	8	15.999	8	15.999	24.596634
61	64	8	15.999	8	15.999	19.661578
61	65	8	15.999	8	15.999	116.897334
61	66	8	15.999	8	15.999	234.733468
61	67	8	15.999	8	15.999	475.200433
61	68	8	15.999	8	15.999	319.323452
61	69	8	15.999	8	15.999	275.463750
61	70	8	15.999	8	15.999	341.273416
61	71	8	15.999	8	15.999	561.630950
61	72	8	15.999	8	15.999	288.897633
61	73	8	15.999	8	15.999	264.321672
61	74	8	15.999	8	15.999	97.298227
61	75	8	15.999	8	15.999	-27.476385
61	76	8	15.999	8	15.999	427.773075
61	77	8	15.999	8	15.999	479.857908
61	78	8	15.999	8	15.999	565.816100
61	79	8	15.999	8	15.999	25.279731
61	84	8	15.999	26	55.845	0.335256
61	85	8	15.999	26	55.845	0.226040
61	86	8	15.999	26	55.845	0.197281
61	87	8	15.999	26	55.845	0.083602
61	88	8	15.999	26	55.845	0.370430
61	89	8	15.999	26	55.845	1.429018
61	90	8	15.999	26	55.845	-6.724179
61	91	8	15.999	26	55.845	5.947685
61	92	8	15.999	26	55.845	4.722222
61	93	8	15.999	26	55.845	7.557493
61	94	8	15.999	26	55.845	7.837649
61	95	8	15.999	26	55.845	13.869339
61	97	8	15.999	26	55.845	0.430542
61	101	8	15.999	26	55.845	-1.302282
62	62	8	15.999	8	15.999	28.059546
62	63	8	15.999	8	15.999	5.208632
62	64	8	15.999	8	15.999	87.507222
62	65	8	15.999	8	15.999	73.522788
62	66	8	15.999	8	15.999	568.222241
62	67	8	15.999	8	15.999	556.820926
62	68	8	15.999	8	15.999	558.971426
62	69	8	15.999	8	15.999	337.792719
62	70	8	15.999	8	15.999	489.274653
62	71	8	15.999	8	15.999	758.917498
62	72	8	15.999	8	15.999	402.117581
62	73	8	15.999	8	15.999	365.844130
62	74	8	15.999	8	15.999	136.672701
62	75	8	15.999	8	15.999	-40.375508
62	76	8	15.999	8	15.999	592.946038
62	77	8	15.999	8	15.999	659.323252
62	78	8	15.999	8	15.999	779.436650
62	79	8	15.999	8	15.999	38.637441
62	84	8	15.999	26	55.845	0.147330
62	85	8	15.999	26	55.845	0.098656
62	86	8	15.999	26	55.845	0.128523
62	87	8	15.999	26	55.845	0.085847
62	88	8	15.999	26	55.845	0.521563
62	89	8	15.999	26	55.845	2.216626
62	90	8	15.999	26	55.845	-14.992009
62	91	8	15.999	26	55.845	9.302166
62	92	8	15.999	26	55.845	4.434735
62	93	8	15.999	26	55.845	11.830452
62	94	8	15.999	26	55.845	8.244107
62	95	8	15.999	26	55.845	20.541821
62	97	8	15.999	26	55.845	0.605044
62	101	8	15.999	26	55.845	-1.873942
63	63	8	15.999	8	15.999	89.991791
63	64	8	15.999	8	15.999	-34.555155
63	65	8	15.999	8	15.999	446.623121
63	66	8	15.999	8	15.999	295.691046
63	67	8	15.999	8	15.999	1455.695318
63	68	8	15.999	8	15.999	715.765537
63	69	8	15.999	8	15.999	827.169103
63	70	8	15.999	8	15.999	919.835562
63	71	8	15.999	8	15.999	1587.343294
63	72	8	15.999	8	15.999	787.905413
63	73	8	15.999	8	15.999	750.654269
63	74	8	15.999	8	15.999	263.778077
63	75	8	15.999	8	15.999	-75.283432
63	76	8	15.999	8	15.999	1187.763800
63	77	8	15.999	8	15.999	1328.155390
63	78	8	15.999	8	15.999	1568.523600
63	79	8	15.999	8	15.999	78.691209
63	84	8	15.999	26	55.845	0.066889
63	85	8	15.999	26	55.845	0.049843
63	86	8	15.999	26	55.845	0.139432
63	87	8	15.999	26	55.845	0.179172
63	88	8	15.999	26	55.845	0.810901
63	89	8	15.999	26	55.845	3.720058
63	90	8	15.999	26	55.845	-12.883784
63	91	8	15.999	26	55.845	15.265695
63	92	8	15.999	26	55.845	12.660309
63	93	8	15.999	26	55.845	15.645871
63	94	8	15.999	26	55.845	18.076880
63	95	8	15.999	26	55.845	33.708854
63	97	8	15.999	26	55.845	1.232728
63	101	8	15.999	26	55.845	-5.822346
64	64	8	15.999	8	15.999	668.671961
64	65	8	15.999	8	15.999	-558.297132
64	66	8	15.999	8	15.999	3683.585485
64	67	8	15.999	8	15.999	557.858033
64	68	8	15.999	8	15.999	2482.357930
64	69	8	15.999	8	15.999	476.066649
64	70	8	15.999	8	15.999	1406.151181
64	71	8	15.999	8	15.999	1770.373998
64	72	8	15.999	8	15.999	1071.407873
64	73	8	15.999	8	15.999	891.845298
64	74	8	15.999	8	15.999	375.701955
64	75	8	15.999	8	15.999	-118.519390
64	76	8	15.999	8	15.999	1525.227779
64	77	8	15.999	8	15.999	1668.895287
64	78	8	15.999	8	15.999	1976.857448
64	79	8	15.999	8	15.999	98.464426
64	84	8	15.999	26	55.845	0.001264
64	85	8	15.999	26	55.845	-0.014895
64	86	8	15.999	26	55.845	0.208171
64	87	8	15.999	26	55.845	0.151766
64	88	8	15.999	26	55.845	2.089426
64	89	8	15.999	26	55.845	8.100309
64	90	8	15.999	26	55.845	-86.164827
64	91	8	15.999	26	55.845	34.513374
64	92	8	15.999	26	55.845	-0.661909
64	93	8	15.999	26	55.845	50.615340
64	94	8	15.999	26	55.845	12.931700
64	95	8	15.999	26	55.845	69.376520
64	97	8	15.999	26	55.845	1.475930
64	101	8	15.999	26	55.845	-1.120129
65	65	8	15.999	8	15.999	6839.928465
65	66	8	15.999	8	15.999	-3903.279350
65	67	8	15.999	8	15.999	18788.597414
65	68	8	15.999	8	15.999	4956.389287
65	69	8	15.999	8	15.999	10423.542176
65	70	8	15.999	8	15.999	9908.926356
65	71	8	15.999	8	15.999	18403.959097
65	72	8	15.999	8	15.999	8698.213672
65	73	8	15.999	8	15.999	8798.441367
65	74	8	15.999	8	15.999	2876.274730
65	75	8	15.999	8	15.999	-839.711260
65	76	8	15.999	8	15.999	13207.480780
65	77	8	15.999	8	15.999	14844.218537
65	78	8	15.999	8	15.999	17629.831772
65	79	8	15.999	8	15.999	1013.264478
65	84	8	15.999	26	55.845	-0.036799
65	85	8	15.999	26	55.845	0.170656
65	86	8	15.999	26	55.845	0.053542
65	87	8	15.999	26	55.845	1.186131
65	88	8	15.999	26	55.845	-2.797736
65	89	8	15.999	26	55.845	21.075369
65	90	8	15.999	26	55.845	7.202978
65	91	8	15.999	26	55.845	104.629281
65	92	8	15.999	26	55.845	177.734745
65	93	8	15.999	26	55.845	83.246132
65	94	8	15.999	26	55.845	210.452983
65	95	8	15.999	26	55.845	331.703605
65	97	8	15.999	26	55.845	15.153566
65	101	8	15.999	26	55.845	-65.830174
66	66	8	15.999	8	15.999	113303.357957
66	67	8	15.999	8	15.999	-57134.488865
66	68	8	15.999	8	15.999	78348.624527
66	69	8	15.999	8	15.999	-24462.199536
66	70	8	15.999	8	15.999	16422.101440
66	71	8	15.999	8	15.999	-3234.092431
66	72	8	15.999	8	15.999	6557.217462
66	73	8	15.999	8	15.999	6644.146421
66	74	8	15.999	8	15.999	3075.157808
66	75	8	15.999	8	15.999	-2488.390096
66	76	8	15.999	8	15.999	2212.552590
66	77	8	15.999	8	15.999	1724.732298
66	78	8	15.999	8	15.999	4737.586686
66	79	8	15.999	8	15.999	3129.561455
66	84	8	15.999	26	55.845	-0.660849
66	85	8	15.999	26	55.845	-1.696335
66	86	8	15.999	26	55.845	-2.910484
66	87	8	15.999	26	55.845	-12.681315
66	88	8	15.999	26	55.845	11.951672
66	89	8	15.999	26	55.845	-132.186654
66	90	8	15.999	26	55.845	-1577.627005
66	91	8	15.999	26	55.845	-482.961773
66	92	8	15.999	26	55.845	17.314873
66	93	8	15.999	26	55.845	1075.435541
66	94	8	15.999	26	55.845	225.279647
66	95	8	15.999	26	55.845	2341.903051
66	97	8	15.999	26	55.845	37.886034
66	101	8	15.999	26	55.845	1047.363080
67	67	8	15.999	8	15.999	1248965.575188
67	68	8	15.999	8	15.999	-509874.007407
67	69	8	15.999	8	15.999	801349.714610
67	70	8	15.999	8	15.999	278432.298044
67	71	8	15.999	8	15.999	963639.316074
67	72	8	15.999	8	15.999	356623.516515
67	73	8	15.999	8	15.999	327081.078516
67	74	8	15.999	8	15.999	122246.567478
67	75	8	15.999	8	15.999	-16032.318352
67	76	8	15.999	8	15.999	665589.303455
67	77	8	15.999	8	15.999	733846.679058
67	78	8	15.999	8	15.999	831925.689665
67	79	8	15.999	8	15.999	9587.792374
67	84	8	15.999	26	55.845	-17.071307
67	85	8	15.999	26	55.845	7.445733
67	86	8	15.999	26	55.845	-46.838013
67	87	8	15.999	26	55.845	35.505949
67	88	8	15.999	26	55.845	-632.599318
67	89	8	15.999	26	55.845	2478.355297
67	90	8	15.999	26	55.845	-29631.649701
67	91	8	15.999	26	55.845	56869.690691
67	92	8	15.999	26	55.845	-20430.858855
67	93	8	15.999	26	55.845	13786.709533
67	94	8	15.999	26	55.845	-10396.642405
67	95	8	15.999	26	55.845	-3860.732890
67	97	8	15.999	26	55.845	125.165735
67	101	8	15.999	26	55.845	-18086.734105
68	68	8	15.999	8	15.999	8953545.716983
68	69	8	15.999	8	15.999	-3046369.525069
68	70	8	15.999	8	15.999	3293150.569287
68	71	8	15.999	8	15.999	-128126.266177
68	72	8	15.999	8	15.999	1535969.109836
68	73	8	15.999	8	15.999	699087.897708
68	74	8	15.999	8	15.999	288659.365361
68	75	8	15.999	8	15.999	-134981.872134
68	76	8	15.999	8	15.999	1238003.068403
68	77	8	15.999	8	15.999	1273731.354611
68	78	8	15.999	8	15.999	1564857.139375
68	79	8	15.999	8	15.999	79304.901592
68	84	8	15.999	26	55.845	28.247459
68	85	8	15.999	26	55.845	-23.861164
68	86	8	15.999	26	55.845	68.897242
68	87	8	15.999	26	55.845	-142.937403
68	88	8	15.999	26	55.845	1246.853117
68	89	8	15.999	26	55.845	-5709.445295
68	90	8	15.999	26	55.845	84784.709495
68	91	8	15.999	26	55.845	-606956.997140
68	92	8	15.999	26	55.845	294187.560194
68	93	8	15.999	26	55.845	-195717.261650
68	94	8	15.999	26	55.845	140573.238567
68	95	8	15.999	26	55.845	-37742.695146
68	97	8	15.999	26	55.845	1933.449912
68	101	8	15.999	26	55.845	-7153.565469
69	69	8	15.999	8	15.999	4420883.901980
69	70	8	15.999	8	15.999	-3024440.432758
69	71	8	15.999	8	15.999	2688791.700337
69	72	8	15.999	8	15.999	-970080.830615
69	73	8	15.999	8	15.999	457550.173563
69	74	8	15.999	8	15.999	-8958.070300
69	75	8	15.999	8	15.999	20110.019015
69	76	8	15.999	8	15.999	68395.931606
69	77	8	15.999	8	15.999	190777.803155
69	78	8	15.999	8	15.999	232794.285324
69	79	8	15.999	8	15.999	106867.730756
69	84	8	15.999	26	55.845	-10.126031
69	85	8	15.999	26	55.845	12.097452
69	86	8	15.999	26	55.845	-16.829326
69	87	8	15.999	26	55.845	91.598805
69	88	8	15.999	26	55.845	-526.146209
69	89	8	15.999	26	55.845	2775.382976
69	90	8	15.999	26	55.845	-33226.737778
69	91	8	15.999	26	55.845	247181.193269
69	92	8	15.999	26	55.845	-293469.562759
69	93	8	15.999	26	55.845	250987.066595
69	94	8	15.999	26	55.845	-151431.141098
69	95	8	15.999	26	55.845	138354.027737
69	97	8	15.999	26	55.845	650.671026
69	101	8	15.999	26	55.845	24709.510204
70	70	8	15.999	8	15.999	6678080.458207
70	71	8	15.999	8	15.999	-2425920.980534
70	72	8	15.999	8	15.999	3475704.252958
70	73	8	15.999	8	15.999	318110.003642
70	74	8	15.999	8	15.999	289421.772503
70	75	8	15.999	8	15.999	-199377.820945
70	76	8	15.999	8	15.999	929817.458393
70	77	8	15.999	8	15.999	802464.868021
70	78	8	15.999	8	15.999	1062387.960038
70	79	8	15.999	8	15.999	13912.430705
70	84	8	15.999	26	55.845	3.192919
70	85	8	15.999	26	55.845	-7.106944
70	86	8	15.999	26	55.845	3.940996
70	87	8	15.999	26	55.845	-50.156696
70	88	8	15.999	26	55.845	217.675975
70	89	8	15.999	26	55.845	-1222.446555
70	90	8	15.999	26	55.845	18981.223689
70	91	8	15.999	26	55.845	-219943.650168
70	92	8	15.999	26	55.845	273687.752647
70	93	8	15.999	26	55.845	-428557.491602
70	94	8	15.999	26	55.845	229972.533120
70	95	8	15.999	26	55.845	-224898.820995
70	97	8	15.999	26	55.845	2039.112959
70	101	8	15.999	26	55.845	-3695.747463
71	71	8	15.999	8	15.999	9030524.702506
71	72	8	15.999	8	15.999	-3173043.580963
71	73	8	15.999	8	15.999	1827383.853525
71	74	8	15.999	8	15.999	-183613.299786
71	75	8	15.999	8	15.999	177765.942918
71	76	8	15.999	8	15.999	516760.281353
71	77	8	15.999	8	15.999	1026031.779962
71	78	8	15.999	8	15.999	1135015.676649
71	79	8	15.999	8	15.999	296697.832289
71	84	8	15.999	26	55.845	-3.341885
71	85	8	15.999	26	55.845	5.913957
71	86	8	15.999	26	55.845	1.324194
71	87	8	15.999	26	55.845	59.064701
71	88	8	15.999	26	55.845	-223.286177
71	89	8	15.999	26	55.845	1429.992546
71	90	8	15.999	26	55.845	-11249.335208
71	91	8	15.999	26	55.845	71120.612409
71	92	8	15.999	26	55.845	-135450.440840
71	93	8	15.999	26	55.845	245738.744884
71	94	8	15.999	26	55.845	-471897.101584
71	95	8	15.999	26	55.845	359658.774938
71	97	8	15.999	26	55.845	1775.003831
71	101	8	15.999	26	55.845	40521.161528
72	72	8	15.999	8	15.999	12125454.921233
72	73	8	15.999	8	15.999	-1377465.380375
72	74	8	15.999	8	15.999	1512391.830180
72	75	8	15.999	8	15.999	-1144347.549215
72	76	8	15.999	8	15.999	1757521.942528
72	77	8	15.999	8	15.999	585826.609838
72	78	8	15.999	8	15.999	1417997.304320
72	79	8	15.999	8	15.999	-44679.135177
72	84	8	15.999	26	55.845	-1.262335
72	85	8	15.999	26	55.845	0.179230
72	86	8	15.999	26	55.845	-3.258061
72	87	8	15.999	26	55.845	2.130964
72	88	8	15.999	26	55.845	-56.627554
72	89	8	15.999	26	55.845	291.902108
72	90	8	15.999	26	55.845	2301.579707
72	91	8	15.999	26	55.845	-93297.145335
72	92	8	15.999	26	55.845	104205.388839
72	93	8	15.999	26	55.845	-219388.608970
72	94	8	15.999	26	55.845	226332.088026
72	95	8	15.999	26	55.845	-732192.089900
72	97	8	15.999	26	55.845	5314.543953
72	101	8	15.999	26	55.845	52901.603729
73	73	8	15.999	8	15.999	5716959.593800
73	74	8	15.999	8	15.999	-3072327.736990
73	75	8	15.999	8	15.999	1623402.886815
73	76	8	15.999	8	15.999	-1187623.698566
73	77	8	15.999	8	15.999	949315.836475
73	78	8	15.999	8	15.999	499664.876616
73	79	8	15.999	8	15.999	438810.405992
73	84	8	15.999	26	55.845	4.957239
73	85	8	15.999	26	55.845	-3.299335
73	86	8	15.999	26	55.845	17.764652
73	87	8	15.999	26	55.845	-6.495780
73	88	8	15.999	26	55.845	207.818560
73	89	8	15.999	26	55.845	-789.099907
73	90	8	15.999	26	55.845	9943.554120
73	91	8	15.999	26	55.845	-20502.649064
73	92	8	15.999	26	55.845	33276.822082
73	93	8	15.999	26	55.845	-18293.706230
73	94	8	15.999	26	55.845	86114.918339
73	95	8	15.999	26	55.845	88228.808005
73	97	8	15.999	26	55.845	14828.460001
73	101	8	15.999	26	55.845	28423.093555
74	74	8	15.999	8	15.999	9434041.634381
74	75	8	15.999	8	15.999	-3683518.542439
74	76	8	15.999	8	15.999	3802751.847880
74	77	8	15.999	8	15.999	-694167.584083
74	78	8	15.999	8	15.999	649265.050198
74	79	8	15.999	8	15.999	-193202.663043
74	84	8	15.999	26	55.845	0.957835
74	85	8	15.999	26	55.845	1.450673
74	86	8	15.999	26	55.845	5.665462
74	87	8	15.999	26	55.845	16.795664
74	88	8	15.999	26	55.845	-8.691390
74	89	8	15.999	26	55.845	226.419435
74	90	8	15.999	26	55.845	865.822905
74	91	8	15.999	26	55.845	-1506.097160
74	92	8	15.999	26	55.845	1344.857593
74	93	8	15.999	26	55.845	15199.714198
74	94	8	15.999	26	55.845	-8495.857433
74	95	8	15.999	26	55.845	49907.501285
74	97	8	15.999	26	55.845	-109982.686674
74	101	8	15.999	26	55.845	19720.777930
75	75	8	15.999	8	15.999	11299656.167715
75	76	8	15.999	8	15.999	-10752857.958500
75	77	8	15.999	8	15.999	2802580.664582
75	78	8	15.999	8	15.999	-1059924.143424
75	79	8	15.999	8	15.999	432685.398084
75	84	8	15.999	26	55.845	-1.349105
75	85	8	15.999	26	55.845	0.217158
75	86	8	15.999	26	55.845	-5.094742
75	87	8	15.999	26	55.845	-2.901185
75	88	8	15.999	26	55.845	-41.570567
75	89	8	15.999	26	55.845	111.576972
75	90	8	15.999	26	55.845	-2176.800352
75	91	8	15.999	26	55.845	886.867529
75	92	8	15.999	26	55.845	-6036.260442
75	93	8	15.999	26	55.845	3230.863100
75	94	8	15.999	26	55.845	-21505.604775
75	95	8	15.999	26	55.845	15988.874510
75	97	8	15.999	26	55.845	-81683.311789
75	101	8	15.999	26	55.845	44585.204033
76	76	8	15.999	8	15.999	39534449.416838
76	77	8	15.999	8	15.999	-9254629.431578
76	78	8	15.999	8	15.999	2003563.073351
76	79	8	15.999	8	15.999	-1700762.010422
76	84	8	15.999	26	55.845	-2.913849
76	85	8	15.999	26	55.845	-0.335788
76	86	8	15.999	26	55.845	-7.197277
76	87	8	15.999	26	55.845	-0.986832
76	88	8	15.999	26	55.845	-78.024851
76	89	8	15.999	26	55.845	246.734423
76	90	8	15.999	26	55.845	-450.293126
76	91	8	15.999	26	55.845	-53392.541292
76	92	8	15.999	26	55.845	37624.649721
76	93	8	15.999	26	55.845	-19346.088910
76	94	8	15.999	26	55.845	38693.213095
76	95	8	15.999	26	55.845	11072.467891
76	97	8	15.999	26	55.845	51400.494579
76	101	8	15.999	26	55.845	-166825.657921
77	77	8	15.999	8	15.999	41375373.733349
77	78	8	15.999	8	15.999	17309102.484445
77	79	8	15.999	8	15.999	6266871.889864
77	84	8	15.999	26	55.845	-1.188634
77	85	8	15.999	26	55.845	2.762749
77	86	8	15.999	26	55.845	1.602354
77	87	8	15.999	26	55.845	28.521338
77	88	8	15.999	26	55.845	-107.001500
77	89	8	15.999	26	55.845	749.532683
77	90	8	15.999	26	55.845	-553.607810
77	91	8	15.999	26	55.845	-53183.919130
77	92	8	15.999	26	55.845	35575.523315
77	93	8	15.999	26	55.845	-8849.323625
77	94	8	15.999	26	55.845	26989.782254
77	95	8	15.999	26	55.845	67862.872728
77	97	8	15.999	26	55.845	-10519.306085
77	101	8	15.999	26	55.845	192510.404212
78	78	8	15.999	8	15.999	29505938.104103
78	79	8	15.999	8	15.999	6975079.653343
78	84	8	15.999	26	55.845	-0.209596
78	85	8	15.999	26	55.845	1.757417
78	86	8	15.999	26	55.845	5.105479
78	87	8	15.999	26	55.845	25.420361
78	88	8	15.999	26	55.845	-58.223644
78	89	8	15.999	26	55.845	508.491733
78	90	8	15.999	26	55.845	2385.422458
78	91	8	15.999	26	55.845	-59347.995403
78	92	8	15.999	26	55.845	45161.975583
78	93	8	15.999	26	55.845	-10064.646380
78	94	8	15.999	26	55.845	47303.797293
78	95	8	15.999	26	55.845	89158.467620
78	97	8	15.999	26	55.845	10452.158331
78	101	8	15.999	26	55.845	-1355176.298251
79	79	8	15.999	8	15.999	9627827.878700
79	84	8	15.999	26	55.845	0.808016
79	85	8	15.999	26	55.845	-3.054216
79	86	8	15.999	26	55.845	1.090155
79	87	8	15.999	26	55.845	-20.603297
79	88	8	15.999	26	55.845	96.037608
79	89	8	15.999	26	55.845	-621.166762
79	90	8	15.999	26	55.845	3249.751877
79	91	8	15.999	26	55.845	4808.625310
79	92	8	15.999	26	55.845	706.576572
79	93	8	15.999	26	55.845	8967.692739
79	94	8	15.999	26	55.845	7259.380594
79	95	8	15.999	26	55.845	51317.993217
79	97	8	15.999	26	55.845	-128.927809
79	101	8	15.999	26	55.845	-1447410.583423
84	84	26	55.845	26	55.845	0.436642
84	85	26	55.845	26	55.845	-0.252421
84	86	26	55.845	26	55.845	0.397879
84	87	26	55.845	26	55.845	-0.062486
84	88	26	55.845	26	55.845	0.933913
84	89	26	55.845	26	55.845	-0.345205
84	90	26	55.845	26	55.845	4.962482
84	91	26	55.845	26	55.845	-2.129793
84	92	26	55.845	26	55.845	2.979031
84	93	26	55.845	26	55.845	1.068343
84	94	26	55.845	26	55.845	3.114865
84	95	26	55.845	26	55.845	3.415471
84	97	26	55.845	26	55.845	0.043178
84	101	26	55.845	26	55.845	1.671723
85	85	26	55.845	26	55.845	0.393987
85	86	26	55.845	26	55.845	-0.131204
85	87	26	55.845	26	55.845	0.731227
85	88	26	55.845	26	55.845	-0.633299
85	89	26	55.845	26	55.845	2.338114
85	90	26	55.845	26	55.845	-0.896932
85	91	26	55.845	26	55.845	3.478878
85	92	26	55.845	26	55.845	-0.880623
85	93	26	55.845	26	55.845	2.426946
85	94	26	55.845	26	55.845	1.123357
85	95	26	55.845	26	55.845	1.643345
85	97	26	55.845	26	55.845	-0.009027
85	101	26	55.845	26	55.845	0.875749
86	86	26	55.845	26	55.845	1.044157
86	87	26	55.845	26	55.845	0.779898
86	88	26	55.845	26	55.845	2.303115
86	89	26	55.845	26	55.845	1.968059
86	90	26	55.845	26	55.845	15.514686
86	91	26	55.845	26	55.845	-2.646938
86	92	26	55.845	26	55.845	8.670513
86	93	26	55.845	26	55.845	6.519734
86	94	26	55.845	26	55.845	11.287572
86	95	26	55.845	26	55.845	13.752798
86	97	26	55.845	26	55.845	0.150405
86	101	26	55.845	26	55.845	6.694049
87	87	26	55.845	26	55.845	5.477781
87	88	26	55.845	26	55.845	-3.501324
87	89	26	55.845	26	55.845	20.298497
87	90	26	55.845	26	55.845	2.113536
87	91	26	55.845	26	55.845	26.688432
87	92	26	55.845	26	55.845	-2.172465
87	93	26	55.845	26	55.845	23.343220
87	94	26	55.845	26	55.845	15.017645
87	95	26	55.845	26	55.845	21.754879
87	97	26	55.845	26	55.845	0.044815
87	101	26	55.845	26	55.845	11.179307
88	88	26	55.845	26	55.845	29.897858
88	89	26	55.845	26	55.845	-52.578175
88	90	26	55.845	26	55.845	152.149733
88	91	26	55.845	26	55.845	-127.544306
88	92	26	55.845	26	55.845	95.888920
88	93	26	55.845	26	55.845	-22.504203
88	94	26	55.845	26	55.845	54.685262
88	95	26	55.845	26	55.845	57.208804
88	97	26	55.845	26	55.845	1.372382
88	101	26	55.845	26	55.845	24.753407
89	89	26	55.845	26	55.845	355.941192
89	90	26	55.845	26	55.845	-454.376359
89	91	26	55.845	26	55.845	713.599695
89	92	26	55.845	26	55.845	-309.968787
89	93	26	55.845	26	55.845	370.065143
89	94	26	55.845	26	55.845	67.070176
89	95	26	55.845	26	55.845	127.051043
89	97	26	55.845	26	55.845	-3.583344
89	101	26	55.845	26	55.845	75.453655
90	90	26	55.845	26	55.845	7170.185124
90	91	26	55.845	26	55.845	-8083.882148
90	92	26	55.845	26	55.845	5755.695205
90	93	26	55.845	26	55.845	-1869.215572
90	94	26	55.845	26	55.845	3122.705451
90	95	26	55.845	26	55.845	1597.008792
90	97	26	55.845	26	55.845	55.232705
90	101	26	55.845	26	55.845	1157.689303
91	91	26	55.845	26	55.845	66121.946418
91	92	26	55.845	26	55.845	-32788.643780
91	93	26	55.845	26	55.845	29123.587070
91	94	26	55.845	26	55.845	-14953.167126
91	95	26	55.845	26	55.845	14928.708508
91	97	26	55.845	26	55.845	-51.529526
91	101	26	55.845	26	55.845	3432.809378
92	92	26	55.845	26	55.845	41538.604331
92	93	26	55.845	26	55.845	-34425.191807
92	94	26	55.845	26	55.845	25483.081327
92	95	26	55.845	26	55.845	-13403.402415
92	97	26	55.845	26	55.845	171.878716
92	101	26	55.845	26	55.845	-358.171129
93	93	26	55.845	26	55.845	59221.205187
93	94	26	55.845	26	55.845	-35571.223134
93	95	26	55.845	26	55.845	38898.853251
93	97	26	55.845	26	55.845	-177.588981
93	101	26	55.845	26	55.845	3517.072271
94	94	26	55.845	26	55.845	84434.564486
94	95	26	55.845	26	55.845	-37780.292948
94	97	26	55.845	26	55.845	612.644132
94	101	26	55.845	26	55.845	2696.564084
95	95	26	55.845	26	55.845	140931.378537
95	97	26	55.845	26	55.845	-406.662705
95	101	26	55.845	26	55.845	15036.434307
97	97	26	55.845	26	55.845	4164.675265
97	101	26	55.845	26	55.845	-146.534508
101	101	26	55.845	26	55.845	421797.032406
