#i	j	Z1	A1	Z2	A2	cov [1/(GV.m2.sr.s)^2]
#(zeros and redundant entries (covariance is symmetric) are omitted)
1	1	1	1.008	1	1.008	2068772.162216
1	2	1	1.008	1	1.008	1159473.763967
1	3	1	1.008	1	1.008	997872.307177
1	4	1	1.008	1	1.008	678138.196828
1	5	1	1.008	1	1.008	393319.050390
1	6	1	1.008	1	1.008	142717.852545
1	7	1	1.008	1	1.008	62603.499116
1	8	1	1.008	1	1.008	25952.762552
1	9	1	1.008	1	1.008	212593.477243
1	10	1	1.008	1	1.008	-24591.383662
1	11	1	1.008	1	1.008	336951.000392
1	12	1	1.008	1	1.008	140029.122482
1	13	1	1.008	1	1.008	151409.456027
1	14	1	1.008	1	1.008	175053.455477
1	15	1	1.008	1	1.008	333048.999812
1	16	1	1.008	1	1.008	403414.003445
1	17	1	1.008	1	1.008	76810.476314
1	18	1	1.008	1	1.008	192467.744702
1	19	1	1.008	1	1.008	101666.085743
1	20	1	1.008	1	1.008	258051.563599
1	21	1	1.008	1	1.008	249572.781719
1	22	1	1.008	1	1.008	197140.977208
1	23	1	1.008	1	1.008	62165.004095
1	25	1	1.008	1	1.008	46269.521079
1	30	1	1.008	2	4.003	198872.074539
1	31	1	1.008	2	4.003	179799.315354
1	32	1	1.008	2	4.003	111657.151990
1	33	1	1.008	2	4.003	68161.622278
1	34	1	1.008	2	4.003	27483.506038
1	35	1	1.008	2	4.003	7648.248970
1	36	1	1.008	2	4.003	-1007.862865
1	37	1	1.008	2	4.003	6659.467930
1	38	1	1.008	2	4.003	7359.966264
1	39	1	1.008	2	4.003	55462.345700
1	40	1	1.008	2	4.003	43376.203246
1	41	1	1.008	2	4.003	36316.445989
1	42	1	1.008	2	4.003	86920.785042
1	43	1	1.008	2	4.003	73007.822397
1	44	1	1.008	2	4.003	5853.793086
1	46	1	1.008	2	4.003	4569.658625
1	47	1	1.008	2	4.003	35737.594433
1	48	1	1.008	2	4.003	67322.354500
1	49	1	1.008	2	4.003	70741.820985
1	50	1	1.008	2	4.003	64533.754446
1	51	1	1.008	2	4.003	84081.184829
1	57	1	1.008	8	15.999	999.702386
1	58	1	1.008	8	15.999	3404.732947
1	59	1	1.008	8	15.999	4237.112169
1	60	1	1.008	8	15.999	3040.892603
1	61	1	1.008	8	15.999	2033.395677
1	62	1	1.008	8	15.999	898.794449
1	63	1	1.008	8	15.999	243.931964
1	64	1	1.008	8	15.999	-135.097699
1	65	1	1.008	8	15.999	-257.631034
1	66	1	1.008	8	15.999	-1173.118977
1	67	1	1.008	8	15.999	-3327.883959
1	68	1	1.008	8	15.999	7303.689919
1	69	1	1.008	8	15.999	-1368.177701
1	70	1	1.008	8	15.999	1597.354944
1	71	1	1.008	8	15.999	1344.330620
1	72	1	1.008	8	15.999	907.553677
1	73	1	1.008	8	15.999	3213.939043
1	74	1	1.008	8	15.999	589.686675
1	75	1	1.008	8	15.999	-786.848540
1	76	1	1.008	8	15.999	-623.562545
1	77	1	1.008	8	15.999	-26.628568
1	78	1	1.008	8	15.999	855.779665
1	79	1	1.008	8	15.999	728.093584
1	84	1	1.008	26	55.845	345.568162
1	85	1	1.008	26	55.845	206.405622
1	86	1	1.008	26	55.845	144.621821
1	87	1	1.008	26	55.845	-16.211043
1	88	1	1.008	26	55.845	130.777521
1	89	1	1.008	26	55.845	-313.176137
1	90	1	1.008	26	55.845	831.018237
1	91	1	1.008	26	55.845	-687.696046
1	92	1	1.008	26	55.845	649.642330
1	93	1	1.008	26	55.845	173.320169
1	94	1	1.008	26	55.845	826.049991
1	95	1	1.008	26	55.845	960.054813
1	97	1	1.008	26	55.845	17.958552
1	101	1	1.008	26	55.845	581.189096
2	2	1	1.008	1	1.008	1203558.352085
2	3	1	1.008	1	1.008	752287.545529
2	4	1	1.008	1	1.008	623533.380097
2	5	1	1.008	1	1.008	305340.403686
2	6	1	1.008	1	1.008	145957.548599
2	7	1	1.008	1	1.008	37918.553472
2	8	1	1.008	1	1.008	73503.471772
2	9	1	1.008	1	1.008	171543.463707
2	10	1	1.008	1	1.008	54321.655029
2	11	1	1.008	1	1.008	317838.881284
2	12	1	1.008	1	1.008	265223.914912
2	13	1	1.008	1	1.008	142424.953893
2	14	1	1.008	1	1.008	260323.898203
2	15	1	1.008	1	1.008	368615.654923
2	16	1	1.008	1	1.008	481728.627504
2	17	1	1.008	1	1.008	93554.036632
2	18	1	1.008	1	1.008	214493.943953
2	19	1	1.008	1	1.008	123501.724188
2	20	1	1.008	1	1.008	298261.082839
2	21	1	1.008	1	1.008	292119.280905
2	22	1	1.008	1	1.008	227396.462262
2	23	1	1.008	1	1.008	73669.575007
2	25	1	1.008	1	1.008	56043.710911
2	30	1	1.008	2	4.003	161509.547364
2	31	1	1.008	2	4.003	150858.400032
2	32	1	1.008	2	4.003	93200.461106
2	33	1	1.008	2	4.003	57214.131200
2	34	1	1.008	2	4.003	22731.967944
2	35	1	1.008	2	4.003	5952.341083
2	36	1	1.008	2	4.003	-2509.427189
2	37	1	1.008	2	4.003	1401.858485
2	38	1	1.008	2	4.003	6826.249217
2	39	1	1.008	2	4.003	31568.749917
2	40	1	1.008	2	4.003	69358.054918
2	41	1	1.008	2	4.003	32464.356694
2	42	1	1.008	2	4.003	111428.248934
2	43	1	1.008	2	4.003	78580.366597
2	44	1	1.008	2	4.003	9625.078098
2	46	1	1.008	2	4.003	5887.468662
2	47	1	1.008	2	4.003	40705.727241
2	48	1	1.008	2	4.003	80037.145972
2	49	1	1.008	2	4.003	82928.740487
2	50	1	1.008	2	4.003	70203.933319
2	51	1	1.008	2	4.003	103120.541445
2	57	1	1.008	8	15.999	839.012702
2	58	1	1.008	8	15.999	2853.298265
2	59	1	1.008	8	15.999	3581.914903
2	60	1	1.008	8	15.999	2564.293022
2	61	1	1.008	8	15.999	1718.122819
2	62	1	1.008	8	15.999	756.388364
2	63	1	1.008	8	15.999	207.445804
2	64	1	1.008	8	15.999	-115.162204
2	65	1	1.008	8	15.999	-211.650789
2	66	1	1.008	8	15.999	-1014.065580
2	67	1	1.008	8	15.999	-3273.370120
2	68	1	1.008	8	15.999	7171.166124
2	69	1	1.008	8	15.999	-448.400504
2	70	1	1.008	8	15.999	2264.678794
2	71	1	1.008	8	15.999	2850.474432
2	72	1	1.008	8	15.999	1528.643246
2	73	1	1.008	8	15.999	4282.034004
2	74	1	1.008	8	15.999	795.057905
2	75	1	1.008	8	15.999	-935.845776
2	76	1	1.008	8	15.999	225.517137
2	77	1	1.008	8	15.999	810.802653
2	78	1	1.008	8	15.999	1986.125948
2	79	1	1.008	8	15.999	992.575290
2	84	1	1.008	26	55.845	291.797891
2	85	1	1.008	26	55.845	174.284794
2	86	1	1.008	26	55.845	122.421435
2	87	1	1.008	26	55.845	-13.351410
2	88	1	1.008	26	55.845	113.875081
2	89	1	1.008	26	55.845	-263.650484
2	90	1	1.008	26	55.845	769.136520
2	91	1	1.008	26	55.845	-571.664576
2	92	1	1.008	26	55.845	575.097802
2	93	1	1.008	26	55.845	198.715179
2	94	1	1.008	26	55.845	790.243872
2	95	1	1.008	26	55.845	1023.406315
2	97	1	1.008	26	55.845	20.566981
2	101	1	1.008	26	55.845	606.339384
3	3	1	1.008	1	1.008	581164.713919
3	4	1	1.008	1	1.008	410430.618265
3	5	1	1.008	1	1.008	235030.515910
3	6	1	1.008	1	1.008	92818.559893
3	7	1	1.008	1	1.008	46463.906760
3	8	1	1.008	1	1.008	36432.409537
3	9	1	1.008	1	1.008	198239.434868
3	10	1	1.008	1	1.008	9944.603778
3	11	1	1.008	1	1.008	343519.144445
3	12	1	1.008	1	1.008	221601.623629
3	13	1	1.008	1	1.008	153957.631149
3	14	1	1.008	1	1.008	231162.124262
3	15	1	1.008	1	1.008	380846.229064
3	16	1	1.008	1	1.008	463592.499235
3	17	1	1.008	1	1.008	91503.699471
3	18	1	1.008	1	1.008	209582.906256
3	19	1	1.008	1	1.008	121428.754379
3	20	1	1.008	1	1.008	294387.420982
3	21	1	1.008	1	1.008	288891.960410
3	22	1	1.008	1	1.008	223683.448588
3	23	1	1.008	1	1.008	73250.717671
3	25	1	1.008	1	1.008	57303.851140
3	30	1	1.008	2	4.003	114668.096999
3	31	1	1.008	2	4.003	106048.333598
3	32	1	1.008	2	4.003	65617.190118
3	33	1	1.008	2	4.003	40249.580652
3	34	1	1.008	2	4.003	16076.232068
3	35	1	1.008	2	4.003	4372.681352
3	36	1	1.008	2	4.003	-1330.255050
3	37	1	1.008	2	4.003	2898.656397
3	38	1	1.008	2	4.003	6749.375090
3	39	1	1.008	2	4.003	27534.382740
3	40	1	1.008	2	4.003	71446.038299
3	41	1	1.008	2	4.003	31632.132533
3	42	1	1.008	2	4.003	109922.951870
3	43	1	1.008	2	4.003	77935.618726
3	44	1	1.008	2	4.003	9367.012503
3	46	1	1.008	2	4.003	6499.739802
3	47	1	1.008	2	4.003	39579.617623
3	48	1	1.008	2	4.003	79753.911561
3	49	1	1.008	2	4.003	82040.169056
3	50	1	1.008	2	4.003	66559.503905
3	51	1	1.008	2	4.003	104617.101086
3	57	1	1.008	8	15.999	589.510413
3	58	1	1.008	8	15.999	2005.660901
3	59	1	1.008	8	15.999	2511.789914
3	60	1	1.008	8	15.999	1799.893880
3	61	1	1.008	8	15.999	1205.878526
3	62	1	1.008	8	15.999	533.448058
3	63	1	1.008	8	15.999	148.125093
3	64	1	1.008	8	15.999	-68.228622
3	65	1	1.008	8	15.999	-145.382521
3	66	1	1.008	8	15.999	-663.034988
3	67	1	1.008	8	15.999	-2363.966682
3	68	1	1.008	8	15.999	6194.881560
3	69	1	1.008	8	15.999	277.935841
3	70	1	1.008	8	15.999	2251.000378
3	71	1	1.008	8	15.999	3487.025013
3	72	1	1.008	8	15.999	1678.686105
3	73	1	1.008	8	15.999	4465.978973
3	74	1	1.008	8	15.999	841.637390
3	75	1	1.008	8	15.999	-938.430550
3	76	1	1.008	8	15.999	694.371697
3	77	1	1.008	8	15.999	1166.308644
3	78	1	1.008	8	15.999	2417.642353
3	79	1	1.008	8	15.999	1084.738864
3	84	1	1.008	26	55.845	204.758440
3	85	1	1.008	26	55.845	122.269996
3	86	1	1.008	26	55.845	86.296599
3	87	1	1.008	26	55.845	-8.855386
3	88	1	1.008	26	55.845	83.038844
3	89	1	1.008	26	55.845	-185.196039
3	90	1	1.008	26	55.845	597.713028
3	91	1	1.008	26	55.845	-406.407518
3	92	1	1.008	26	55.845	441.419032
3	93	1	1.008	26	55.845	199.275806
3	94	1	1.008	26	55.845	643.798701
3	95	1	1.008	26	55.845	941.374239
3	97	1	1.008	26	55.845	19.812552
3	101	1	1.008	26	55.845	547.798022
4	4	1	1.008	1	1.008	358513.457364
4	5	1	1.008	1	1.008	162156.908455
4	6	1	1.008	1	1.008	101285.396232
4	7	1	1.008	1	1.008	38279.706151
4	8	1	1.008	1	1.008	95482.410377
4	9	1	1.008	1	1.008	255133.974007
4	10	1	1.008	1	1.008	94382.850747
4	11	1	1.008	1	1.008	498163.160019
4	12	1	1.008	1	1.008	468946.881565
4	13	1	1.008	1	1.008	236551.113595
4	14	1	1.008	1	1.008	450594.415345
4	15	1	1.008	1	1.008	670406.504961
4	16	1	1.008	1	1.008	841085.762326
4	17	1	1.008	1	1.008	157803.740778
4	18	1	1.008	1	1.008	369939.462310
4	19	1	1.008	1	1.008	222615.673649
4	20	1	1.008	1	1.008	527199.270130
4	21	1	1.008	1	1.008	523321.472227
4	22	1	1.008	1	1.008	399564.421410
4	23	1	1.008	1	1.008	133821.509665
4	25	1	1.008	1	1.008	107971.081723
4	30	1	1.008	2	4.003	86299.156996
4	31	1	1.008	2	4.003	80219.999661
4	32	1	1.008	2	4.003	49591.701523
4	33	1	1.008	2	4.003	30539.288550
4	34	1	1.008	2	4.003	12207.724503
4	35	1	1.008	2	4.003	3498.765989
4	36	1	1.008	2	4.003	-901.752420
4	37	1	1.008	2	4.003	4420.020155
4	38	1	1.008	2	4.003	10817.542481
4	39	1	1.008	2	4.003	28907.893632
4	40	1	1.008	2	4.003	141753.801153
4	41	1	1.008	2	4.003	53261.262981
4	42	1	1.008	2	4.003	205218.627071
4	43	1	1.008	2	4.003	135963.625721
4	44	1	1.008	2	4.003	19219.347031
4	46	1	1.008	2	4.003	13400.751498
4	47	1	1.008	2	4.003	69512.594502
4	48	1	1.008	2	4.003	146546.072728
4	49	1	1.008	2	4.003	148500.882425
4	50	1	1.008	2	4.003	112936.312049
4	51	1	1.008	2	4.003	196496.451168
4	57	1	1.008	8	15.999	445.376511
4	58	1	1.008	8	15.999	1514.860220
4	59	1	1.008	8	15.999	1901.568476
4	60	1	1.008	8	15.999	1363.236196
4	61	1	1.008	8	15.999	915.812078
4	62	1	1.008	8	15.999	410.952237
4	63	1	1.008	8	15.999	122.889917
4	64	1	1.008	8	15.999	-15.185066
4	65	1	1.008	8	15.999	-90.905213
4	66	1	1.008	8	15.999	-436.676861
4	67	1	1.008	8	15.999	-2384.719194
4	68	1	1.008	8	15.999	8402.721881
4	69	1	1.008	8	15.999	2524.795959
4	70	1	1.008	8	15.999	4217.129878
4	71	1	1.008	8	15.999	8202.595178
4	72	1	1.008	8	15.999	3486.162347
4	73	1	1.008	8	15.999	8788.506006
4	74	1	1.008	8	15.999	1655.529550
4	75	1	1.008	8	15.999	-1722.659849
4	76	1	1.008	8	15.999	2556.981482
4	77	1	1.008	8	15.999	3160.283717
4	78	1	1.008	8	15.999	5650.480413
4	79	1	1.008	8	15.999	2229.194365
4	84	1	1.008	26	55.845	155.203740
4	85	1	1.008	26	55.845	92.571106
4	86	1	1.008	26	55.845	66.910447
4	87	1	1.008	26	55.845	-4.983907
4	88	1	1.008	26	55.845	76.341529
4	89	1	1.008	26	55.845	-135.407329
4	90	1	1.008	26	55.845	663.719573
4	91	1	1.008	26	55.845	-292.394229
4	92	1	1.008	26	55.845	453.657615
4	93	1	1.008	26	55.845	367.699726
4	94	1	1.008	26	55.845	818.542552
4	95	1	1.008	26	55.845	1526.455646
4	97	1	1.008	26	55.845	34.707819
4	101	1	1.008	26	55.845	859.930564
5	5	1	1.008	1	1.008	127760.575080
5	6	1	1.008	1	1.008	29233.375115
5	7	1	1.008	1	1.008	66088.049555
5	8	1	1.008	1	1.008	9681.802161
5	9	1	1.008	1	1.008	308933.384063
5	10	1	1.008	1	1.008	-21991.582765
5	11	1	1.008	1	1.008	528548.013844
5	12	1	1.008	1	1.008	311850.095934
5	13	1	1.008	1	1.008	238137.900864
5	14	1	1.008	1	1.008	329162.589154
5	15	1	1.008	1	1.008	596521.440588
5	16	1	1.008	1	1.008	683779.660706
5	17	1	1.008	1	1.008	137469.297610
5	18	1	1.008	1	1.008	307412.093502
5	19	1	1.008	1	1.008	185031.803976
5	20	1	1.008	1	1.008	442989.812727
5	21	1	1.008	1	1.008	438230.736424
5	22	1	1.008	1	1.008	334936.272211
5	23	1	1.008	1	1.008	112433.816079
5	25	1	1.008	1	1.008	91724.883449
5	30	1	1.008	2	4.003	45252.684425
5	31	1	1.008	2	4.003	41860.823196
5	32	1	1.008	2	4.003	25894.097709
5	33	1	1.008	2	4.003	15998.813027
5	34	1	1.008	2	4.003	6431.305768
5	35	1	1.008	2	4.003	2009.569278
5	36	1	1.008	2	4.003	-266.384190
5	37	1	1.008	2	4.003	4376.969350
5	38	1	1.008	2	4.003	9298.781825
5	39	1	1.008	2	4.003	18143.899315
5	40	1	1.008	2	4.003	123229.212956
5	41	1	1.008	2	4.003	42349.928983
5	42	1	1.008	2	4.003	171257.686128
5	43	1	1.008	2	4.003	115173.626228
5	44	1	1.008	2	4.003	15391.887484
5	46	1	1.008	2	4.003	11552.182884
5	47	1	1.008	2	4.003	58090.681589
5	48	1	1.008	2	4.003	122979.788968
5	49	1	1.008	2	4.003	124646.641127
5	50	1	1.008	2	4.003	92517.197383
5	51	1	1.008	2	4.003	166584.968654
5	57	1	1.008	8	15.999	231.947759
5	58	1	1.008	8	15.999	789.081907
5	59	1	1.008	8	15.999	990.029009
5	60	1	1.008	8	15.999	710.596707
5	61	1	1.008	8	15.999	478.166207
5	62	1	1.008	8	15.999	217.749562
5	63	1	1.008	8	15.999	67.964451
5	64	1	1.008	8	15.999	12.663924
5	65	1	1.008	8	15.999	-42.769211
5	66	1	1.008	8	15.999	-128.894324
5	67	1	1.008	8	15.999	-1470.893609
5	68	1	1.008	8	15.999	6811.174417
5	69	1	1.008	8	15.999	2498.923795
5	70	1	1.008	8	15.999	3624.837765
5	71	1	1.008	8	15.999	7309.037432
5	72	1	1.008	8	15.999	3112.583843
5	73	1	1.008	8	15.999	7516.710863
5	74	1	1.008	8	15.999	1441.328698
5	75	1	1.008	8	15.999	-1457.891884
5	76	1	1.008	8	15.999	2495.636056
5	77	1	1.008	8	15.999	2934.589436
5	78	1	1.008	8	15.999	5087.729380
5	79	1	1.008	8	15.999	1930.435611
5	84	1	1.008	26	55.845	80.923301
5	85	1	1.008	26	55.845	48.227641
5	86	1	1.008	26	55.845	35.580633
5	87	1	1.008	26	55.845	-1.630374
5	88	1	1.008	26	55.845	45.382374
5	89	1	1.008	26	55.845	-72.708044
5	90	1	1.008	26	55.845	467.025063
5	91	1	1.008	26	55.845	-168.562926
5	92	1	1.008	26	55.845	312.572223
5	93	1	1.008	26	55.845	306.695896
5	94	1	1.008	26	55.845	604.015631
5	95	1	1.008	26	55.845	1233.307664
5	97	1	1.008	26	55.845	28.764495
5	101	1	1.008	26	55.845	687.738436
6	6	1	1.008	1	1.008	81281.536870
6	7	1	1.008	1	1.008	1834.948657
6	8	1	1.008	1	1.008	165787.630442
6	9	1	1.008	1	1.008	198644.407717
6	10	1	1.008	1	1.008	212613.468788
6	11	1	1.008	1	1.008	476319.375047
6	12	1	1.008	1	1.008	659953.180615
6	13	1	1.008	1	1.008	247055.553424
6	14	1	1.008	1	1.008	601027.506500
6	15	1	1.008	1	1.008	811459.321549
6	16	1	1.008	1	1.008	1056770.493902
6	17	1	1.008	1	1.008	187790.705437
6	18	1	1.008	1	1.008	456026.667522
6	19	1	1.008	1	1.008	280963.005313
6	20	1	1.008	1	1.008	654310.544074
6	21	1	1.008	1	1.008	653753.087529
6	22	1	1.008	1	1.008	494726.724693
6	23	1	1.008	1	1.008	167476.470453
6	25	1	1.008	1	1.008	137902.537631
6	30	1	1.008	2	4.003	18091.039560
6	31	1	1.008	2	4.003	16669.351074
6	32	1	1.008	2	4.003	10311.911308
6	33	1	1.008	2	4.003	6506.692187
6	34	1	1.008	2	4.003	2679.966887
6	35	1	1.008	2	4.003	1147.931195
6	36	1	1.008	2	4.003	307.119978
6	37	1	1.008	2	4.003	5587.187328
6	38	1	1.008	2	4.003	12458.025067
6	39	1	1.008	2	4.003	24756.543514
6	40	1	1.008	2	4.003	182712.223011
6	41	1	1.008	2	4.003	65152.577718
6	42	1	1.008	2	4.003	259421.340530
6	43	1	1.008	2	4.003	165037.477660
6	44	1	1.008	2	4.003	25779.855162
6	46	1	1.008	2	4.003	17954.103141
6	47	1	1.008	2	4.003	84698.407238
6	48	1	1.008	2	4.003	183894.830676
6	49	1	1.008	2	4.003	184505.397352
6	50	1	1.008	2	4.003	135172.543696
6	51	1	1.008	2	4.003	249291.344931
6	57	1	1.008	8	15.999	91.530517
6	58	1	1.008	8	15.999	311.286381
6	59	1	1.008	8	15.999	393.410410
6	60	1	1.008	8	15.999	284.332816
6	61	1	1.008	8	15.999	195.087087
6	62	1	1.008	8	15.999	98.902999
6	63	1	1.008	8	15.999	45.808930
6	64	1	1.008	8	15.999	64.085319
6	65	1	1.008	8	15.999	17.893935
6	66	1	1.008	8	15.999	7.170139
6	67	1	1.008	8	15.999	-1528.935760
6	68	1	1.008	8	15.999	8177.121828
6	69	1	1.008	8	15.999	4657.380317
6	70	1	1.008	8	15.999	5270.226325
6	71	1	1.008	8	15.999	11553.113032
6	72	1	1.008	8	15.999	4591.460400
6	73	1	1.008	8	15.999	11427.100453
6	74	1	1.008	8	15.999	2141.432861
6	75	1	1.008	8	15.999	-2155.453542
6	76	1	1.008	8	15.999	4077.375222
6	77	1	1.008	8	15.999	4641.436073
6	78	1	1.008	8	15.999	7894.467305
6	79	1	1.008	8	15.999	2967.777092
6	84	1	1.008	26	55.845	32.527185
6	85	1	1.008	26	55.845	19.195956
6	86	1	1.008	26	55.845	16.776963
6	87	1	1.008	26	55.845	2.071957
6	88	1	1.008	26	55.845	40.688595
6	89	1	1.008	26	55.845	-17.277334
6	90	1	1.008	26	55.845	509.371352
6	91	1	1.008	26	55.845	-23.804798
6	92	1	1.008	26	55.845	303.892620
6	93	1	1.008	26	55.845	464.619407
6	94	1	1.008	26	55.845	759.807782
6	95	1	1.008	26	55.845	1768.548409
6	97	1	1.008	26	55.845	42.274517
6	101	1	1.008	26	55.845	972.968539
7	7	1	1.008	1	1.008	210012.143680
7	8	1	1.008	1	1.008	-126313.152929
7	9	1	1.008	1	1.008	1053839.945092
7	10	1	1.008	1	1.008	-263130.942768
7	11	1	1.008	1	1.008	1710726.331053
7	12	1	1.008	1	1.008	738799.622101
7	13	1	1.008	1	1.008	750697.930130
7	14	1	1.008	1	1.008	842951.192997
7	15	1	1.008	1	1.008	1767954.231764
7	16	1	1.008	1	1.008	1902519.876017
7	17	1	1.008	1	1.008	399907.195473
7	18	1	1.008	1	1.008	863990.075960
7	19	1	1.008	1	1.008	524108.317324
7	20	1	1.008	1	1.008	1259407.260128
7	21	1	1.008	1	1.008	1247655.795722
7	22	1	1.008	1	1.008	950894.307026
7	23	1	1.008	1	1.008	322337.765055
7	25	1	1.008	1	1.008	266362.169793
7	30	1	1.008	2	4.003	4168.804872
7	31	1	1.008	2	4.003	3472.280716
7	32	1	1.008	2	4.003	2160.183095
7	33	1	1.008	2	4.003	1751.318417
7	34	1	1.008	2	4.003	883.962582
7	35	1	1.008	2	4.003	1301.319508
7	36	1	1.008	2	4.003	1064.401962
7	37	1	1.008	2	4.003	13267.523884
7	38	1	1.008	2	4.003	25605.732886
7	39	1	1.008	2	4.003	25577.306933
7	40	1	1.008	2	4.003	370103.836050
7	41	1	1.008	2	4.003	113102.747081
7	42	1	1.008	2	4.003	491754.917465
7	43	1	1.008	2	4.003	329243.048512
7	44	1	1.008	2	4.003	43552.967947
7	46	1	1.008	2	4.003	34571.801906
7	47	1	1.008	2	4.003	164620.304828
7	48	1	1.008	2	4.003	353184.295364
7	49	1	1.008	2	4.003	356852.991351
7	50	1	1.008	2	4.003	255639.252178
7	51	1	1.008	2	4.003	484477.964021
7	57	1	1.008	8	15.999	16.327278
7	58	1	1.008	8	15.999	55.744773
7	59	1	1.008	8	15.999	73.500225
7	60	1	1.008	8	15.999	57.624656
7	61	1	1.008	8	15.999	45.809244
7	62	1	1.008	8	15.999	43.835399
7	63	1	1.008	8	15.999	37.968013
7	64	1	1.008	8	15.999	149.042688
7	65	1	1.008	8	15.999	41.497944
7	66	1	1.008	8	15.999	571.900919
7	67	1	1.008	8	15.999	-2009.893932
7	68	1	1.008	8	15.999	17502.327449
7	69	1	1.008	8	15.999	9074.001818
7	70	1	1.008	8	15.999	10670.267165
7	71	1	1.008	8	15.999	22892.018332
7	72	1	1.008	8	15.999	9591.858595
7	73	1	1.008	8	15.999	22214.892647
7	74	1	1.008	8	15.999	4313.835725
7	75	1	1.008	8	15.999	-4214.303992
7	76	1	1.008	8	15.999	8635.040590
7	77	1	1.008	8	15.999	9604.682560
7	78	1	1.008	8	15.999	16032.038214
7	79	1	1.008	8	15.999	5803.218405
7	84	1	1.008	26	55.845	6.814719
7	85	1	1.008	26	55.845	3.723495
7	86	1	1.008	26	55.845	8.242558
7	87	1	1.008	26	55.845	6.645480
7	88	1	1.008	26	55.845	48.007754
7	89	1	1.008	26	55.845	-12.007396
7	90	1	1.008	26	55.845	909.465493
7	91	1	1.008	26	55.845	-77.792190
7	92	1	1.008	26	55.845	557.334962
7	93	1	1.008	26	55.845	877.123519
7	94	1	1.008	26	55.845	1359.081906
7	95	1	1.008	26	55.845	3330.453504
7	97	1	1.008	26	55.845	80.961546
7	101	1	1.008	26	55.845	1822.322828
8	8	1	1.008	1	1.008	1018277.368116
8	9	1	1.008	1	1.008	-859549.018524
8	10	1	1.008	1	1.008	1820811.720498
8	11	1	1.008	1	1.008	-506526.325007
8	12	1	1.008	1	1.008	2574942.591936
8	13	1	1.008	1	1.008	20745.509673
8	14	1	1.008	1	1.008	2002022.342126
8	15	1	1.008	1	1.008	1476949.194342
8	16	1	1.008	1	1.008	2707810.981632
8	17	1	1.008	1	1.008	345504.515959
8	18	1	1.008	1	1.008	1083850.871862
8	19	1	1.008	1	1.008	683252.977306
8	20	1	1.008	1	1.008	1514116.776067
8	21	1	1.008	1	1.008	1542779.780596
8	22	1	1.008	1	1.008	1149062.296961
8	23	1	1.008	1	1.008	392466.396717
8	25	1	1.008	1	1.008	322507.650051
8	30	1	1.008	2	4.003	3233.879608
8	31	1	1.008	2	4.003	2513.415950
8	32	1	1.008	2	4.003	1596.569779
8	33	1	1.008	2	4.003	1312.661452
8	34	1	1.008	2	4.003	763.240865
8	35	1	1.008	2	4.003	1012.398372
8	36	1	1.008	2	4.003	1538.040641
8	37	1	1.008	2	4.003	9530.904034
8	38	1	1.008	2	4.003	27169.581421
8	39	1	1.008	2	4.003	95321.108200
8	40	1	1.008	2	4.003	394998.130792
8	41	1	1.008	2	4.003	178403.127166
8	42	1	1.008	2	4.003	623125.645030
8	43	1	1.008	2	4.003	363468.392559
8	44	1	1.008	2	4.003	73104.880378
8	46	1	1.008	2	4.003	43683.832288
8	47	1	1.008	2	4.003	193865.187583
8	48	1	1.008	2	4.003	434147.115135
8	49	1	1.008	2	4.003	429159.436252
8	50	1	1.008	2	4.003	320151.035013
8	51	1	1.008	2	4.003	580616.247565
8	57	1	1.008	8	15.999	12.272495
8	58	1	1.008	8	15.999	41.241511
8	59	1	1.008	8	15.999	63.528712
8	60	1	1.008	8	15.999	53.519347
8	61	1	1.008	8	15.999	52.723307
8	62	1	1.008	8	15.999	63.953396
8	63	1	1.008	8	15.999	93.716768
8	64	1	1.008	8	15.999	212.202424
8	65	1	1.008	8	15.999	186.843463
8	66	1	1.008	8	15.999	-582.538443
8	67	1	1.008	8	15.999	-3934.993292
8	68	1	1.008	8	15.999	13329.719998
8	69	1	1.008	8	15.999	12386.746427
8	70	1	1.008	8	15.999	11215.906821
8	71	1	1.008	8	15.999	27247.414495
8	72	1	1.008	8	15.999	9510.577400
8	73	1	1.008	8	15.999	26847.393685
8	74	1	1.008	8	15.999	4746.411328
8	75	1	1.008	8	15.999	-4942.469963
8	76	1	1.008	8	15.999	8973.589443
8	77	1	1.008	8	15.999	10320.877431
8	78	1	1.008	8	15.999	17783.410844
8	79	1	1.008	8	15.999	6983.368262
8	84	1	1.008	26	55.845	6.775856
8	85	1	1.008	26	55.845	3.158335
8	86	1	1.008	26	55.845	13.388841
8	87	1	1.008	26	55.845	9.847481
8	88	1	1.008	26	55.845	103.340100
8	89	1	1.008	26	55.845	93.130951
8	90	1	1.008	26	55.845	1037.594744
8	91	1	1.008	26	55.845	376.645188
8	92	1	1.008	26	55.845	493.659009
8	93	1	1.008	26	55.845	1146.290775
8	94	1	1.008	26	55.845	1702.397569
8	95	1	1.008	26	55.845	4157.795512
8	97	1	1.008	26	55.845	98.807200
8	101	1	1.008	26	55.845	2276.919048
9	9	1	1.008	1	1.008	14183138.775036
9	10	1	1.008	1	1.008	-5801158.960480
9	11	1	1.008	1	1.008	22427348.860291
9	12	1	1.008	1	1.008	5775754.583811
9	13	1	1.008	1	1.008	9466562.132835
9	14	1	1.008	1	1.008	7859951.616704
9	15	1	1.008	1	1.008	20261562.394422
9	16	1	1.008	1	1.008	20232576.431859
9	17	1	1.008	1	1.008	4607948.234140
9	18	1	1.008	1	1.008	9363465.273110
9	19	1	1.008	1	1.008	5658653.497898
9	20	1	1.008	1	1.008	13767555.595264
9	21	1	1.008	1	1.008	13578727.782750
9	22	1	1.008	1	1.008	10385850.021112
9	23	1	1.008	1	1.008	3519645.362420
9	25	1	1.008	1	1.008	2911387.535991
9	30	1	1.008	2	4.003	10723.404043
9	31	1	1.008	2	4.003	8779.701531
9	32	1	1.008	2	4.003	5224.746174
9	33	1	1.008	2	4.003	8303.631468
9	34	1	1.008	2	4.003	5087.553703
9	35	1	1.008	2	4.003	13387.221933
9	36	1	1.008	2	4.003	10627.715669
9	37	1	1.008	2	4.003	150393.591835
9	38	1	1.008	2	4.003	284538.970325
9	39	1	1.008	2	4.003	118393.591416
9	40	1	1.008	2	4.003	4168217.917241
9	41	1	1.008	2	4.003	1145260.991895
9	42	1	1.008	2	4.003	5356756.366945
9	43	1	1.008	2	4.003	3634438.608670
9	44	1	1.008	2	4.003	449977.633141
9	46	1	1.008	2	4.003	374193.306369
9	47	1	1.008	2	4.003	1806157.856140
9	48	1	1.008	2	4.003	3851036.268747
9	49	1	1.008	2	4.003	3904046.403537
9	50	1	1.008	2	4.003	2771223.916275
9	51	1	1.008	2	4.003	5308455.655696
9	57	1	1.008	8	15.999	11.206227
9	58	1	1.008	8	15.999	38.222023
9	59	1	1.008	8	15.999	95.029754
9	60	1	1.008	8	15.999	108.464753
9	61	1	1.008	8	15.999	130.768920
9	62	1	1.008	8	15.999	266.661714
9	63	1	1.008	8	15.999	237.907480
9	64	1	1.008	8	15.999	1464.369356
9	65	1	1.008	8	15.999	179.027500
9	66	1	1.008	8	15.999	9776.583199
9	67	1	1.008	8	15.999	-18058.243941
9	68	1	1.008	8	15.999	203812.924656
9	69	1	1.008	8	15.999	97285.201807
9	70	1	1.008	8	15.999	120550.602590
9	71	1	1.008	8	15.999	251963.421045
9	72	1	1.008	8	15.999	109041.962300
9	73	1	1.008	8	15.999	243445.308289
9	74	1	1.008	8	15.999	47983.284708
9	75	1	1.008	8	15.999	-46330.346007
9	76	1	1.008	8	15.999	97682.400826
9	77	1	1.008	8	15.999	107898.676635
9	78	1	1.008	8	15.999	178876.766258
9	79	1	1.008	8	15.999	63626.670714
9	84	1	1.008	26	55.845	14.689469
9	85	1	1.008	26	55.845	6.587414
9	86	1	1.008	26	55.845	53.047759
9	87	1	1.008	26	55.845	70.732852
9	88	1	1.008	26	55.845	362.613889
9	89	1	1.008	26	55.845	-297.887159
9	90	1	1.008	26	55.845	9593.107373
9	91	1	1.008	26	55.845	-1526.194687
9	92	1	1.008	26	55.845	6201.168466
9	93	1	1.008	26	55.845	9329.023331
9	94	1	1.008	26	55.845	14583.049946
9	95	1	1.008	26	55.845	35981.955628
9	97	1	1.008	26	55.845	883.014134
9	101	1	1.008	26	55.845	19713.019939
10	10	1	1.008	1	1.008	87170307.000425
10	11	1	1.008	1	1.008	-57740994.586092
10	12	1	1.008	1	1.008	107772390.417087
10	13	1	1.008	1	1.008	-16601767.058307
10	14	1	1.008	1	1.008	76342599.859983
10	15	1	1.008	1	1.008	23446289.166903
10	16	1	1.008	1	1.008	80322808.419858
10	17	1	1.008	1	1.008	8146983.714260
10	18	1	1.008	1	1.008	27637288.955396
10	19	1	1.008	1	1.008	18930679.004729
10	20	1	1.008	1	1.008	38036456.530568
10	21	1	1.008	1	1.008	40068270.491585
10	22	1	1.008	1	1.008	29068491.181850
10	23	1	1.008	1	1.008	10219261.343454
10	25	1	1.008	1	1.008	8343001.916388
10	30	1	1.008	2	4.003	2659.009431
10	31	1	1.008	2	4.003	5490.618532
10	32	1	1.008	2	4.003	3443.374941
10	33	1	1.008	2	4.003	6347.036132
10	34	1	1.008	2	4.003	6801.874906
10	35	1	1.008	2	4.003	8554.882955
10	36	1	1.008	2	4.003	30283.254458
10	37	1	1.008	2	4.003	60333.367468
10	38	1	1.008	2	4.003	373626.468881
10	39	1	1.008	2	4.003	2162690.018272
10	40	1	1.008	2	4.003	9268323.588914
10	41	1	1.008	2	4.003	4805187.740781
10	42	1	1.008	2	4.003	17493642.437732
10	43	1	1.008	2	4.003	8181039.593107
10	44	1	1.008	2	4.003	2362469.818720
10	46	1	1.008	2	4.003	1127632.616229
10	47	1	1.008	2	4.003	4848836.672530
10	48	1	1.008	2	4.003	11480178.496421
10	49	1	1.008	2	4.003	11072628.639881
10	50	1	1.008	2	4.003	8235413.276947
10	51	1	1.008	2	4.003	15175414.309563
10	57	1	1.008	8	15.999	-20.972311
10	58	1	1.008	8	15.999	-90.802453
10	59	1	1.008	8	15.999	14.720249
10	60	1	1.008	8	15.999	-6.086758
10	61	1	1.008	8	15.999	74.054495
10	62	1	1.008	8	15.999	74.836626
10	63	1	1.008	8	15.999	111.613749
10	64	1	1.008	8	15.999	235.186384
10	65	1	1.008	8	15.999	8433.843726
10	66	1	1.008	8	15.999	43726.152412
10	67	1	1.008	8	15.999	-25474.282286
10	68	1	1.008	8	15.999	264816.564798
10	69	1	1.008	8	15.999	342747.666317
10	70	1	1.008	8	15.999	333182.035292
10	71	1	1.008	8	15.999	741563.106033
10	72	1	1.008	8	15.999	262910.950937
10	73	1	1.008	8	15.999	726812.188763
10	74	1	1.008	8	15.999	118218.675448
10	75	1	1.008	8	15.999	-127032.003192
10	76	1	1.008	8	15.999	252014.440899
10	77	1	1.008	8	15.999	285893.329170
10	78	1	1.008	8	15.999	485829.284320
10	79	1	1.008	8	15.999	187343.123658
10	84	1	1.008	26	55.845	-35.641557
10	85	1	1.008	26	55.845	-11.930750
10	86	1	1.008	26	55.845	-112.832768
10	87	1	1.008	26	55.845	-73.798003
10	88	1	1.008	26	55.845	-1127.216345
10	89	1	1.008	26	55.845	248.930014
10	90	1	1.008	26	55.845	6531.199420
10	91	1	1.008	26	55.845	13512.608638
10	92	1	1.008	26	55.845	5465.365925
10	93	1	1.008	26	55.845	24467.475703
10	94	1	1.008	26	55.845	40929.294355
10	95	1	1.008	26	55.845	103106.350638
10	97	1	1.008	26	55.845	2609.579220
10	101	1	1.008	26	55.845	57147.012075
11	11	1	1.008	1	1.008	321386349.970875
11	12	1	1.008	1	1.008	-201447684.712366
11	13	1	1.008	1	1.008	147256403.314725
11	14	1	1.008	1	1.008	-110184310.751957
11	15	1	1.008	1	1.008	164394542.186760
11	16	1	1.008	1	1.008	27779459.948048
11	17	1	1.008	1	1.008	25523356.091883
11	18	1	1.008	1	1.008	38986976.618055
11	19	1	1.008	1	1.008	14912373.399030
11	20	1	1.008	1	1.008	57904238.366535
11	21	1	1.008	1	1.008	51863715.226349
11	22	1	1.008	1	1.008	42831427.868738
11	23	1	1.008	1	1.008	13841559.899049
11	25	1	1.008	1	1.008	11871944.866696
11	30	1	1.008	2	4.003	9563.492714
11	31	1	1.008	2	4.003	4939.205825
11	32	1	1.008	2	4.003	409.978491
11	33	1	1.008	2	4.003	9347.775972
11	34	1	1.008	2	4.003	-5194.606736
11	35	1	1.008	2	4.003	32183.266883
11	36	1	1.008	2	4.003	-84141.579251
11	37	1	1.008	2	4.003	524550.194939
11	38	1	1.008	2	4.003	-4984817.826140
11	39	1	1.008	2	4.003	6472696.454398
11	40	1	1.008	2	4.003	15440969.983022
11	41	1	1.008	2	4.003	6340613.781828
11	42	1	1.008	2	4.003	12765475.006346
11	43	1	1.008	2	4.003	22021966.592211
11	44	1	1.008	2	4.003	-1610352.340832
11	46	1	1.008	2	4.003	1756475.978916
11	47	1	1.008	2	4.003	7718087.275016
11	48	1	1.008	2	4.003	14702494.752239
11	49	1	1.008	2	4.003	15997927.126144
11	50	1	1.008	2	4.003	10359899.875948
11	51	1	1.008	2	4.003	21658298.620910
11	57	1	1.008	8	15.999	-35.334793
11	58	1	1.008	8	15.999	-75.198502
11	59	1	1.008	8	15.999	-159.660994
11	60	1	1.008	8	15.999	-4.851031
11	61	1	1.008	8	15.999	-315.844648
11	62	1	1.008	8	15.999	429.522035
11	63	1	1.008	8	15.999	-2067.218884
11	64	1	1.008	8	15.999	8939.499233
11	65	1	1.008	8	15.999	-46101.503889
11	66	1	1.008	8	15.999	309111.330217
11	67	1	1.008	8	15.999	-215572.410663
11	68	1	1.008	8	15.999	1892551.760980
11	69	1	1.008	8	15.999	160068.439081
11	70	1	1.008	8	15.999	557772.983386
11	71	1	1.008	8	15.999	951777.478905
11	72	1	1.008	8	15.999	577313.531851
11	73	1	1.008	8	15.999	934914.912848
11	74	1	1.008	8	15.999	239132.305810
11	75	1	1.008	8	15.999	-203152.479897
11	76	1	1.008	8	15.999	484209.792068
11	77	1	1.008	8	15.999	504950.893125
11	78	1	1.008	8	15.999	806967.571397
11	79	1	1.008	8	15.999	254394.107776
11	84	1	1.008	26	55.845	-23.608324
11	85	1	1.008	26	55.845	4.699148
11	86	1	1.008	26	55.845	-45.332512
11	87	1	1.008	26	55.845	89.791989
11	88	1	1.008	26	55.845	-547.670966
11	89	1	1.008	26	55.845	-4722.158055
11	90	1	1.008	26	55.845	91089.449983
11	91	1	1.008	26	55.845	-71019.780320
11	92	1	1.008	26	55.845	65566.983833
11	93	1	1.008	26	55.845	38235.247714
11	94	1	1.008	26	55.845	64755.849810
11	95	1	1.008	26	55.845	149298.638431
11	97	1	1.008	26	55.845	3473.064187
11	101	1	1.008	26	55.845	76879.529398
12	12	1	1.008	1	1.008	1141365804.123162
12	13	1	1.008	1	1.008	-358947357.391541
12	14	1	1.008	1	1.008	932641690.508771
12	15	1	1.008	1	1.008	68185013.810801
12	16	1	1.008	1	1.008	767415336.684034
12	17	1	1.008	1	1.008	82414377.266512
12	18	1	1.008	1	1.008	218408670.127280
12	19	1	1.008	1	1.008	185725162.835067
12	20	1	1.008	1	1.008	329628230.261655
12	21	1	1.008	1	1.008	355565733.046823
12	22	1	1.008	1	1.008	253905124.680878
12	23	1	1.008	1	1.008	90501804.832694
12	25	1	1.008	1	1.008	73057396.134168
12	30	1	1.008	2	4.003	8751.889988
12	31	1	1.008	2	4.003	6212.149396
12	32	1	1.008	2	4.003	8545.895185
12	33	1	1.008	2	4.003	6865.892359
12	34	1	1.008	2	4.003	27032.166029
12	35	1	1.008	2	4.003	-10326.935197
12	36	1	1.008	2	4.003	205346.136434
12	37	1	1.008	2	4.003	-515619.930546
12	38	1	1.008	2	4.003	14317873.326983
12	39	1	1.008	2	4.003	-41901093.688639
12	40	1	1.008	2	4.003	141342678.719926
12	41	1	1.008	2	4.003	-1835768.623536
12	42	1	1.008	2	4.003	190903778.289441
12	43	1	1.008	2	4.003	47488557.482757
12	44	1	1.008	2	4.003	32715098.714769
12	46	1	1.008	2	4.003	8767759.030299
12	47	1	1.008	2	4.003	42439304.957147
12	48	1	1.008	2	4.003	101908563.882638
12	49	1	1.008	2	4.003	97090189.579689
12	50	1	1.008	2	4.003	72506910.367052
12	51	1	1.008	2	4.003	133685736.307717
12	57	1	1.008	8	15.999	-119.894291
12	58	1	1.008	8	15.999	-418.370364
12	59	1	1.008	8	15.999	-992.101356
12	60	1	1.008	8	15.999	-1092.692397
12	61	1	1.008	8	15.999	-1088.853926
12	62	1	1.008	8	15.999	-2516.531582
12	63	1	1.008	8	15.999	-1734.493334
12	64	1	1.008	8	15.999	-16577.629409
12	65	1	1.008	8	15.999	50421.047478
12	66	1	1.008	8	15.999	-383150.092189
12	67	1	1.008	8	15.999	23794.376591
12	68	1	1.008	8	15.999	2049967.253194
12	69	1	1.008	8	15.999	2785140.957575
12	70	1	1.008	8	15.999	3434694.512580
12	71	1	1.008	8	15.999	6475082.909571
12	72	1	1.008	8	15.999	2332704.598992
12	73	1	1.008	8	15.999	6545122.498982
12	74	1	1.008	8	15.999	995223.127355
12	75	1	1.008	8	15.999	-1098367.738917
12	76	1	1.008	8	15.999	2250994.127622
12	77	1	1.008	8	15.999	2578519.416924
12	78	1	1.008	8	15.999	4336154.605355
12	79	1	1.008	8	15.999	1657877.187417
12	84	1	1.008	26	55.845	33.140123
12	85	1	1.008	26	55.845	-123.443282
12	86	1	1.008	26	55.845	31.454287
12	87	1	1.008	26	55.845	-650.772282
12	88	1	1.008	26	55.845	1834.191673
12	89	1	1.008	26	55.845	-15996.550509
12	90	1	1.008	26	55.845	9187.911376
12	91	1	1.008	26	55.845	136009.229029
12	92	1	1.008	26	55.845	42355.558789
12	93	1	1.008	26	55.845	175453.781227
12	94	1	1.008	26	55.845	379738.503379
12	95	1	1.008	26	55.845	885378.462790
12	97	1	1.008	26	55.845	23238.472838
12	101	1	1.008	26	55.845	500757.641955
13	13	1	1.008	1	1.008	1520263786.231865
13	14	1	1.008	1	1.008	-792177560.730283
13	15	1	1.008	1	1.008	1725757172.380065
13	16	1	1.008	1	1.008	637374077.746773
13	17	1	1.008	1	1.008	369830394.945173
13	18	1	1.008	1	1.008	436931757.649218
13	19	1	1.008	1	1.008	178748917.604502
13	20	1	1.008	1	1.008	636165604.078929
13	21	1	1.008	1	1.008	560960237.702382
13	22	1	1.008	1	1.008	467383861.981024
13	23	1	1.008	1	1.008	149724721.264242
13	25	1	1.008	1	1.008	129071605.266352
13	30	1	1.008	2	4.003	56273.457146
13	31	1	1.008	2	4.003	94673.467813
13	32	1	1.008	2	4.003	55078.164843
13	33	1	1.008	2	4.003	94449.824992
13	34	1	1.008	2	4.003	76096.600202
13	35	1	1.008	2	4.003	133444.160182
13	36	1	1.008	2	4.003	282704.222761
13	37	1	1.008	2	4.003	1107292.403991
13	38	1	1.008	2	4.003	9317642.152803
13	39	1	1.008	2	4.003	-733363.270220
13	40	1	1.008	2	4.003	159916905.491460
13	41	1	1.008	2	4.003	126998918.566070
13	42	1	1.008	2	4.003	146352516.131963
13	43	1	1.008	2	4.003	230816871.877055
13	44	1	1.008	2	4.003	-28463485.816131
13	46	1	1.008	2	4.003	9923452.692620
13	47	1	1.008	2	4.003	87451360.240580
13	48	1	1.008	2	4.003	158877691.947780
13	49	1	1.008	2	4.003	172347153.691147
13	50	1	1.008	2	4.003	120011367.536631
13	51	1	1.008	2	4.003	230060115.338651
13	57	1	1.008	8	15.999	1.679701
13	58	1	1.008	8	15.999	-88.456045
13	59	1	1.008	8	15.999	10.012643
13	60	1	1.008	8	15.999	-254.390468
13	61	1	1.008	8	15.999	397.232260
13	62	1	1.008	8	15.999	-1112.060887
13	63	1	1.008	8	15.999	3584.522467
13	64	1	1.008	8	15.999	-17999.312373
13	65	1	1.008	8	15.999	89328.191519
13	66	1	1.008	8	15.999	-412917.050749
13	67	1	1.008	8	15.999	-714831.461462
13	68	1	1.008	8	15.999	4447854.140382
13	69	1	1.008	8	15.999	6584560.958702
13	70	1	1.008	8	15.999	3012748.424810
13	71	1	1.008	8	15.999	11751600.234797
13	72	1	1.008	8	15.999	5477123.572654
13	73	1	1.008	8	15.999	9553225.709889
13	74	1	1.008	8	15.999	2274887.553874
13	75	1	1.008	8	15.999	-2106078.533779
13	76	1	1.008	8	15.999	3832052.280587
13	77	1	1.008	8	15.999	4050247.139375
13	78	1	1.008	8	15.999	7079219.778779
13	79	1	1.008	8	15.999	2730037.200979
13	84	1	1.008	26	55.845	43.880278
13	85	1	1.008	26	55.845	49.653200
13	86	1	1.008	26	55.845	225.013659
13	87	1	1.008	26	55.845	554.660040
13	88	1	1.008	26	55.845	-68.840342
13	89	1	1.008	26	55.845	12477.820256
13	90	1	1.008	26	55.845	-82892.145061
13	91	1	1.008	26	55.845	302711.079081
13	92	1	1.008	26	55.845	-164764.914868
13	93	1	1.008	26	55.845	650438.053017
13	94	1	1.008	26	55.845	385336.213051
13	95	1	1.008	26	55.845	1627253.671474
13	97	1	1.008	26	55.845	37754.075288
13	101	1	1.008	26	55.845	869771.091907
14	14	1	1.008	1	1.008	3455966772.806870
14	15	1	1.008	1	1.008	-1452457393.250534
14	16	1	1.008	1	1.008	2517913712.064251
14	17	1	1.008	1	1.008	-237262317.532670
14	18	1	1.008	1	1.008	611064591.407692
14	19	1	1.008	1	1.008	436866047.307260
14	20	1	1.008	1	1.008	687225615.286559
14	21	1	1.008	1	1.008	829405264.541286
14	22	1	1.008	1	1.008	537125968.653043
14	23	1	1.008	1	1.008	202336314.109183
14	25	1	1.008	1	1.008	160086454.949197
14	30	1	1.008	2	4.003	56134.371746
14	31	1	1.008	2	4.003	96171.964571
14	32	1	1.008	2	4.003	54843.484632
14	33	1	1.008	2	4.003	100379.184164
14	34	1	1.008	2	4.003	77371.005603
14	35	1	1.008	2	4.003	150521.223898
14	36	1	1.008	2	4.003	268950.800080
14	37	1	1.008	2	4.003	1297053.000176
14	38	1	1.008	2	4.003	10917682.691568
14	39	1	1.008	2	4.003	-11976652.050675
14	40	1	1.008	2	4.003	203791927.586620
14	41	1	1.008	2	4.003	29499412.013615
14	42	1	1.008	2	4.003	490524715.211865
14	43	1	1.008	2	4.003	21929372.387319
14	44	1	1.008	2	4.003	124831344.966206
14	46	1	1.008	2	4.003	30223096.328295
14	47	1	1.008	2	4.003	76528508.229771
14	48	1	1.008	2	4.003	240845233.660692
14	49	1	1.008	2	4.003	209506525.153226
14	50	1	1.008	2	4.003	174577310.034699
14	51	1	1.008	2	4.003	288383954.064320
14	57	1	1.008	8	15.999	-83.018260
14	58	1	1.008	8	15.999	-244.978041
14	59	1	1.008	8	15.999	-338.637450
14	60	1	1.008	8	15.999	-167.655388
14	61	1	1.008	8	15.999	-460.832228
14	62	1	1.008	8	15.999	263.504299
14	63	1	1.008	8	15.999	-2656.120323
14	64	1	1.008	8	15.999	7768.003372
14	65	1	1.008	8	15.999	-23321.022936
14	66	1	1.008	8	15.999	533022.734706
14	67	1	1.008	8	15.999	-4886063.406138
14	68	1	1.008	8	15.999	13699087.443290
14	69	1	1.008	8	15.999	145238.224442
14	70	1	1.008	8	15.999	10369938.803047
14	71	1	1.008	8	15.999	10374874.997447
14	72	1	1.008	8	15.999	3268510.065372
14	73	1	1.008	8	15.999	14866910.265689
14	74	1	1.008	8	15.999	1490087.747090
14	75	1	1.008	8	15.999	-2254797.089604
14	76	1	1.008	8	15.999	3223287.248026
14	77	1	1.008	8	15.999	4100296.093525
14	78	1	1.008	8	15.999	7759236.975042
14	79	1	1.008	8	15.999	3671284.087657
14	84	1	1.008	26	55.845	113.614925
14	85	1	1.008	26	55.845	-59.290509
14	86	1	1.008	26	55.845	357.872288
14	87	1	1.008	26	55.845	-29.364490
14	88	1	1.008	26	55.845	3208.217010
14	89	1	1.008	26	55.845	-12066.228558
14	90	1	1.008	26	55.845	147294.820622
14	91	1	1.008	26	55.845	-367402.080853
14	92	1	1.008	26	55.845	467636.926044
14	93	1	1.008	26	55.845	-22487.692278
14	94	1	1.008	26	55.845	1138093.677773
14	95	1	1.008	26	55.845	1844352.808017
14	97	1	1.008	26	55.845	52413.025622
14	101	1	1.008	26	55.845	1152419.083735
15	15	1	1.008	1	1.008	11381531071.967897
15	16	1	1.008	1	1.008	-531907398.203374
15	17	1	1.008	1	1.008	3638672514.214561
15	18	1	1.008	1	1.008	611253956.774997
15	19	1	1.008	1	1.008	1040727873.722036
15	20	1	1.008	1	1.008	2390747685.275471
15	21	1	1.008	1	1.008	1980067042.185666
15	22	1	1.008	1	1.008	1798906696.505158
15	23	1	1.008	1	1.008	552689310.470342
15	25	1	1.008	1	1.008	480888879.434375
15	30	1	1.008	2	4.003	183956.266476
15	31	1	1.008	2	4.003	313478.431577
15	32	1	1.008	2	4.003	187257.546941
15	33	1	1.008	2	4.003	310797.048314
15	34	1	1.008	2	4.003	273611.963621
15	35	1	1.008	2	4.003	413153.610803
15	36	1	1.008	2	4.003	1129179.517249
15	37	1	1.008	2	4.003	2972122.315341
15	38	1	1.008	2	4.003	45146221.144668
15	39	1	1.008	2	4.003	-78030897.292027
15	40	1	1.008	2	4.003	892071431.932194
15	41	1	1.008	2	4.003	88634328.001219
15	42	1	1.008	2	4.003	556352250.336913
15	43	1	1.008	2	4.003	980192965.852645
15	44	1	1.008	2	4.003	-230113175.386203
15	46	1	1.008	2	4.003	-26508882.519819
15	47	1	1.008	2	4.003	393583165.987070
15	48	1	1.008	2	4.003	541743762.950345
15	49	1	1.008	2	4.003	649757731.060512
15	50	1	1.008	2	4.003	423077443.762634
15	51	1	1.008	2	4.003	857535113.849838
15	57	1	1.008	8	15.999	2.902621
15	58	1	1.008	8	15.999	-513.985732
15	59	1	1.008	8	15.999	2691.067038
15	60	1	1.008	8	15.999	1897.144105
15	61	1	1.008	8	15.999	4988.529985
15	62	1	1.008	8	15.999	4078.815082
15	63	1	1.008	8	15.999	17881.303763
15	64	1	1.008	8	15.999	-15109.370641
15	65	1	1.008	8	15.999	290324.822601
15	66	1	1.008	8	15.999	-506552.874138
15	67	1	1.008	8	15.999	6649614.160538
15	68	1	1.008	8	15.999	-38625081.388101
15	69	1	1.008	8	15.999	50952070.130501
15	70	1	1.008	8	15.999	-4087505.124827
15	71	1	1.008	8	15.999	55537462.167849
15	72	1	1.008	8	15.999	23103032.317082
15	73	1	1.008	8	15.999	33107466.794762
15	74	1	1.008	8	15.999	9148312.966727
15	75	1	1.008	8	15.999	-7921441.028335
15	76	1	1.008	8	15.999	14897809.759521
15	77	1	1.008	8	15.999	15285542.806472
15	78	1	1.008	8	15.999	26155508.502900
15	79	1	1.008	8	15.999	10049923.625932
15	84	1	1.008	26	55.845	463.529305
15	85	1	1.008	26	55.845	131.295802
15	86	1	1.008	26	55.845	1776.801432
15	87	1	1.008	26	55.845	2407.557255
15	88	1	1.008	26	55.845	8237.934129
15	89	1	1.008	26	55.845	11737.393723
15	90	1	1.008	26	55.845	214644.665046
15	91	1	1.008	26	55.845	2744864.950472
15	92	1	1.008	26	55.845	-1554505.698967
15	93	1	1.008	26	55.845	3087550.968077
15	94	1	1.008	26	55.845	768022.258225
15	95	1	1.008	26	55.845	6043712.543245
15	97	1	1.008	26	55.845	141006.739640
15	101	1	1.008	26	55.845	3189113.203043
16	16	1	1.008	1	1.008	12615663086.774923
16	17	1	1.008	1	1.008	-5401427129.527785
16	18	1	1.008	1	1.008	5172631189.966371
16	19	1	1.008	1	1.008	461868368.819989
16	20	1	1.008	1	1.008	2671806500.807507
16	21	1	1.008	1	1.008	3376615456.688146
16	22	1	1.008	1	1.008	1969280612.154300
16	23	1	1.008	1	1.008	782169426.702116
16	25	1	1.008	1	1.008	618407988.280490
16	30	1	1.008	2	4.003	230814.637945
16	31	1	1.008	2	4.003	402914.762558
16	32	1	1.008	2	4.003	231401.790739
16	33	1	1.008	2	4.003	407050.844446
16	34	1	1.008	2	4.003	318588.247810
16	35	1	1.008	2	4.003	589300.363557
16	36	1	1.008	2	4.003	1136253.589430
16	37	1	1.008	2	4.003	5027658.425340
16	38	1	1.008	2	4.003	40589546.821512
16	39	1	1.008	2	4.003	-36460052.957307
16	40	1	1.008	2	4.003	855215612.178353
16	41	1	1.008	2	4.003	648901452.961186
16	42	1	1.008	2	4.003	321554821.328377
16	43	1	1.008	2	4.003	698332900.181682
16	44	1	1.008	2	4.003	256343914.449836
16	46	1	1.008	2	4.003	291718380.474030
16	47	1	1.008	2	4.003	146493301.732053
16	48	1	1.008	2	4.003	1015972297.009953
16	49	1	1.008	2	4.003	801533058.821262
16	50	1	1.008	2	4.003	687605444.634049
16	51	1	1.008	2	4.003	1130154385.364390
16	57	1	1.008	8	15.999	-81.025684
16	58	1	1.008	8	15.999	-490.511044
16	59	1	1.008	8	15.999	1553.036420
16	60	1	1.008	8	15.999	1492.818472
16	61	1	1.008	8	15.999	2583.423087
16	62	1	1.008	8	15.999	4486.888501
16	63	1	1.008	8	15.999	5733.928616
16	64	1	1.008	8	15.999	18570.088460
16	65	1	1.008	8	15.999	74281.115024
16	66	1	1.008	8	15.999	1240633.427276
16	67	1	1.008	8	15.999	-12223782.702289
16	68	1	1.008	8	15.999	69082618.580087
16	69	1	1.008	8	15.999	4275085.690481
16	70	1	1.008	8	15.999	42546630.451496
16	71	1	1.008	8	15.999	44644400.318223
16	72	1	1.008	8	15.999	9618359.596022
16	73	1	1.008	8	15.999	62714172.342103
16	74	1	1.008	8	15.999	6607513.591770
16	75	1	1.008	8	15.999	-9153691.528923
16	76	1	1.008	8	15.999	17030700.721487
16	77	1	1.008	8	15.999	21061217.689756
16	78	1	1.008	8	15.999	37084455.140702
16	79	1	1.008	8	15.999	14433464.055804
16	84	1	1.008	26	55.845	503.676300
16	85	1	1.008	26	55.845	38.065675
16	86	1	1.008	26	55.845	1792.957290
16	87	1	1.008	26	55.845	1736.436990
16	88	1	1.008	26	55.845	10700.738268
16	89	1	1.008	26	55.845	-5701.658820
16	90	1	1.008	26	55.845	506283.128152
16	91	1	1.008	26	55.845	-1051769.565999
16	92	1	1.008	26	55.845	-571938.099252
16	93	1	1.008	26	55.845	1245592.404495
16	94	1	1.008	26	55.845	3468879.459365
16	95	1	1.008	26	55.845	7704199.906655
16	97	1	1.008	26	55.845	192314.452642
16	101	1	1.008	26	55.845	4408936.080284
17	17	1	1.008	1	1.008	19534466455.693485
17	18	1	1.008	1	1.008	-9593626599.579636
17	19	1	1.008	1	1.008	4004059606.460011
17	20	1	1.008	1	1.008	167796254.017352
17	21	1	1.008	1	1.008	-1244740220.294981
17	22	1	1.008	1	1.008	314373598.340923
17	23	1	1.008	1	1.008	-88534483.671069
17	25	1	1.008	1	1.008	-51643686.224179
17	30	1	1.008	2	4.003	19112.261222
17	31	1	1.008	2	4.003	24205.876712
17	32	1	1.008	2	4.003	20185.090073
17	33	1	1.008	2	4.003	18574.465245
17	34	1	1.008	2	4.003	40335.167549
17	35	1	1.008	2	4.003	-4999.353400
17	36	1	1.008	2	4.003	274437.845419
17	37	1	1.008	2	4.003	-534638.582719
17	38	1	1.008	2	4.003	14915606.706239
17	39	1	1.008	2	4.003	-54983326.999118
17	40	1	1.008	2	4.003	296485887.801267
17	41	1	1.008	2	4.003	-254271026.383294
17	42	1	1.008	2	4.003	1257745713.689744
17	43	1	1.008	2	4.003	-2053654725.235178
17	44	1	1.008	2	4.003	42210700.560135
17	46	1	1.008	2	4.003	-833022516.306893
17	47	1	1.008	2	4.003	578736839.248662
17	48	1	1.008	2	4.003	-461345492.673146
17	49	1	1.008	2	4.003	-19621535.220656
17	50	1	1.008	2	4.003	-239344727.407256
17	51	1	1.008	2	4.003	-88956927.199382
17	57	1	1.008	8	15.999	-3.560158
17	58	1	1.008	8	15.999	-141.870070
17	59	1	1.008	8	15.999	-240.025148
17	60	1	1.008	8	15.999	-678.995461
17	61	1	1.008	8	15.999	192.621971
17	62	1	1.008	8	15.999	-2497.947747
17	63	1	1.008	8	15.999	4460.115518
17	64	1	1.008	8	15.999	-31253.431950
17	65	1	1.008	8	15.999	133225.832705
17	66	1	1.008	8	15.999	-1116921.254382
17	67	1	1.008	8	15.999	7130283.401624
17	68	1	1.008	8	15.999	-33139468.163889
17	69	1	1.008	8	15.999	29533198.641040
17	70	1	1.008	8	15.999	11913742.760107
17	71	1	1.008	8	15.999	20157535.632079
17	72	1	1.008	8	15.999	59344678.370211
17	73	1	1.008	8	15.999	-19360978.207916
17	74	1	1.008	8	15.999	328913.307169
17	75	1	1.008	8	15.999	941616.344627
17	76	1	1.008	8	15.999	1049350.772704
17	77	1	1.008	8	15.999	-2842218.951802
17	78	1	1.008	8	15.999	-7596926.605978
17	79	1	1.008	8	15.999	-2791050.187256
17	84	1	1.008	26	55.845	-270.631621
17	85	1	1.008	26	55.845	-99.139758
17	86	1	1.008	26	55.845	-982.360882
17	87	1	1.008	26	55.845	-1389.986557
17	88	1	1.008	26	55.845	-5291.278989
17	89	1	1.008	26	55.845	6913.627615
17	90	1	1.008	26	55.845	-353919.540602
17	91	1	1.008	26	55.845	-2163982.019298
17	92	1	1.008	26	55.845	2224057.388728
17	93	1	1.008	26	55.845	-7259744.746612
17	94	1	1.008	26	55.845	-252556.536629
17	95	1	1.008	26	55.845	-5912524.782889
17	97	1	1.008	26	55.845	35316.219959
17	101	1	1.008	26	55.845	-642446.337762
18	18	1	1.008	1	1.008	28674559498.974129
18	19	1	1.008	1	1.008	-12740426968.979366
18	20	1	1.008	1	1.008	4623961852.976567
18	21	1	1.008	1	1.008	3699658193.799524
18	22	1	1.008	1	1.008	1940804041.619901
18	23	1	1.008	1	1.008	585269931.532673
18	25	1	1.008	1	1.008	745459022.662931
18	30	1	1.008	2	4.003	115216.604664
18	31	1	1.008	2	4.003	202997.448250
18	32	1	1.008	2	4.003	114755.689369
18	33	1	1.008	2	4.003	206066.593979
18	34	1	1.008	2	4.003	153374.124618
18	35	1	1.008	2	4.003	307143.268012
18	36	1	1.008	2	4.003	507290.548480
18	37	1	1.008	2	4.003	2773219.675902
18	38	1	1.008	2	4.003	16402427.559441
18	39	1	1.008	2	4.003	1087012.449648
18	40	1	1.008	2	4.003	331898132.477866
18	41	1	1.008	2	4.003	432061423.291625
18	42	1	1.008	2	4.003	-521676129.999878
18	43	1	1.008	2	4.003	2254587414.534890
18	44	1	1.008	2	4.003	-2452851865.636483
18	46	1	1.008	2	4.003	1890757231.226968
18	47	1	1.008	2	4.003	-810227319.718655
18	48	1	1.008	2	4.003	1291640139.707747
18	49	1	1.008	2	4.003	908087873.673113
18	50	1	1.008	2	4.003	813085171.364025
18	51	1	1.008	2	4.003	1108922740.391078
18	57	1	1.008	8	15.999	-29.304873
18	58	1	1.008	8	15.999	-240.983193
18	59	1	1.008	8	15.999	1613.233166
18	60	1	1.008	8	15.999	1670.343140
18	61	1	1.008	8	15.999	2277.778753
18	62	1	1.008	8	15.999	4834.554898
18	63	1	1.008	8	15.999	3761.154085
18	64	1	1.008	8	15.999	27390.106163
18	65	1	1.008	8	15.999	4741.199936
18	66	1	1.008	8	15.999	1190444.334899
18	67	1	1.008	8	15.999	-8224931.553691
18	68	1	1.008	8	15.999	45665261.162598
18	69	1	1.008	8	15.999	-8091667.666709
18	70	1	1.008	8	15.999	17946676.739322
18	71	1	1.008	8	15.999	-2610195.428492
18	72	1	1.008	8	15.999	4834495.756052
18	73	1	1.008	8	15.999	42394517.979261
18	74	1	1.008	8	15.999	26523266.404116
18	75	1	1.008	8	15.999	-20869739.493265
18	76	1	1.008	8	15.999	23584894.943694
18	77	1	1.008	8	15.999	20744535.899199
18	78	1	1.008	8	15.999	47068199.250291
18	79	1	1.008	8	15.999	14473714.084240
18	84	1	1.008	26	55.845	513.345560
18	85	1	1.008	26	55.845	127.115027
18	86	1	1.008	26	55.845	1866.291661
18	87	1	1.008	26	55.845	2347.734944
18	88	1	1.008	26	55.845	9829.413659
18	89	1	1.008	26	55.845	-2439.373006
18	90	1	1.008	26	55.845	541974.267937
18	91	1	1.008	26	55.845	1322115.404411
18	92	1	1.008	26	55.845	-1836057.376293
18	93	1	1.008	26	55.845	6672212.571671
18	94	1	1.008	26	55.845	-8546065.672284
18	95	1	1.008	26	55.845	13866636.340941
18	97	1	1.008	26	55.845	43871.642822
18	101	1	1.008	26	55.845	4621422.274245
19	19	1	1.008	1	1.008	56296438609.004829
19	20	1	1.008	1	1.008	-13112067737.047653
19	21	1	1.008	1	1.008	3283949056.483465
19	22	1	1.008	1	1.008	-1824823711.464490
19	23	1	1.008	1	1.008	1219546789.992973
19	25	1	1.008	1	1.008	-585243334.211299
19	30	1	1.008	2	4.003	51833.752228
19	31	1	1.008	2	4.003	88742.158991
19	32	1	1.008	2	4.003	52428.979251
19	33	1	1.008	2	4.003	88972.699515
19	34	1	1.008	2	4.003	75914.709127
19	35	1	1.008	2	4.003	121877.980449
19	36	1	1.008	2	4.003	301969.443447
19	37	1	1.008	2	4.003	926372.151811
19	38	1	1.008	2	4.003	11952185.999520
19	39	1	1.008	2	4.003	-15198301.279076
19	40	1	1.008	2	4.003	209001701.943978
19	41	1	1.008	2	4.003	196747119.940472
19	42	1	1.008	2	4.003	225822606.797112
19	43	1	1.008	2	4.003	102343454.757445
19	44	1	1.008	2	4.003	628623892.586569
19	46	1	1.008	2	4.003	-3701415687.175078
19	47	1	1.008	2	4.003	2201351007.619598
19	48	1	1.008	2	4.003	489012359.996035
19	49	1	1.008	2	4.003	-804476643.083198
19	50	1	1.008	2	4.003	205995071.313095
19	51	1	1.008	2	4.003	267511612.412614
19	57	1	1.008	8	15.999	12.934134
19	58	1	1.008	8	15.999	-147.841800
19	59	1	1.008	8	15.999	707.334974
19	60	1	1.008	8	15.999	329.529889
19	61	1	1.008	8	15.999	1542.463704
19	62	1	1.008	8	15.999	304.854141
19	63	1	1.008	8	15.999	6878.905200
19	64	1	1.008	8	15.999	-15800.960839
19	65	1	1.008	8	15.999	135795.519767
19	66	1	1.008	8	15.999	-670391.416839
19	67	1	1.008	8	15.999	5296779.215969
19	68	1	1.008	8	15.999	-23132429.096083
19	69	1	1.008	8	15.999	50547952.321301
19	70	1	1.008	8	15.999	-77682231.150518
19	71	1	1.008	8	15.999	179451908.842319
19	72	1	1.008	8	15.999	-442155570.663487
19	73	1	1.008	8	15.999	178019855.206439
19	74	1	1.008	8	15.999	-118536449.415083
19	75	1	1.008	8	15.999	62824725.890443
19	76	1	1.008	8	15.999	-35484213.847262
19	77	1	1.008	8	15.999	15001373.303515
19	78	1	1.008	8	15.999	-16405526.844462
19	79	1	1.008	8	15.999	5506702.560146
19	84	1	1.008	26	55.845	284.664763
19	85	1	1.008	26	55.845	-133.608555
19	86	1	1.008	26	55.845	787.826572
19	87	1	1.008	26	55.845	-481.711349
19	88	1	1.008	26	55.845	9660.972454
19	89	1	1.008	26	55.845	-33946.915838
19	90	1	1.008	26	55.845	406222.987163
19	91	1	1.008	26	55.845	-1170573.597522
19	92	1	1.008	26	55.845	2517412.856803
19	93	1	1.008	26	55.845	-3704395.700999
19	94	1	1.008	26	55.845	11209266.424219
19	95	1	1.008	26	55.845	-7400483.272340
19	97	1	1.008	26	55.845	678645.644270
19	101	1	1.008	26	55.845	522539.655517
20	20	1	1.008	1	1.008	39479454854.952904
20	21	1	1.008	1	1.008	-7072533367.908058
20	22	1	1.008	1	1.008	10659999410.108578
20	23	1	1.008	1	1.008	-762874789.289001
20	25	1	1.008	1	1.008	1902945889.106323
20	30	1	1.008	2	4.003	138708.767953
20	31	1	1.008	2	4.003	236978.536441
20	32	1	1.008	2	4.003	139996.667275
20	33	1	1.008	2	4.003	235963.595442
20	34	1	1.008	2	4.003	200782.725600
20	35	1	1.008	2	4.003	321754.945476
20	36	1	1.008	2	4.003	797566.868308
20	37	1	1.008	2	4.003	2447716.835861
20	38	1	1.008	2	4.003	31534456.641287
20	39	1	1.008	2	4.003	-47059118.534000
20	40	1	1.008	2	4.003	603290144.812887
20	41	1	1.008	2	4.003	66696047.592092
20	42	1	1.008	2	4.003	847716677.586165
20	43	1	1.008	2	4.003	294161119.882654
20	44	1	1.008	2	4.003	120209572.728833
20	46	1	1.008	2	4.003	-4652620609.058438
20	47	1	1.008	2	4.003	516597863.590592
20	48	1	1.008	2	4.003	-1313435373.535630
20	49	1	1.008	2	4.003	2633288237.437665
20	50	1	1.008	2	4.003	403758937.071612
20	51	1	1.008	2	4.003	1495723205.602741
20	57	1	1.008	8	15.999	-30.670409
20	58	1	1.008	8	15.999	-404.563543
20	59	1	1.008	8	15.999	2111.998714
20	60	1	1.008	8	15.999	1844.534993
20	61	1	1.008	8	15.999	3425.488874
20	62	1	1.008	8	15.999	4852.511287
20	63	1	1.008	8	15.999	9185.794110
20	64	1	1.008	8	15.999	13334.985601
20	65	1	1.008	8	15.999	113221.176283
20	66	1	1.008	8	15.999	656856.236075
20	67	1	1.008	8	15.999	-4033102.176767
20	68	1	1.008	8	15.999	29205882.155839
20	69	1	1.008	8	15.999	-97318.868695
20	70	1	1.008	8	15.999	43634012.811931
20	71	1	1.008	8	15.999	-29414176.736076
20	72	1	1.008	8	15.999	229086125.619623
20	73	1	1.008	8	15.999	-106174541.733192
20	74	1	1.008	8	15.999	178542620.504231
20	75	1	1.008	8	15.999	-82259521.953953
20	76	1	1.008	8	15.999	64869021.603183
20	77	1	1.008	8	15.999	13573249.900973
20	78	1	1.008	8	15.999	52843935.548402
20	79	1	1.008	8	15.999	16416576.350880
20	84	1	1.008	26	55.845	614.333335
20	85	1	1.008	26	55.845	106.522169
20	86	1	1.008	26	55.845	2198.290158
20	87	1	1.008	26	55.845	2477.741097
20	88	1	1.008	26	55.845	12445.116211
20	89	1	1.008	26	55.845	-7343.634062
20	90	1	1.008	26	55.845	615614.849603
20	91	1	1.008	26	55.845	1589795.663793
20	92	1	1.008	26	55.845	-647702.850033
20	93	1	1.008	26	55.845	3824543.342341
20	94	1	1.008	26	55.845	-3527910.851319
20	95	1	1.008	26	55.845	17994258.976445
20	97	1	1.008	26	55.845	-908077.341660
20	101	1	1.008	26	55.845	5832479.947984
21	21	1	1.008	1	1.008	26690608530.514748
21	22	1	1.008	1	1.008	-11291448259.274464
21	23	1	1.008	1	1.008	1323099638.695214
21	25	1	1.008	1	1.008	556223494.700264
21	30	1	1.008	2	4.003	138945.157887
21	31	1	1.008	2	4.003	239764.696879
21	32	1	1.008	2	4.003	140271.140132
21	33	1	1.008	2	4.003	240564.579015
21	34	1	1.008	2	4.003	199196.578486
21	35	1	1.008	2	4.003	335527.543945
21	36	1	1.008	2	4.003	765251.517205
21	37	1	1.008	2	4.003	2666812.324612
21	38	1	1.008	2	4.003	29295262.607907
21	39	1	1.008	2	4.003	-34460092.229136
21	40	1	1.008	2	4.003	546436126.058058
21	41	1	1.008	2	4.003	262026236.347956
21	42	1	1.008	2	4.003	485119727.523484
21	43	1	1.008	2	4.003	780833255.311741
21	44	1	1.008	2	4.003	-80177831.773656
21	46	1	1.008	2	4.003	2247972409.485541
21	47	1	1.008	2	4.003	-7517797019.782473
21	48	1	1.008	2	4.003	4685640403.265890
21	49	1	1.008	2	4.003	1620934253.427349
21	50	1	1.008	2	4.003	-303718447.817694
21	51	1	1.008	2	4.003	1074695128.208467
21	57	1	1.008	8	15.999	-9.637313
21	58	1	1.008	8	15.999	-379.314123
21	59	1	1.008	8	15.999	2277.321328
21	60	1	1.008	8	15.999	1898.763900
21	61	1	1.008	8	15.999	3834.472039
21	62	1	1.008	8	15.999	4751.309995
21	63	1	1.008	8	15.999	11297.576468
21	64	1	1.008	8	15.999	7021.507829
21	65	1	1.008	8	15.999	156141.483534
21	66	1	1.008	8	15.999	295880.430433
21	67	1	1.008	8	15.999	-793345.163948
21	68	1	1.008	8	15.999	15934418.672880
21	69	1	1.008	8	15.999	26010021.439768
21	70	1	1.008	8	15.999	-4032958.977667
21	71	1	1.008	8	15.999	80181696.898184
21	72	1	1.008	8	15.999	-40574764.444826
21	73	1	1.008	8	15.999	159479963.402898
21	74	1	1.008	8	15.999	87317200.335112
21	75	1	1.008	8	15.999	-95933070.164672
21	76	1	1.008	8	15.999	98442961.423764
21	77	1	1.008	8	15.999	7305131.931559
21	78	1	1.008	8	15.999	63907434.584926
21	79	1	1.008	8	15.999	20393188.297575
21	84	1	1.008	26	55.845	704.491600
21	85	1	1.008	26	55.845	4.662504
21	86	1	1.008	26	55.845	2366.078268
21	87	1	1.008	26	55.845	1769.484218
21	88	1	1.008	26	55.845	16944.924050
21	89	1	1.008	26	55.845	-30100.045122
21	90	1	1.008	26	55.845	813046.860852
21	91	1	1.008	26	55.845	573291.021340
21	92	1	1.008	26	55.845	1087306.935951
21	93	1	1.008	26	55.845	651371.990292
21	94	1	1.008	26	55.845	4617709.211958
21	95	1	1.008	26	55.845	7395407.548467
21	97	1	1.008	26	55.845	-785433.264681
21	101	1	1.008	26	55.845	3611212.612503
22	22	1	1.008	1	1.008	40629575038.131149
22	23	1	1.008	1	1.008	-2548072370.796676
22	25	1	1.008	1	1.008	1878913083.342683
22	30	1	1.008	2	4.003	104732.755505
22	31	1	1.008	2	4.003	178789.471284
22	32	1	1.008	2	4.003	105530.261138
22	33	1	1.008	2	4.003	177984.627057
22	34	1	1.008	2	4.003	150990.071101
22	35	1	1.008	2	4.003	243125.892616
22	36	1	1.008	2	4.003	597627.489086
22	37	1	1.008	2	4.003	1858066.257310
22	38	1	1.008	2	4.003	23575309.512062
22	39	1	1.008	2	4.003	-34095108.639008
22	40	1	1.008	2	4.003	446400355.824499
22	41	1	1.008	2	4.003	86605047.925640
22	42	1	1.008	2	4.003	585517862.848126
22	43	1	1.008	2	4.003	322721274.487754
22	44	1	1.008	2	4.003	86675183.544633
22	46	1	1.008	2	4.003	-79607236.596547
22	47	1	1.008	2	4.003	3886448885.133770
22	48	1	1.008	2	4.003	-11373167924.228271
22	49	1	1.008	2	4.003	1062932895.963511
22	50	1	1.008	2	4.003	3418670295.787753
22	51	1	1.008	2	4.003	1690404536.945350
22	57	1	1.008	8	15.999	-21.262498
22	58	1	1.008	8	15.999	-304.206791
22	59	1	1.008	8	15.999	1535.745249
22	60	1	1.008	8	15.999	1298.841981
22	61	1	1.008	8	15.999	2536.283504
22	62	1	1.008	8	15.999	3338.733548
22	63	1	1.008	8	15.999	7161.945247
22	64	1	1.008	8	15.999	6944.830411
22	65	1	1.008	8	15.999	95381.897976
22	66	1	1.008	8	15.999	370639.303410
22	67	1	1.008	8	15.999	-2272431.970874
22	68	1	1.008	8	15.999	16477573.612719
22	69	1	1.008	8	15.999	7842659.538012
22	70	1	1.008	8	15.999	15860633.657532
22	71	1	1.008	8	15.999	6188086.493100
22	72	1	1.008	8	15.999	100311419.975234
22	73	1	1.008	8	15.999	-88354377.080498
22	74	1	1.008	8	15.999	137059091.749915
22	75	1	1.008	8	15.999	131855764.765048
22	76	1	1.008	8	15.999	-152569782.620095
22	77	1	1.008	8	15.999	69623484.023455
22	78	1	1.008	8	15.999	-4076089.562485
22	79	1	1.008	8	15.999	5439755.716647
22	84	1	1.008	26	55.845	493.472291
22	85	1	1.008	26	55.845	57.128838
22	86	1	1.008	26	55.845	1724.299030
22	87	1	1.008	26	55.845	1722.985356
22	88	1	1.008	26	55.845	10618.514730
22	89	1	1.008	26	55.845	-11033.334657
22	90	1	1.008	26	55.845	517799.337513
22	91	1	1.008	26	55.845	990420.155792
22	92	1	1.008	26	55.845	775.081944
22	93	1	1.008	26	55.845	2120854.894840
22	94	1	1.008	26	55.845	-134888.271399
22	95	1	1.008	26	55.845	10656166.485488
22	97	1	1.008	26	55.845	-384907.524916
22	101	1	1.008	26	55.845	7717624.607753
23	23	1	1.008	1	1.008	8753916994.230297
23	25	1	1.008	1	1.008	-2687897991.184330
23	30	1	1.008	2	4.003	35622.402990
23	31	1	1.008	2	4.003	61587.863566
23	32	1	1.008	2	4.003	36108.711592
23	33	1	1.008	2	4.003	61827.287713
23	34	1	1.008	2	4.003	51587.483538
23	35	1	1.008	2	4.003	85868.186409
23	36	1	1.008	2	4.003	200047.372849
23	37	1	1.008	2	4.003	675477.562252
23	38	1	1.008	2	4.003	7703654.751605
23	39	1	1.008	2	4.003	-9566484.987697
23	40	1	1.008	2	4.003	144312033.359030
23	41	1	1.008	2	4.003	53265301.190188
23	42	1	1.008	2	4.003	155862473.334774
23	43	1	1.008	2	4.003	160040082.421815
23	44	1	1.008	2	4.003	17689279.460390
23	46	1	1.008	2	4.003	-249940822.348793
23	47	1	1.008	2	4.003	1319005503.524851
23	48	1	1.008	2	4.003	1069916593.144926
23	49	1	1.008	2	4.003	-3579073074.395663
23	50	1	1.008	2	4.003	-5271822509.693701
23	51	1	1.008	2	4.003	1489208740.988865
23	57	1	1.008	8	15.999	-0.670453
23	58	1	1.008	8	15.999	-103.808294
23	59	1	1.008	8	15.999	691.435784
23	60	1	1.008	8	15.999	583.240729
23	61	1	1.008	8	15.999	1149.309479
23	62	1	1.008	8	15.999	1461.815214
23	63	1	1.008	8	15.999	3329.036923
23	64	1	1.008	8	15.999	2575.956796
23	65	1	1.008	8	15.999	44157.510170
23	66	1	1.008	8	15.999	83058.195025
23	67	1	1.008	8	15.999	47747.872340
23	68	1	1.008	8	15.999	4844416.164694
23	69	1	1.008	8	15.999	5665012.238175
23	70	1	1.008	8	15.999	913873.093614
23	71	1	1.008	8	15.999	15955334.809608
23	72	1	1.008	8	15.999	-1759551.125633
23	73	1	1.008	8	15.999	37988615.922764
23	74	1	1.008	8	15.999	-76282573.503714
23	75	1	1.008	8	15.999	28145100.057710
23	76	1	1.008	8	15.999	242581248.988491
23	77	1	1.008	8	15.999	-37942056.478956
23	78	1	1.008	8	15.999	39228469.447500
23	79	1	1.008	8	15.999	9458091.555945
23	84	1	1.008	26	55.845	170.266493
23	85	1	1.008	26	55.845	7.291359
23	86	1	1.008	26	55.845	582.356789
23	87	1	1.008	26	55.845	490.448149
23	88	1	1.008	26	55.845	3943.095908
23	89	1	1.008	26	55.845	-5954.634241
23	90	1	1.008	26	55.845	191122.077106
23	91	1	1.008	26	55.845	183238.689477
23	92	1	1.008	26	55.845	189528.602328
23	93	1	1.008	26	55.845	355922.026325
23	94	1	1.008	26	55.845	736835.347158
23	95	1	1.008	26	55.845	2616379.287262
23	97	1	1.008	26	55.845	1326978.230036
23	101	1	1.008	26	55.845	-1016528.772568
25	25	1	1.008	1	1.008	56051837459.099022
25	30	1	1.008	2	4.003	28478.421133
25	31	1	1.008	2	4.003	49545.715425
25	32	1	1.008	2	4.003	29163.027419
25	33	1	1.008	2	4.003	50011.701341
25	34	1	1.008	2	4.003	42388.506933
25	35	1	1.008	2	4.003	69095.375168
25	36	1	1.008	2	4.003	167365.342110
25	37	1	1.008	2	4.003	532395.878516
25	38	1	1.008	2	4.003	6560072.516973
25	39	1	1.008	2	4.003	-9136991.233755
25	40	1	1.008	2	4.003	124104898.181566
25	41	1	1.008	2	4.003	33566584.600473
25	42	1	1.008	2	4.003	146559850.381014
25	43	1	1.008	2	4.003	115905155.712288
25	44	1	1.008	2	4.003	3397204.860528
25	46	1	1.008	2	4.003	334866827.278197
25	47	1	1.008	2	4.003	-592120108.043512
25	48	1	1.008	2	4.003	566711239.228348
25	49	1	1.008	2	4.003	2502628631.249142
25	50	1	1.008	2	4.003	-5041750093.994892
25	51	1	1.008	2	4.003	-6047529129.043880
25	57	1	1.008	8	15.999	-5.845951
25	58	1	1.008	8	15.999	-75.084902
25	59	1	1.008	8	15.999	359.068161
25	60	1	1.008	8	15.999	313.469468
25	61	1	1.008	8	15.999	639.786188
25	62	1	1.008	8	15.999	841.727216
25	63	1	1.008	8	15.999	1863.953465
25	64	1	1.008	8	15.999	1593.806392
25	65	1	1.008	8	15.999	25879.118161
25	66	1	1.008	8	15.999	101428.699018
25	67	1	1.008	8	15.999	-743247.876018
25	68	1	1.008	8	15.999	4871319.207453
25	69	1	1.008	8	15.999	2265973.943147
25	70	1	1.008	8	15.999	4449522.928270
25	71	1	1.008	8	15.999	3112365.929982
25	72	1	1.008	8	15.999	27272209.003882
25	73	1	1.008	8	15.999	-19661841.769669
25	74	1	1.008	8	15.999	58158027.376163
25	75	1	1.008	8	15.999	-106316310.405747
25	76	1	1.008	8	15.999	240675471.936608
25	77	1	1.008	8	15.999	5704894.293837
25	78	1	1.008	8	15.999	-223777224.997289
25	79	1	1.008	8	15.999	-175527519.075988
25	84	1	1.008	26	55.845	139.152399
25	85	1	1.008	26	55.845	-6.146747
25	86	1	1.008	26	55.845	465.386518
25	87	1	1.008	26	55.845	297.874915
25	88	1	1.008	26	55.845	3577.654745
25	89	1	1.008	26	55.845	-7683.843728
25	90	1	1.008	26	55.845	162201.261866
25	91	1	1.008	26	55.845	188961.215664
25	92	1	1.008	26	55.845	127933.540547
25	93	1	1.008	26	55.845	347505.824129
25	94	1	1.008	26	55.845	435381.466338
25	95	1	1.008	26	55.845	2133933.366679
25	97	1	1.008	26	55.845	245051.793307
25	101	1	1.008	26	55.845	16323609.299672
30	30	2	4.003	2	4.003	40023.003917
30	31	2	4.003	2	4.003	20431.168608
30	32	2	4.003	2	4.003	18247.498596
30	33	2	4.003	2	4.003	10115.383267
30	34	2	4.003	2	4.003	6795.419494
30	35	2	4.003	2	4.003	4080.708106
30	36	2	4.003	2	4.003	10320.459177
30	37	2	4.003	2	4.003	21327.431763
30	38	2	4.003	2	4.003	13490.898218
30	39	2	4.003	2	4.003	93705.208474
30	40	2	4.003	2	4.003	3596.683695
30	41	2	4.003	2	4.003	44632.705959
30	42	2	4.003	2	4.003	35529.056915
30	43	2	4.003	2	4.003	46681.026021
30	44	2	4.003	2	4.003	222.993257
30	46	2	4.003	2	4.003	4570.158595
30	47	2	4.003	2	4.003	17780.801670
30	48	2	4.003	2	4.003	39422.247098
30	49	2	4.003	2	4.003	39477.185500
30	50	2	4.003	2	4.003	29491.840965
30	51	2	4.003	2	4.003	52871.356731
30	57	2	4.003	8	15.999	122.771938
30	58	2	4.003	8	15.999	417.925414
30	59	2	4.003	8	15.999	521.755634
30	60	2	4.003	8	15.999	374.343962
30	61	2	4.003	8	15.999	250.942959
30	62	2	4.003	8	15.999	111.702853
30	63	2	4.003	8	15.999	32.078585
30	64	2	4.003	8	15.999	-12.185977
30	65	2	4.003	8	15.999	-2.966690
30	66	2	4.003	8	15.999	-233.353642
30	67	2	4.003	8	15.999	-58.504940
30	68	2	4.003	8	15.999	1308.914719
30	69	2	4.003	8	15.999	1321.660565
30	70	2	4.003	8	15.999	804.870374
30	71	2	4.003	8	15.999	2614.626854
30	72	2	4.003	8	15.999	883.659612
30	73	2	4.003	8	15.999	2427.418920
30	74	2	4.003	8	15.999	466.982090
30	75	2	4.003	8	15.999	-461.283480
30	76	2	4.003	8	15.999	827.370829
30	77	2	4.003	8	15.999	999.689644
30	78	2	4.003	8	15.999	1695.381302
30	79	2	4.003	8	15.999	601.967220
30	84	2	4.003	26	55.845	42.553892
30	85	2	4.003	26	55.845	25.395186
30	86	2	4.003	26	55.845	18.001480
30	87	2	4.003	26	55.845	-1.755556
30	88	2	4.003	26	55.845	17.646988
30	89	2	4.003	26	55.845	-40.770184
30	90	2	4.003	26	55.845	139.202372
30	91	2	4.003	26	55.845	7.412684
30	92	2	4.003	26	55.845	73.646204
30	93	2	4.003	26	55.845	137.202198
30	94	2	4.003	26	55.845	187.446003
30	95	2	4.003	26	55.845	421.299575
30	97	2	4.003	26	55.845	9.149260
30	101	2	4.003	26	55.845	224.659717
31	31	2	4.003	2	4.003	33101.585827
31	32	2	4.003	2	4.003	12429.050636
31	33	2	4.003	2	4.003	15620.893940
31	34	2	4.003	2	4.003	6334.451868
31	35	2	4.003	2	4.003	10005.283786
31	36	2	4.003	2	4.003	13818.421965
31	37	2	4.003	2	4.003	47127.495284
31	38	2	4.003	2	4.003	11786.049951
31	39	2	4.003	2	4.003	185992.992383
31	40	2	4.003	2	4.003	-11052.976872
31	41	2	4.003	2	4.003	91303.920153
31	42	2	4.003	2	4.003	53304.048487
31	43	2	4.003	2	4.003	84070.808163
31	44	2	4.003	2	4.003	-1525.785016
31	46	2	4.003	2	4.003	8513.982872
31	47	2	4.003	2	4.003	29892.386841
31	48	2	4.003	2	4.003	68432.596535
31	49	2	4.003	2	4.003	67858.587720
31	50	2	4.003	2	4.003	49240.183461
31	51	2	4.003	2	4.003	92363.252406
31	57	2	4.003	8	15.999	113.945257
31	58	2	4.003	8	15.999	387.512063
31	59	2	4.003	8	15.999	486.678267
31	60	2	4.003	8	15.999	348.870859
31	61	2	4.003	8	15.999	234.748419
31	62	2	4.003	8	15.999	105.367742
31	63	2	4.003	8	15.999	32.647356
31	64	2	4.003	8	15.999	-6.220658
31	65	2	4.003	8	15.999	33.040342
31	66	2	4.003	8	15.999	-341.437128
31	67	2	4.003	8	15.999	405.555274
31	68	2	4.003	8	15.999	1212.013544
31	69	2	4.003	8	15.999	2980.513712
31	70	2	4.003	8	15.999	1242.591875
31	71	2	4.003	8	15.999	5050.489436
31	72	2	4.003	8	15.999	1573.062580
31	73	2	4.003	8	15.999	4346.334006
31	74	2	4.003	8	15.999	833.125061
31	75	2	4.003	8	15.999	-796.194612
31	76	2	4.003	8	15.999	1709.568976
31	77	2	4.003	8	15.999	1977.241016
31	78	2	4.003	8	15.999	3222.747766
31	79	2	4.003	8	15.999	1079.977718
31	84	2	4.003	26	55.845	39.689689
31	85	2	4.003	26	55.845	23.657720
31	86	2	4.003	26	55.845	17.053605
31	87	2	4.003	26	55.845	-1.320023
31	88	2	4.003	26	55.845	18.659008
31	89	2	4.003	26	55.845	-40.007045
31	90	2	4.003	26	55.845	171.059111
31	91	2	4.003	26	55.845	120.791631
31	92	2	4.003	26	55.845	50.581959
31	93	2	4.003	26	55.845	252.673003
31	94	2	4.003	26	55.845	255.341856
31	95	2	4.003	26	55.845	701.326682
31	97	2	4.003	26	55.845	15.543509
31	101	2	4.003	26	55.845	363.854778
32	32	2	4.003	2	4.003	14370.865913
32	33	2	4.003	2	4.003	5094.627127
32	34	2	4.003	2	4.003	6283.213720
32	35	2	4.003	2	4.003	2739.585311
32	36	2	4.003	2	4.003	12307.424241
32	37	2	4.003	2	4.003	20004.783258
32	38	2	4.003	2	4.003	16784.933605
32	39	2	4.003	2	4.003	89859.160147
32	40	2	4.003	2	4.003	8209.545137
32	41	2	4.003	2	4.003	42356.563653
32	42	2	4.003	2	4.003	37637.947338
32	43	2	4.003	2	4.003	46207.408886
32	44	2	4.003	2	4.003	664.106727
32	46	2	4.003	2	4.003	4700.606909
32	47	2	4.003	2	4.003	17856.946064
32	48	2	4.003	2	4.003	39973.084820
32	49	2	4.003	2	4.003	39938.975531
32	50	2	4.003	2	4.003	29053.225202
32	51	2	4.003	2	4.003	54121.518538
32	57	2	4.003	8	15.999	70.468219
32	58	2	4.003	8	15.999	239.698863
32	59	2	4.003	8	15.999	300.690749
32	60	2	4.003	8	15.999	215.577241
32	61	2	4.003	8	15.999	144.894816
32	62	2	4.003	8	15.999	64.919460
32	63	2	4.003	8	15.999	19.532484
32	64	2	4.003	8	15.999	-3.986950
32	65	2	4.003	8	15.999	10.131518
32	66	2	4.003	8	15.999	-160.894686
32	67	2	4.003	8	15.999	68.631751
32	68	2	4.003	8	15.999	1209.427427
32	69	2	4.003	8	15.999	1458.575001
32	70	2	4.003	8	15.999	875.241947
32	71	2	4.003	8	15.999	2794.739075
32	72	2	4.003	8	15.999	959.123727
32	73	2	4.003	8	15.999	2516.533184
32	74	2	4.003	8	15.999	487.849899
32	75	2	4.003	8	15.999	-469.700814
32	76	2	4.003	8	15.999	964.504665
32	77	2	4.003	8	15.999	1115.979958
32	78	2	4.003	8	15.999	1840.657962
32	79	2	4.003	8	15.999	631.357298
32	84	2	4.003	26	55.845	24.521369
32	85	2	4.003	26	55.845	14.623269
32	86	2	4.003	26	55.845	10.494402
32	87	2	4.003	26	55.845	-0.850272
32	88	2	4.003	26	55.845	11.146241
32	89	2	4.003	26	55.845	-24.576825
32	90	2	4.003	26	55.845	104.872495
32	91	2	4.003	26	55.845	39.739315
32	92	2	4.003	26	55.845	47.651520
32	93	2	4.003	26	55.845	137.184986
32	94	2	4.003	26	55.845	160.890646
32	95	2	4.003	26	55.845	409.369271
32	97	2	4.003	26	55.845	9.152152
32	101	2	4.003	26	55.845	215.310683
33	33	2	4.003	2	4.003	13966.754018
33	34	2	4.003	2	4.003	1862.126643
33	35	2	4.003	2	4.003	12566.538989
33	36	2	4.003	2	4.003	9189.772350
33	37	2	4.003	2	4.003	54275.776041
33	38	2	4.003	2	4.003	834.453703
33	39	2	4.003	2	4.003	200211.727015
33	40	2	4.003	2	4.003	-23540.796575
33	41	2	4.003	2	4.003	101283.773075
33	42	2	4.003	2	4.003	48078.912999
33	43	2	4.003	2	4.003	86605.750562
33	44	2	4.003	2	4.003	-2780.414962
33	46	2	4.003	2	4.003	8963.054317
33	47	2	4.003	2	4.003	29425.656243
33	48	2	4.003	2	4.003	68901.656326
33	49	2	4.003	2	4.003	67830.806678
33	50	2	4.003	2	4.003	48349.595057
33	51	2	4.003	2	4.003	93300.031832
33	57	2	4.003	8	15.999	43.191427
33	58	2	4.003	8	15.999	146.801215
33	59	2	4.003	8	15.999	185.298495
33	60	2	4.003	8	15.999	133.105907
33	61	2	4.003	8	15.999	90.528161
33	62	2	4.003	8	15.999	42.424308
33	63	2	4.003	8	15.999	16.586467
33	64	2	4.003	8	15.999	6.513850
33	65	2	4.003	8	15.999	59.963246
33	66	2	4.003	8	15.999	-290.358109
33	67	2	4.003	8	15.999	771.716866
33	68	2	4.003	8	15.999	458.961460
33	69	2	4.003	8	15.999	3467.447526
33	70	2	4.003	8	15.999	1120.058170
33	71	2	4.003	8	15.999	5411.101444
33	72	2	4.003	8	15.999	1589.072365
33	73	2	4.003	8	15.999	4455.473978
33	74	2	4.003	8	15.999	849.046208
33	75	2	4.003	8	15.999	-797.539277
33	76	2	4.003	8	15.999	1883.618890
33	77	2	4.003	8	15.999	2128.937529
33	78	2	4.003	8	15.999	3405.614148
33	79	2	4.003	8	15.999	1112.093827
33	84	2	4.003	26	55.845	15.153556
33	85	2	4.003	26	55.845	8.988723
33	86	2	4.003	26	55.845	6.920494
33	87	2	4.003	26	55.845	-0.022506
33	88	2	4.003	26	55.845	10.536001
33	89	2	4.003	26	55.845	-17.384440
33	90	2	4.003	26	55.845	123.464683
33	91	2	4.003	26	55.845	195.543088
33	92	2	4.003	26	55.845	-2.282310
33	93	2	4.003	26	55.845	263.339689
33	94	2	4.003	26	55.845	207.915011
33	95	2	4.003	26	55.845	684.344197
33	97	2	4.003	26	55.845	15.403109
33	101	2	4.003	26	55.845	348.343906
34	34	2	4.003	2	4.003	9843.247789
34	35	2	4.003	2	4.003	-2077.874298
34	36	2	4.003	2	4.003	24958.650213
34	37	2	4.003	2	4.003	13472.302370
34	38	2	4.003	2	4.003	41847.364976
34	39	2	4.003	2	4.003	85643.718385
34	40	2	4.003	2	4.003	42434.812887
34	41	2	4.003	2	4.003	37527.362736
34	42	2	4.003	2	4.003	66978.753601
34	43	2	4.003	2	4.003	59083.319947
34	44	2	4.003	2	4.003	4268.114504
34	46	2	4.003	2	4.003	6341.592400
34	47	2	4.003	2	4.003	25787.358673
34	48	2	4.003	2	4.003	56902.077790
34	49	2	4.003	2	4.003	57165.900218
34	50	2	4.003	2	4.003	40598.938303
34	51	2	4.003	2	4.003	78029.151951
34	57	2	4.003	8	15.999	17.207498
34	58	2	4.003	8	15.999	58.503821
34	59	2	4.003	8	15.999	73.938916
34	60	2	4.003	8	15.999	53.315073
34	61	2	4.003	8	15.999	36.464995
34	62	2	4.003	8	15.999	18.034493
34	63	2	4.003	8	15.999	7.393339
34	64	2	4.003	8	15.999	9.670768
34	65	2	4.003	8	15.999	20.627216
34	66	2	4.003	8	15.999	-34.786587
34	67	2	4.003	8	15.999	41.271320
34	68	2	4.003	8	15.999	2321.322797
34	69	2	4.003	8	15.999	1796.280356
34	70	2	4.003	8	15.999	1559.162848
34	71	2	4.003	8	15.999	3924.912645
34	72	2	4.003	8	15.999	1509.034179
34	73	2	4.003	8	15.999	3621.432489
34	74	2	4.003	8	15.999	713.560625
34	75	2	4.003	8	15.999	-678.251959
34	76	2	4.003	8	15.999	1490.080112
34	77	2	4.003	8	15.999	1657.898198
34	78	2	4.003	8	15.999	2711.818637
34	79	2	4.003	8	15.999	933.752848
34	84	2	4.003	26	55.845	6.068843
34	85	2	4.003	26	55.845	3.591859
34	86	2	4.003	26	55.845	2.939027
34	87	2	4.003	26	55.845	0.247992
34	88	2	4.003	26	55.845	5.492138
34	89	2	4.003	26	55.845	-8.483916
34	90	2	4.003	26	55.845	99.311054
34	91	2	4.003	26	55.845	57.055830
34	92	2	4.003	26	55.845	54.383154
34	93	2	4.003	26	55.845	174.064925
34	94	2	4.003	26	55.845	200.841487
34	95	2	4.003	26	55.845	552.850402
34	97	2	4.003	26	55.845	12.936265
34	101	2	4.003	26	55.845	291.130831
35	35	2	4.003	2	4.003	28444.019112
35	36	2	4.003	2	4.003	-10344.798323
35	37	2	4.003	2	4.003	113790.628062
35	38	2	4.003	2	4.003	-51678.317843
35	39	2	4.003	2	4.003	373786.570072
35	40	2	4.003	2	4.003	-108202.428360
35	41	2	4.003	2	4.003	197937.001351
35	42	2	4.003	2	4.003	34139.569907
35	43	2	4.003	2	4.003	135803.126233
35	44	2	4.003	2	4.003	-11779.918798
35	46	2	4.003	2	4.003	14022.689571
35	47	2	4.003	2	4.003	39010.289693
35	48	2	4.003	2	4.003	96503.932680
35	49	2	4.003	2	4.003	93324.109501
35	50	2	4.003	2	4.003	65771.585268
35	51	2	4.003	2	4.003	129994.006473
35	57	2	4.003	8	15.999	4.521391
35	58	2	4.003	8	15.999	15.172233
35	59	2	4.003	8	15.999	21.166325
35	60	2	4.003	8	15.999	15.863194
35	61	2	4.003	8	15.999	13.186432
35	62	2	4.003	8	15.999	10.170102
35	63	2	4.003	8	15.999	12.606337
35	64	2	4.003	8	15.999	18.188923
35	65	2	4.003	8	15.999	140.047992
35	66	2	4.003	8	15.999	-560.846996
35	67	2	4.003	8	15.999	2062.540705
35	68	2	4.003	8	15.999	-2112.887370
35	69	2	4.003	8	15.999	6416.234894
35	70	2	4.003	8	15.999	792.362686
35	71	2	4.003	8	15.999	8462.964896
35	72	2	4.003	8	15.999	2031.306094
35	73	2	4.003	8	15.999	6380.827088
35	74	2	4.003	8	15.999	1186.377997
35	75	2	4.003	8	15.999	-1092.817817
35	76	2	4.003	8	15.999	2870.566634
35	77	2	4.003	8	15.999	3223.473585
35	78	2	4.003	8	15.999	5034.944261
35	79	2	4.003	8	15.999	1568.295636
35	84	2	4.003	26	55.845	1.830016
35	85	2	4.003	26	55.845	0.968091
35	86	2	4.003	26	55.845	1.785753
35	87	2	4.003	26	55.845	1.010398
35	88	2	4.003	26	55.845	9.458484
35	89	2	4.003	26	55.845	-6.495185
35	90	2	4.003	26	55.845	124.569389
35	91	2	4.003	26	55.845	456.254783
35	92	2	4.003	26	55.845	-115.383165
35	93	2	4.003	26	55.845	421.998451
35	94	2	4.003	26	55.845	210.962708
35	95	2	4.003	26	55.845	948.965983
35	97	2	4.003	26	55.845	21.108730
35	101	2	4.003	26	55.845	465.786758
36	36	2	4.003	2	4.003	151436.771259
36	37	2	4.003	2	4.003	-93465.915866
36	38	2	4.003	2	4.003	356223.640124
36	39	2	4.003	2	4.003	-53404.820060
36	40	2	4.003	2	4.003	459234.589689
36	41	2	4.003	2	4.003	-77617.287676
36	42	2	4.003	2	4.003	387296.706608
36	43	2	4.003	2	4.003	166682.338646
36	44	2	4.003	2	4.003	47787.230984
36	46	2	4.003	2	4.003	19126.524031
36	47	2	4.003	2	4.003	105989.885880
36	48	2	4.003	2	4.003	217814.247462
36	49	2	4.003	2	4.003	224446.136448
36	50	2	4.003	2	4.003	158929.387833
36	51	2	4.003	2	4.003	303281.660236
36	57	2	4.003	8	15.999	-1.716938
36	58	2	4.003	8	15.999	-5.710938
36	59	2	4.003	8	15.999	-6.504554
36	60	2	4.003	8	15.999	-3.408029
36	61	2	4.003	8	15.999	-1.420898
36	62	2	4.003	8	15.999	5.481432
36	63	2	4.003	8	15.999	1.911657
36	64	2	4.003	8	15.999	50.750917
36	65	2	4.003	8	15.999	-71.575436
36	66	2	4.003	8	15.999	849.962810
36	67	2	4.003	8	15.999	-2783.550705
36	68	2	4.003	8	15.999	18328.995611
36	69	2	4.003	8	15.999	1680.267427
36	70	2	4.003	8	15.999	9018.796524
36	71	2	4.003	8	15.999	12357.362695
36	72	2	4.003	8	15.999	6714.566248
36	73	2	4.003	8	15.999	13564.130045
36	74	2	4.003	8	15.999	2789.650683
36	75	2	4.003	8	15.999	-2691.180292
36	76	2	4.003	8	15.999	5351.489443
36	77	2	4.003	8	15.999	5836.063346
36	78	2	4.003	8	15.999	9864.410048
36	79	2	4.003	8	15.999	3639.290341
36	84	2	4.003	26	55.845	-0.371103
36	85	2	4.003	26	55.845	-0.233586
36	86	2	4.003	26	55.845	0.950840
36	87	2	4.003	26	55.845	2.021813
36	88	2	4.003	26	55.845	7.336547
36	89	2	4.003	26	55.845	-11.023558
36	90	2	4.003	26	55.845	379.192797
36	91	2	4.003	26	55.845	-298.291017
36	92	2	4.003	26	55.845	488.949766
36	93	2	4.003	26	55.845	456.482043
36	94	2	4.003	26	55.845	918.565769
36	95	2	4.003	26	55.845	2059.905698
36	97	2	4.003	26	55.845	50.573312
36	101	2	4.003	26	55.845	1135.153365
37	37	2	4.003	2	4.003	1434522.411059
37	38	2	4.003	2	4.003	-1179942.249266
37	39	2	4.003	2	4.003	4529077.578613
37	40	2	4.003	2	4.003	-2076202.227367
37	41	2	4.003	2	4.003	2484883.706166
37	42	2	4.003	2	4.003	-263014.081550
37	43	2	4.003	2	4.003	1326822.259858
37	44	2	4.003	2	4.003	-222306.737595
37	46	2	4.003	2	4.003	133874.256624
37	47	2	4.003	2	4.003	280759.933092
37	48	2	4.003	2	4.003	770982.731488
37	49	2	4.003	2	4.003	721930.306282
37	50	2	4.003	2	4.003	506238.849581
37	51	2	4.003	2	4.003	1022481.066627
37	57	2	4.003	8	15.999	1.084383
37	58	2	4.003	8	15.999	0.861767
37	59	2	4.003	8	15.999	27.165044
37	60	2	4.003	8	15.999	26.244074
37	61	2	4.003	8	15.999	48.145503
37	62	2	4.003	8	15.999	66.092777
37	63	2	4.003	8	15.999	139.696759
37	64	2	4.003	8	15.999	157.422821
37	65	2	4.003	8	15.999	1863.967816
37	66	2	4.003	8	15.999	-8295.368563
37	67	2	4.003	8	15.999	29818.896533
37	68	2	4.003	8	15.999	-56971.436891
37	69	2	4.003	8	15.999	73641.587703
37	70	2	4.003	8	15.999	-6131.303011
37	71	2	4.003	8	15.999	79546.865213
37	72	2	4.003	8	15.999	12626.743561
37	73	2	4.003	8	15.999	52515.301993
37	74	2	4.003	8	15.999	9327.984307
37	75	2	4.003	8	15.999	-8349.325844
37	76	2	4.003	8	15.999	25097.244297
37	77	2	4.003	8	15.999	28450.393669
37	78	2	4.003	8	15.999	43065.348378
37	79	2	4.003	8	15.999	12371.659268
37	84	2	4.003	26	55.845	3.309816
37	85	2	4.003	26	55.845	0.484533
37	86	2	4.003	26	55.845	12.531742
37	87	2	4.003	26	55.845	10.884650
37	88	2	4.003	26	55.845	99.552523
37	89	2	4.003	26	55.845	-41.368282
37	90	2	4.003	26	55.845	812.804001
37	91	2	4.003	26	55.845	5982.406244
37	92	2	4.003	26	55.845	-2238.837201
37	93	2	4.003	26	55.845	4232.663119
37	94	2	4.003	26	55.845	885.961970
37	95	2	4.003	26	55.845	7697.121401
37	97	2	4.003	26	55.845	163.264464
37	101	2	4.003	26	55.845	3561.595920
38	38	2	4.003	2	4.003	16103410.445995
38	39	2	4.003	2	4.003	-17315530.654611
38	40	2	4.003	2	4.003	29316146.704525
38	41	2	4.003	2	4.003	-11592593.567942
38	42	2	4.003	2	4.003	19865592.670973
38	43	2	4.003	2	4.003	4023844.797125
38	44	2	4.003	2	4.003	3062404.991611
38	46	2	4.003	2	4.003	522450.426738
38	47	2	4.003	2	4.003	4333096.282121
38	48	2	4.003	2	4.003	8290207.567844
38	49	2	4.003	2	4.003	8763502.633095
38	50	2	4.003	2	4.003	6326240.398310
38	51	2	4.003	2	4.003	11630150.430931
38	57	2	4.003	8	15.999	2.637825
38	58	2	4.003	8	15.999	12.220654
38	59	2	4.003	8	15.999	79.138152
38	60	2	4.003	8	15.999	108.086368
38	61	2	4.003	8	15.999	86.911638
38	62	2	4.003	8	15.999	332.342040
38	63	2	4.003	8	15.999	-64.419553
38	64	2	4.003	8	15.999	2867.688590
38	65	2	4.003	8	15.999	-8053.072360
38	66	2	4.003	8	15.999	92077.676336
38	67	2	4.003	8	15.999	-273286.300431
38	68	2	4.003	8	15.999	1105077.611624
38	69	2	4.003	8	15.999	-171221.702709
38	70	2	4.003	8	15.999	455422.916885
38	71	2	4.003	8	15.999	331903.137406
38	72	2	4.003	8	15.999	279396.862145
38	73	2	4.003	8	15.999	492612.354624
38	74	2	4.003	8	15.999	104780.655584
38	75	2	4.003	8	15.999	-105621.414360
38	76	2	4.003	8	15.999	165714.951559
38	77	2	4.003	8	15.999	178487.608964
38	78	2	4.003	8	15.999	327610.164188
38	79	2	4.003	8	15.999	139161.905029
38	84	2	4.003	26	55.845	0.600106
38	85	2	4.003	26	55.845	11.884083
38	86	2	4.003	26	55.845	17.115364
38	87	2	4.003	26	55.845	106.661916
38	88	2	4.003	26	55.845	-139.366399
38	89	2	4.003	26	55.845	548.448928
38	90	2	4.003	26	55.845	17276.518255
38	91	2	4.003	26	55.845	-36781.730509
38	92	2	4.003	26	55.845	32840.377469
38	93	2	4.003	26	55.845	8054.491479
38	94	2	4.003	26	55.845	43379.927180
38	95	2	4.003	26	55.845	76726.998274
38	97	2	4.003	26	55.845	1968.465640
38	101	2	4.003	26	55.845	45157.544210
39	39	2	4.003	2	4.003	111451259.994254
39	40	2	4.003	2	4.003	-121141695.796164
39	41	2	4.003	2	4.003	77287991.871059
39	42	2	4.003	2	4.003	-62009194.038022
39	43	2	4.003	2	4.003	12738862.988358
39	44	2	4.003	2	4.003	-12210564.872667
39	46	2	4.003	2	4.003	1363365.291065
39	47	2	4.003	2	4.003	-7560232.101232
39	48	2	4.003	2	4.003	-9410205.220254
39	49	2	4.003	2	4.003	-11878225.945898
39	50	2	4.003	2	4.003	-9326759.974502
39	51	2	4.003	2	4.003	-14234042.590980
39	57	2	4.003	8	15.999	29.344206
39	58	2	4.003	8	15.999	62.147633
39	59	2	4.003	8	15.999	338.263287
39	60	2	4.003	8	15.999	259.106900
39	61	2	4.003	8	15.999	477.991127
39	62	2	4.003	8	15.999	399.450592
39	63	2	4.003	8	15.999	1614.990000
39	64	2	4.003	8	15.999	-1292.433848
39	65	2	4.003	8	15.999	26948.330240
39	66	2	4.003	8	15.999	-294825.618498
39	67	2	4.003	8	15.999	1364900.855825
39	68	2	4.003	8	15.999	-3760064.311080
39	69	2	4.003	8	15.999	1761851.152268
39	70	2	4.003	8	15.999	-1303937.427127
39	71	2	4.003	8	15.999	539797.713643
39	72	2	4.003	8	15.999	-534764.517872
39	73	2	4.003	8	15.999	-382326.790164
39	74	2	4.003	8	15.999	-117422.969253
39	75	2	4.003	8	15.999	147690.044164
39	76	2	4.003	8	15.999	84038.893571
39	77	2	4.003	8	15.999	115898.221777
39	78	2	4.003	8	15.999	-28703.753566
39	79	2	4.003	8	15.999	-168186.576027
39	84	2	4.003	26	55.845	84.517779
39	85	2	4.003	26	55.845	-24.921755
39	86	2	4.003	26	55.845	218.693574
39	87	2	4.003	26	55.845	-170.611430
39	88	2	4.003	26	55.845	2992.314812
39	89	2	4.003	26	55.845	-6277.783515
39	90	2	4.003	26	55.845	20680.154771
39	91	2	4.003	26	55.845	174582.258920
39	92	2	4.003	26	55.845	-98532.092674
39	93	2	4.003	26	55.845	43993.570463
39	94	2	4.003	26	55.845	-92934.133206
39	95	2	4.003	26	55.845	-78306.348324
39	97	2	4.003	26	55.845	-2586.113084
39	101	2	4.003	26	55.845	-66191.186851
40	40	2	4.003	2	4.003	514426787.956727
40	41	2	4.003	2	4.003	-189701459.825444
40	42	2	4.003	2	4.003	366213685.729351
40	43	2	4.003	2	4.003	80891003.482668
40	44	2	4.003	2	4.003	50036250.476779
40	46	2	4.003	2	4.003	7164871.775306
40	47	2	4.003	2	4.003	83032964.317800
40	48	2	4.003	2	4.003	154751702.420126
40	49	2	4.003	2	4.003	164810416.837612
40	50	2	4.003	2	4.003	120031805.332976
40	51	2	4.003	2	4.003	218029345.470373
40	57	2	4.003	8	15.999	-40.824845
40	58	2	4.003	8	15.999	-124.989518
40	59	2	4.003	8	15.999	-547.295454
40	60	2	4.003	8	15.999	-566.033544
40	61	2	4.003	8	15.999	-588.603379
40	62	2	4.003	8	15.999	-1348.411781
40	63	2	4.003	8	15.999	-685.218977
40	64	2	4.003	8	15.999	-8808.665775
40	65	2	4.003	8	15.999	13173.959761
40	66	2	4.003	8	15.999	158663.564774
40	67	2	4.003	8	15.999	-4211065.627103
40	68	2	4.003	8	15.999	15957812.528468
40	69	2	4.003	8	15.999	-1640636.757960
40	70	2	4.003	8	15.999	7664039.379479
40	71	2	4.003	8	15.999	6870717.148948
40	72	2	4.003	8	15.999	5202805.500377
40	73	2	4.003	8	15.999	9054352.342233
40	74	2	4.003	8	15.999	1949848.928214
40	75	2	4.003	8	15.999	-1979734.538443
40	76	2	4.003	8	15.999	2867643.628284
40	77	2	4.003	8	15.999	3073810.420579
40	78	2	4.003	8	15.999	5843572.612613
40	79	2	4.003	8	15.999	2620985.526245
40	84	2	4.003	26	55.845	-62.971050
40	85	2	4.003	26	55.845	38.324458
40	86	2	4.003	26	55.845	-116.040243
40	87	2	4.003	26	55.845	335.892825
40	88	2	4.003	26	55.845	-2839.369285
40	89	2	4.003	26	55.845	14481.489861
40	90	2	4.003	26	55.845	-121390.009940
40	91	2	4.003	26	55.845	-253923.406158
40	92	2	4.003	26	55.845	271724.259806
40	93	2	4.003	26	55.845	281666.115337
40	94	2	4.003	26	55.845	671664.391476
40	95	2	4.003	26	55.845	1473613.328398
40	97	2	4.003	26	55.845	36884.262538
40	101	2	4.003	26	55.845	854248.857551
41	41	2	4.003	2	4.003	969755243.822369
41	42	2	4.003	2	4.003	-545798344.045090
41	43	2	4.003	2	4.003	362903573.444701
41	44	2	4.003	2	4.003	-153707645.898185
41	46	2	4.003	2	4.003	30368801.226826
41	47	2	4.003	2	4.003	-4214895.306330
41	48	2	4.003	2	4.003	77505217.920555
41	49	2	4.003	2	4.003	42034284.082241
41	50	2	4.003	2	4.003	50389480.296260
41	51	2	4.003	2	4.003	65513412.427309
41	57	2	4.003	8	15.999	26.689383
41	58	2	4.003	8	15.999	-1.942226
41	59	2	4.003	8	15.999	937.808147
41	60	2	4.003	8	15.999	875.036046
41	61	2	4.003	8	15.999	1390.359243
41	62	2	4.003	8	15.999	2189.577536
41	63	2	4.003	8	15.999	3396.826330
41	64	2	4.003	8	15.999	8115.689506
41	65	2	4.003	8	15.999	30115.808695
41	66	2	4.003	8	15.999	2054.087546
41	67	2	4.003	8	15.999	4111231.760713
41	68	2	4.003	8	15.999	-32126121.925760
41	69	2	4.003	8	15.999	24033139.515520
41	70	2	4.003	8	15.999	-13898443.807381
41	71	2	4.003	8	15.999	13673764.568348
41	72	2	4.003	8	15.999	-3929305.779281
41	73	2	4.003	8	15.999	4986401.557274
41	74	2	4.003	8	15.999	-307557.404111
41	75	2	4.003	8	15.999	-261752.017725
41	76	2	4.003	8	15.999	289515.237974
41	77	2	4.003	8	15.999	886203.778969
41	78	2	4.003	8	15.999	1703891.490178
41	79	2	4.003	8	15.999	954846.914659
41	84	2	4.003	26	55.845	82.086731
41	85	2	4.003	26	55.845	22.195624
41	86	2	4.003	26	55.845	296.140729
41	87	2	4.003	26	55.845	339.616694
41	88	2	4.003	26	55.845	1860.845892
41	89	2	4.003	26	55.845	-717.689283
41	90	2	4.003	26	55.845	38539.956070
41	91	2	4.003	26	55.845	767239.907099
41	92	2	4.003	26	55.845	-539953.476116
41	93	2	4.003	26	55.845	491333.802041
41	94	2	4.003	26	55.845	-213213.706002
41	95	2	4.003	26	55.845	565203.117448
41	97	2	4.003	26	55.845	12991.215410
41	101	2	4.003	26	55.845	281131.820905
42	42	2	4.003	2	4.003	1610063740.576996
42	43	2	4.003	2	4.003	-639981365.245816
42	44	2	4.003	2	4.003	418956234.357638
42	46	2	4.003	2	4.003	-57383411.956589
42	47	2	4.003	2	4.003	150083743.280558
42	48	2	4.003	2	4.003	130215517.408344
42	49	2	4.003	2	4.003	201104670.214013
42	50	2	4.003	2	4.003	110433133.959707
42	51	2	4.003	2	4.003	256175134.084454
42	57	2	4.003	8	15.999	-24.997476
42	58	2	4.003	8	15.999	-178.895024
42	59	2	4.003	8	15.999	354.568641
42	60	2	4.003	8	15.999	220.995617
42	61	2	4.003	8	15.999	752.730439
42	62	2	4.003	8	15.999	550.764126
42	63	2	4.003	8	15.999	2791.686586
42	64	2	4.003	8	15.999	-3201.113085
42	65	2	4.003	8	15.999	52716.583698
42	66	2	4.003	8	15.999	74798.654434
42	67	2	4.003	8	15.999	-2196051.987483
42	68	2	4.003	8	15.999	20006152.740945
42	69	2	4.003	8	15.999	-33884649.403221
42	70	2	4.003	8	15.999	36606220.819684
42	71	2	4.003	8	15.999	-9119938.803660
42	72	2	4.003	8	15.999	15659788.223353
42	73	2	4.003	8	15.999	8123395.584096
42	74	2	4.003	8	15.999	3502152.928220
42	75	2	4.003	8	15.999	-2668421.626670
42	76	2	4.003	8	15.999	5188157.905547
42	77	2	4.003	8	15.999	4817953.284685
42	78	2	4.003	8	15.999	8054746.996400
42	79	2	4.003	8	15.999	2850560.181039
42	84	2	4.003	26	55.845	185.629539
42	85	2	4.003	26	55.845	6.539593
42	86	2	4.003	26	55.845	646.695059
42	87	2	4.003	26	55.845	580.574737
42	88	2	4.003	26	55.845	4069.194647
42	89	2	4.003	26	55.845	-5106.462975
42	90	2	4.003	26	55.845	201577.284147
42	91	2	4.003	26	55.845	109333.449611
42	92	2	4.003	26	55.845	1197574.813851
42	93	2	4.003	26	55.845	-534050.357448
42	94	2	4.003	26	55.845	1562982.238604
42	95	2	4.003	26	55.845	1389187.403930
42	97	2	4.003	26	55.845	41989.292343
42	101	2	4.003	26	55.845	918690.750191
43	43	2	4.003	2	4.003	1682033090.875875
43	44	2	4.003	2	4.003	-632376079.296836
43	46	2	4.003	2	4.003	199075766.842325
43	47	2	4.003	2	4.003	-12705500.463345
43	48	2	4.003	2	4.003	230279595.938217
43	49	2	4.003	2	4.003	148402952.650193
43	50	2	4.003	2	4.003	151271098.956728
43	51	2	4.003	2	4.003	219424901.083704
43	57	2	4.003	8	15.999	0.881913
43	58	2	4.003	8	15.999	-90.488752
43	59	2	4.003	8	15.999	757.860619
43	60	2	4.003	8	15.999	683.473669
43	61	2	4.003	8	15.999	1176.986017
43	62	2	4.003	8	15.999	1767.032424
43	63	2	4.003	8	15.999	3011.362091
43	64	2	4.003	8	15.999	5791.209053
43	65	2	4.003	8	15.999	32294.123468
43	66	2	4.003	8	15.999	184394.573356
43	67	2	4.003	8	15.999	-321998.383728
43	68	2	4.003	8	15.999	679902.778923
43	69	2	4.003	8	15.999	24592927.460579
43	70	2	4.003	8	15.999	-53171825.868700
43	71	2	4.003	8	15.999	37387241.220224
43	72	2	4.003	8	15.999	-23137497.561191
43	73	2	4.003	8	15.999	12435186.997637
43	74	2	4.003	8	15.999	1130370.328388
43	75	2	4.003	8	15.999	-1540046.775412
43	76	2	4.003	8	15.999	2901488.578726
43	77	2	4.003	8	15.999	4308848.665942
43	78	2	4.003	8	15.999	7526807.303154
43	79	2	4.003	8	15.999	3016973.108225
43	84	2	4.003	26	55.845	219.549024
43	85	2	4.003	26	55.845	24.663661
43	86	2	4.003	26	55.845	757.732661
43	87	2	4.003	26	55.845	723.610515
43	88	2	4.003	26	55.845	4910.469181
43	89	2	4.003	26	55.845	-6216.637867
43	90	2	4.003	26	55.845	235438.064304
43	91	2	4.003	26	55.845	528448.801846
43	92	2	4.003	26	55.845	-812117.014154
43	93	2	4.003	26	55.845	3223058.810520
43	94	2	4.003	26	55.845	-530337.213917
43	95	2	4.003	26	55.845	3410174.977458
43	97	2	4.003	26	55.845	31914.263250
43	101	2	4.003	26	55.845	879266.917768
44	44	2	4.003	2	4.003	1038572484.304466
44	46	2	4.003	2	4.003	-160113472.839167
44	47	2	4.003	2	4.003	98853207.825638
44	48	2	4.003	2	4.003	-28834806.595473
44	49	2	4.003	2	4.003	9869315.571495
44	50	2	4.003	2	4.003	-4163285.839389
44	51	2	4.003	2	4.003	18234041.507636
44	57	2	4.003	8	15.999	-2.569534
44	58	2	4.003	8	15.999	-22.747747
44	59	2	4.003	8	15.999	50.149591
44	60	2	4.003	8	15.999	27.595055
44	61	2	4.003	8	15.999	109.418659
44	62	2	4.003	8	15.999	57.299098
44	63	2	4.003	8	15.999	438.748548
44	64	2	4.003	8	15.999	-710.829604
44	65	2	4.003	8	15.999	8343.156548
44	66	2	4.003	8	15.999	-3976.937592
44	67	2	4.003	8	15.999	-289565.652553
44	68	2	4.003	8	15.999	4094990.430558
44	69	2	4.003	8	15.999	-10682552.740211
44	70	2	4.003	8	15.999	19664535.898071
44	71	2	4.003	8	15.999	-35273937.146384
44	72	2	4.003	8	15.999	6247271.389447
44	73	2	4.003	8	15.999	683681.768337
44	74	2	4.003	8	15.999	-632125.090811
44	75	2	4.003	8	15.999	527098.861793
44	76	2	4.003	8	15.999	53470.908571
44	77	2	4.003	8	15.999	462690.085790
44	78	2	4.003	8	15.999	-70750.063899
44	79	2	4.003	8	15.999	163205.198515
44	84	2	4.003	26	55.845	53.696695
44	85	2	4.003	26	55.845	-6.607522
44	86	2	4.003	26	55.845	170.203016
44	87	2	4.003	26	55.845	75.642350
44	88	2	4.003	26	55.845	1420.589656
44	89	2	4.003	26	55.845	-3933.453385
44	90	2	4.003	26	55.845	75868.610467
44	91	2	4.003	26	55.845	2836.961294
44	92	2	4.003	26	55.845	552840.906345
44	93	2	4.003	26	55.845	-721610.622171
44	94	2	4.003	26	55.845	2847142.669370
44	95	2	4.003	26	55.845	-163579.929324
44	97	2	4.003	26	55.845	11765.994920
44	101	2	4.003	26	55.845	37492.546044
46	46	2	4.003	2	4.003	4434656226.663453
46	47	2	4.003	2	4.003	-1134388699.546892
46	48	2	4.003	2	4.003	-99767719.257350
46	49	2	4.003	2	4.003	789095228.638439
46	50	2	4.003	2	4.003	-408241867.958112
46	51	2	4.003	2	4.003	82508644.911187
46	57	2	4.003	8	15.999	3.461110
46	58	2	4.003	8	15.999	-5.934243
46	59	2	4.003	8	15.999	167.479828
46	60	2	4.003	8	15.999	158.431936
46	61	2	4.003	8	15.999	265.133093
46	62	2	4.003	8	15.999	412.867278
46	63	2	4.003	8	15.999	669.591605
46	64	2	4.003	8	15.999	1457.429517
46	65	2	4.003	8	15.999	6451.401334
46	66	2	4.003	8	15.999	34256.650755
46	67	2	4.003	8	15.999	2821.007425
46	68	2	4.003	8	15.999	2048491.447588
46	69	2	4.003	8	15.999	217714.939269
46	70	2	4.003	8	15.999	-3183046.600994
46	71	2	4.003	8	15.999	-298504.802051
46	72	2	4.003	8	15.999	18591550.171348
46	73	2	4.003	8	15.999	-90934488.945394
46	74	2	4.003	8	15.999	68825930.604090
46	75	2	4.003	8	15.999	-44337693.515631
46	76	2	4.003	8	15.999	32539142.118285
46	77	2	4.003	8	15.999	-6786245.978553
46	78	2	4.003	8	15.999	6641488.625152
46	79	2	4.003	8	15.999	937541.193558
46	84	2	4.003	26	55.845	47.042633
46	85	2	4.003	26	55.845	-8.556160
46	86	2	4.003	26	55.845	145.662842
46	87	2	4.003	26	55.845	33.763637
46	88	2	4.003	26	55.845	1375.541920
46	89	2	4.003	26	55.845	-4163.902705
46	90	2	4.003	26	55.845	70939.606433
46	91	2	4.003	26	55.845	-70460.834365
46	92	2	4.003	26	55.845	284744.817263
46	93	2	4.003	26	55.845	-126250.961979
46	94	2	4.003	26	55.845	1414092.104269
46	95	2	4.003	26	55.845	-1749168.462237
46	97	2	4.003	26	55.845	-243417.437504
46	101	2	4.003	26	55.845	39629.837721
47	47	2	4.003	2	4.003	5934878553.679229
47	48	2	4.003	2	4.003	-547251173.778246
47	49	2	4.003	2	4.003	-1293367615.731397
47	50	2	4.003	2	4.003	1149614122.666115
47	51	2	4.003	2	4.003	422323536.236693
47	57	2	4.003	8	15.999	-7.565873
47	58	2	4.003	8	15.999	-62.785840
47	59	2	4.003	8	15.999	210.352448
47	60	2	4.003	8	15.999	165.678205
47	61	2	4.003	8	15.999	349.570747
47	62	2	4.003	8	15.999	421.504278
47	63	2	4.003	8	15.999	1032.223635
47	64	2	4.003	8	15.999	533.780010
47	65	2	4.003	8	15.999	15018.030034
47	66	2	4.003	8	15.999	52626.906896
47	67	2	4.003	8	15.999	-405483.682352
47	68	2	4.003	8	15.999	1251759.440161
47	69	2	4.003	8	15.999	2119695.084512
47	70	2	4.003	8	15.999	579065.200630
47	71	2	4.003	8	15.999	1502777.368858
47	72	2	4.003	8	15.999	5981419.765610
47	73	2	4.003	8	15.999	-5540612.907517
47	74	2	4.003	8	15.999	-157671859.256947
47	75	2	4.003	8	15.999	99442314.327620
47	76	2	4.003	8	15.999	-76372523.731952
47	77	2	4.003	8	15.999	27776472.786170
47	78	2	4.003	8	15.999	-9657131.364773
47	79	2	4.003	8	15.999	3371699.882528
47	84	2	4.003	26	55.845	73.165381
47	85	2	4.003	26	55.845	21.324025
47	86	2	4.003	26	55.845	271.680184
47	87	2	4.003	26	55.845	373.167562
47	88	2	4.003	26	55.845	1251.149519
47	89	2	4.003	26	55.845	945.813642
47	90	2	4.003	26	55.845	60906.522019
47	91	2	4.003	26	55.845	334119.701001
47	92	2	4.003	26	55.845	-240789.106095
47	93	2	4.003	26	55.845	812317.548145
47	94	2	4.003	26	55.845	-852143.365536
47	95	2	4.003	26	55.845	3546475.458802
47	97	2	4.003	26	55.845	1721269.045485
47	101	2	4.003	26	55.845	1839503.393074
48	48	2	4.003	2	4.003	6196693047.675756
48	49	2	4.003	2	4.003	1281337278.783975
48	50	2	4.003	2	4.003	-1165005433.990541
48	51	2	4.003	2	4.003	129696133.512563
48	57	2	4.003	8	15.999	-0.088370
48	58	2	4.003	8	15.999	-103.592445
48	59	2	4.003	8	15.999	703.199958
48	60	2	4.003	8	15.999	595.846738
48	61	2	4.003	8	15.999	1183.630290
48	62	2	4.003	8	15.999	1499.603364
48	63	2	4.003	8	15.999	3450.072284
48	64	2	4.003	8	15.999	2530.257006
48	65	2	4.003	8	15.999	46566.103511
48	66	2	4.003	8	15.999	91072.128454
48	67	2	4.003	8	15.999	-147022.188650
48	68	2	4.003	8	15.999	5961278.215138
48	69	2	4.003	8	15.999	6212762.759943
48	70	2	4.003	8	15.999	1271049.399037
48	71	2	4.003	8	15.999	20197755.978151
48	72	2	4.003	8	15.999	-5099127.163444
48	73	2	4.003	8	15.999	66613627.077030
48	74	2	4.003	8	15.999	-85549369.042076
48	75	2	4.003	8	15.999	-126671579.449642
48	76	2	4.003	8	15.999	119770468.385764
48	77	2	4.003	8	15.999	-18783120.622093
48	78	2	4.003	8	15.999	52976129.739914
48	79	2	4.003	8	15.999	4136100.386941
48	84	2	4.003	26	55.845	198.279074
48	85	2	4.003	26	55.845	-4.832508
48	86	2	4.003	26	55.845	660.672763
48	87	2	4.003	26	55.845	447.428349
48	88	2	4.003	26	55.845	4920.737599
48	89	2	4.003	26	55.845	-9579.482914
48	90	2	4.003	26	55.845	235871.970634
48	91	2	4.003	26	55.845	56542.043332
48	92	2	4.003	26	55.845	404367.654585
48	93	2	4.003	26	55.845	8683.341382
48	94	2	4.003	26	55.845	1504728.340629
48	95	2	4.003	26	55.845	1540655.182598
48	97	2	4.003	26	55.845	2056361.458018
48	101	2	4.003	26	55.845	91018.992749
49	49	2	4.003	2	4.003	5929748522.061401
49	50	2	4.003	2	4.003	642013051.961564
49	51	2	4.003	2	4.003	664829117.087371
49	57	2	4.003	8	15.999	-3.763355
49	58	2	4.003	8	15.999	-116.254099
49	59	2	4.003	8	15.999	708.899878
49	60	2	4.003	8	15.999	602.577620
49	61	2	4.003	8	15.999	1167.178422
49	62	2	4.003	8	15.999	1529.629084
49	63	2	4.003	8	15.999	3309.494464
49	64	2	4.003	8	15.999	3141.931875
49	65	2	4.003	8	15.999	43087.753789
49	66	2	4.003	8	15.999	125556.511309
49	67	2	4.003	8	15.999	-405942.763439
49	68	2	4.003	8	15.999	6638645.512177
49	69	2	4.003	8	15.999	3441500.427038
49	70	2	4.003	8	15.999	5777289.353549
49	71	2	4.003	8	15.999	4992470.143378
49	72	2	4.003	8	15.999	36282084.291336
49	73	2	4.003	8	15.999	-33398816.728998
49	74	2	4.003	8	15.999	92747489.699749
49	75	2	4.003	8	15.999	-203288112.564757
49	76	2	4.003	8	15.999	10672129.710916
49	77	2	4.003	8	15.999	1060798.157718
49	78	2	4.003	8	15.999	-1605952.623613
49	79	2	4.003	8	15.999	-4896629.488161
49	84	2	4.003	26	55.845	189.096235
49	85	2	4.003	26	55.845	15.214699
49	86	2	4.003	26	55.845	653.997869
49	87	2	4.003	26	55.845	604.355730
49	88	2	4.003	26	55.845	4217.743616
49	89	2	4.003	26	55.845	-5358.939962
49	90	2	4.003	26	55.845	207388.895867
49	91	2	4.003	26	55.845	254194.220180
49	92	2	4.003	26	55.845	177285.346991
49	93	2	4.003	26	55.845	474574.838714
49	94	2	4.003	26	55.845	635910.829103
49	95	2	4.003	26	55.845	2740032.142652
49	97	2	4.003	26	55.845	1129791.191577
49	101	2	4.003	26	55.845	2839299.155732
50	50	2	4.003	2	4.003	19981969794.893494
50	51	2	4.003	2	4.003	-4701249480.420398
50	57	2	4.003	8	15.999	-20.083868
50	58	2	4.003	8	15.999	-70.515799
50	59	2	4.003	8	15.999	-117.286945
50	60	2	4.003	8	15.999	-129.935525
50	61	2	4.003	8	15.999	-152.017423
50	62	2	4.003	8	15.999	-299.822647
50	63	2	4.003	8	15.999	-298.615729
50	64	2	4.003	8	15.999	-1689.251079
50	65	2	4.003	8	15.999	3594.303717
50	66	2	4.003	8	15.999	91203.408054
50	67	2	4.003	8	15.999	-2100685.545832
50	68	2	4.003	8	15.999	1643071.996956
50	69	2	4.003	8	15.999	4470798.504019
50	70	2	4.003	8	15.999	-1546035.185348
50	71	2	4.003	8	15.999	12692922.401710
50	72	2	4.003	8	15.999	-7222315.821518
50	73	2	4.003	8	15.999	40499058.770997
50	74	2	4.003	8	15.999	-57214917.981125
50	75	2	4.003	8	15.999	188244111.371127
50	76	2	4.003	8	15.999	-868454653.657591
50	77	2	4.003	8	15.999	243342018.151688
50	78	2	4.003	8	15.999	62257223.547316
50	79	2	4.003	8	15.999	48472511.809294
50	84	2	4.003	26	55.845	162.891692
50	85	2	4.003	26	55.845	8.438891
50	86	2	4.003	26	55.845	544.445278
50	87	2	4.003	26	55.845	447.420928
50	88	2	4.003	26	55.845	3745.508708
50	89	2	4.003	26	55.845	-5968.425904
50	90	2	4.003	26	55.845	176713.701738
50	91	2	4.003	26	55.845	297044.910763
50	92	2	4.003	26	55.845	24479.841601
50	93	2	4.003	26	55.845	468186.675454
50	94	2	4.003	26	55.845	331080.500500
50	95	2	4.003	26	55.845	2720728.627768
50	97	2	4.003	26	55.845	-763153.217838
50	101	2	4.003	26	55.845	4890673.723184
51	51	2	4.003	2	4.003	30415103224.753105
51	57	2	4.003	8	15.999	7.057871
51	58	2	4.003	8	15.999	-158.102714
51	59	2	4.003	8	15.999	1322.253546
51	60	2	4.003	8	15.999	1143.029416
51	61	2	4.003	8	15.999	2177.485644
51	62	2	4.003	8	15.999	2884.919331
51	63	2	4.003	8	15.999	6161.534720
51	64	2	4.003	8	15.999	6226.351612
51	65	2	4.003	8	15.999	76839.406180
51	66	2	4.003	8	15.999	149343.020637
51	67	2	4.003	8	15.999	723516.121194
51	68	2	4.003	8	15.999	9681523.047379
51	69	2	4.003	8	15.999	6256163.354736
51	70	2	4.003	8	15.999	6255051.676558
51	71	2	4.003	8	15.999	14380175.494147
51	72	2	4.003	8	15.999	27890973.669403
51	73	2	4.003	8	15.999	2674589.810555
51	74	2	4.003	8	15.999	21532198.723085
51	75	2	4.003	8	15.999	-27368461.865425
51	76	2	4.003	8	15.999	190709895.866983
51	77	2	4.003	8	15.999	-1015096394.789017
51	78	2	4.003	8	15.999	-568139803.208039
51	79	2	4.003	8	15.999	-157314725.850760
51	84	2	4.003	26	55.845	241.714995
51	85	2	4.003	26	55.845	12.015878
51	86	2	4.003	26	55.845	837.459947
51	87	2	4.003	26	55.845	729.125090
51	88	2	4.003	26	55.845	5592.248582
51	89	2	4.003	26	55.845	-8127.643092
51	90	2	4.003	26	55.845	271502.054448
51	91	2	4.003	26	55.845	267351.080310
51	92	2	4.003	26	55.845	261449.045181
51	93	2	4.003	26	55.845	639640.784450
51	94	2	4.003	26	55.845	801076.563766
51	95	2	4.003	26	55.845	4237689.037474
51	97	2	4.003	26	55.845	105205.309266
51	101	2	4.003	26	55.845	3655521.861145
57	57	8	15.999	8	15.999	3.479355
57	58	8	15.999	8	15.999	0.207161
57	59	8	15.999	8	15.999	3.448924
57	60	8	15.999	8	15.999	1.681469
57	61	8	15.999	8	15.999	1.691737
57	62	8	15.999	8	15.999	0.567635
57	63	8	15.999	8	15.999	0.706481
57	64	8	15.999	8	15.999	0.155629
57	65	8	15.999	8	15.999	2.118034
57	66	8	15.999	8	15.999	2.850284
57	67	8	15.999	8	15.999	2.329060
57	68	8	15.999	8	15.999	0.814687
57	69	8	15.999	8	15.999	2.665579
57	70	8	15.999	8	15.999	2.194581
57	71	8	15.999	8	15.999	4.142308
57	72	8	15.999	8	15.999	2.031309
57	73	8	15.999	8	15.999	2.020972
57	74	8	15.999	8	15.999	0.430214
57	75	8	15.999	8	15.999	-0.007813
57	76	8	15.999	8	15.999	3.458555
57	77	8	15.999	8	15.999	3.839823
57	78	8	15.999	8	15.999	4.180769
57	79	8	15.999	8	15.999	0.048224
57	84	8	15.999	26	55.845	0.219218
57	85	8	15.999	26	55.845	0.129547
57	86	8	15.999	26	55.845	0.086970
57	87	8	15.999	26	55.845	-0.030036
57	88	8	15.999	26	55.845	0.079653
57	89	8	15.999	26	55.845	-0.098528
57	90	8	15.999	26	55.845	0.113053
57	91	8	15.999	26	55.845	0.133710
57	92	8	15.999	26	55.845	0.038232
57	93	8	15.999	26	55.845	0.088440
57	94	8	15.999	26	55.845	0.100848
57	95	8	15.999	26	55.845	0.181982
57	97	8	15.999	26	55.845	0.002740
57	101	8	15.999	26	55.845	-0.042534
58	58	8	15.999	8	15.999	18.679760
58	59	8	15.999	8	15.999	5.941586
58	60	8	15.999	8	15.999	8.158825
58	61	8	15.999	8	15.999	3.220487
58	62	8	15.999	8	15.999	2.891590
58	63	8	15.999	8	15.999	-0.569672
58	64	8	15.999	8	15.999	1.669525
58	65	8	15.999	8	15.999	-4.050257
58	66	8	15.999	8	15.999	2.451699
58	67	8	15.999	8	15.999	-15.065570
58	68	8	15.999	8	15.999	-1.033195
58	69	8	15.999	8	15.999	-6.729352
58	70	8	15.999	8	15.999	-2.892537
58	71	8	15.999	8	15.999	-10.515733
58	72	8	15.999	8	15.999	-3.739103
58	73	8	15.999	8	15.999	-6.998857
58	74	8	15.999	8	15.999	-2.050294
58	75	8	15.999	8	15.999	1.398826
58	76	8	15.999	8	15.999	-4.592980
58	77	8	15.999	8	15.999	-4.936095
58	78	8	15.999	8	15.999	-7.772807
58	79	8	15.999	8	15.999	-1.573769
58	84	8	15.999	26	55.845	0.744581
58	85	8	15.999	26	55.845	0.438842
58	86	8	15.999	26	55.845	0.290329
58	87	8	15.999	26	55.845	-0.119092
58	88	8	15.999	26	55.845	0.252705
58	89	8	15.999	26	55.845	-0.289318
58	90	8	15.999	26	55.845	0.383051
58	91	8	15.999	26	55.845	-0.400685
58	92	8	15.999	26	55.845	-0.011982
58	93	8	15.999	26	55.845	-0.261348
58	94	8	15.999	26	55.845	-0.085363
58	95	8	15.999	26	55.845	-0.413774
58	97	8	15.999	26	55.845	-0.016238
58	101	8	15.999	26	55.845	-0.391129
59	59	8	15.999	8	15.999	18.701408
59	60	8	15.999	8	15.999	8.200226
59	61	8	15.999	8	15.999	12.159898
59	62	8	15.999	8	15.999	7.015138
59	63	8	15.999	8	15.999	12.653380
59	64	8	15.999	8	15.999	18.768702
59	65	8	15.999	8	15.999	55.558176
59	66	8	15.999	8	15.999	168.885221
59	67	8	15.999	8	15.999	130.343248
59	68	8	15.999	8	15.999	74.784374
59	69	8	15.999	8	15.999	114.019656
59	70	8	15.999	8	15.999	90.589255
59	71	8	15.999	8	15.999	192.955555
59	72	8	15.999	8	15.999	88.342026
59	73	8	15.999	8	15.999	106.651781
59	74	8	15.999	8	15.999	28.728254
59	75	8	15.999	8	15.999	-10.478468
59	76	8	15.999	8	15.999	137.012933
59	77	8	15.999	8	15.999	149.927174
59	78	8	15.999	8	15.999	180.274122
59	79	8	15.999	8	15.999	12.321541
59	84	8	15.999	26	55.845	0.943594
59	85	8	15.999	26	55.845	0.563741
59	86	8	15.999	26	55.845	0.412640
59	87	8	15.999	26	55.845	-0.022845
59	88	8	15.999	26	55.845	0.542119
59	89	8	15.999	26	55.845	-0.558244
59	90	8	15.999	26	55.845	-1.524551
59	91	8	15.999	26	55.845	8.351247
59	92	8	15.999	26	55.845	-0.017442
59	93	8	15.999	26	55.845	5.497068
59	94	8	15.999	26	55.845	2.597209
59	95	8	15.999	26	55.845	8.643820
59	97	8	15.999	26	55.845	0.182314
59	101	8	15.999	26	55.845	1.345056
60	60	8	15.999	8	15.999	12.443190
60	61	8	15.999	8	15.999	4.360660
60	62	8	15.999	8	15.999	10.448953
60	63	8	15.999	8	15.999	5.927152
60	64	8	15.999	8	15.999	27.192661
60	65	8	15.999	8	15.999	33.593722
60	66	8	15.999	8	15.999	189.089703
60	67	8	15.999	8	15.999	93.796472
60	68	8	15.999	8	15.999	78.885756
60	69	8	15.999	8	15.999	96.179738
60	70	8	15.999	8	15.999	81.171190
60	71	8	15.999	8	15.999	167.918590
60	72	8	15.999	8	15.999	77.995285
60	73	8	15.999	8	15.999	92.405924
60	74	8	15.999	8	15.999	25.465591
60	75	8	15.999	8	15.999	-9.135363
60	76	8	15.999	8	15.999	121.628491
60	77	8	15.999	8	15.999	132.164896
60	78	8	15.999	8	15.999	158.551939
60	79	8	15.999	8	15.999	10.955044
60	84	8	15.999	26	55.845	0.676024
60	85	8	15.999	26	55.845	0.401303
60	86	8	15.999	26	55.845	0.295025
60	87	8	15.999	26	55.845	-0.039913
60	88	8	15.999	26	55.845	0.449982
60	89	8	15.999	26	55.845	-0.174543
60	90	8	15.999	26	55.845	-2.595698
60	91	8	15.999	26	55.845	8.420704
60	92	8	15.999	26	55.845	-0.981359
60	93	8	15.999	26	55.845	5.183293
60	94	8	15.999	26	55.845	1.422480
60	95	8	15.999	26	55.845	7.515247
60	97	8	15.999	26	55.845	0.152554
60	101	8	15.999	26	55.845	0.900176
61	61	8	15.999	8	15.999	16.870906
61	62	8	15.999	8	15.999	3.725739
61	63	8	15.999	8	15.999	23.786185
61	64	8	15.999	8	15.999	18.334203
61	65	8	15.999	8	15.999	101.005278
61	66	8	15.999	8	15.999	217.831779
61	67	8	15.999	8	15.999	227.023605
61	68	8	15.999	8	15.999	83.888285
61	69	8	15.999	8	15.999	192.948148
61	70	8	15.999	8	15.999	139.347994
61	71	8	15.999	8	15.999	312.335295
61	72	8	15.999	8	15.999	138.897306
61	73	8	15.999	8	15.999	173.456528
61	74	8	15.999	8	15.999	44.885616
61	75	8	15.999	8	15.999	-16.983791
61	76	8	15.999	8	15.999	217.644895
61	77	8	15.999	8	15.999	236.418338
61	78	8	15.999	8	15.999	285.370010
61	79	8	15.999	8	15.999	21.955328
61	84	8	15.999	26	55.845	0.457086
61	85	8	15.999	26	55.845	0.271346
61	86	8	15.999	26	55.845	0.216469
61	87	8	15.999	26	55.845	-0.006143
61	88	8	15.999	26	55.845	0.474943
61	89	8	15.999	26	55.845	0.130694
61	90	8	15.999	26	55.845	-3.468598
61	91	8	15.999	26	55.845	14.553875
61	92	8	15.999	26	55.845	-1.341913
61	93	8	15.999	26	55.845	8.196859
61	94	8	15.999	26	55.845	2.725717
61	95	8	15.999	26	55.845	12.934173
61	97	8	15.999	26	55.845	0.298750
61	101	8	15.999	26	55.845	1.809544
62	62	8	15.999	8	15.999	27.766065
62	63	8	15.999	8	15.999	3.203719
62	64	8	15.999	8	15.999	86.365078
62	65	8	15.999	8	15.999	49.784191
62	66	8	15.999	8	15.999	544.151252
62	67	8	15.999	8	15.999	194.960166
62	68	8	15.999	8	15.999	217.253278
62	69	8	15.999	8	15.999	230.466242
62	70	8	15.999	8	15.999	201.891245
62	71	8	15.999	8	15.999	412.100848
62	72	8	15.999	8	15.999	192.660177
62	73	8	15.999	8	15.999	227.133850
62	74	8	15.999	8	15.999	63.858970
62	75	8	15.999	8	15.999	-23.355431
62	76	8	15.999	8	15.999	300.606676
62	77	8	15.999	8	15.999	323.871024
62	78	8	15.999	8	15.999	389.889949
62	79	8	15.999	8	15.999	28.793649
62	84	8	15.999	26	55.845	0.209423
62	85	8	15.999	26	55.845	0.119401
62	86	8	15.999	26	55.845	0.127745
62	87	8	15.999	26	55.845	-0.006805
62	88	8	15.999	26	55.845	0.612551
62	89	8	15.999	26	55.845	0.829710
62	90	8	15.999	26	55.845	-10.262271
62	91	8	15.999	26	55.845	23.577003
62	92	8	15.999	26	55.845	-5.073943
62	93	8	15.999	26	55.845	13.435614
62	94	8	15.999	26	55.845	1.032230
62	95	8	15.999	26	55.845	18.016380
62	97	8	15.999	26	55.845	0.366080
62	101	8	15.999	26	55.845	1.778852
63	63	8	15.999	8	15.999	86.740681
63	64	8	15.999	8	15.999	-39.646303
63	65	8	15.999	8	15.999	399.944863
63	66	8	15.999	8	15.999	236.956209
63	67	8	15.999	8	15.999	790.522777
63	68	8	15.999	8	15.999	51.387900
63	69	8	15.999	8	15.999	591.239725
63	70	8	15.999	8	15.999	360.090815
63	71	8	15.999	8	15.999	886.273792
63	72	8	15.999	8	15.999	375.231771
63	73	8	15.999	8	15.999	492.953114
63	74	8	15.999	8	15.999	119.407781
63	75	8	15.999	8	15.999	-46.588562
63	76	8	15.999	8	15.999	596.113910
63	77	8	15.999	8	15.999	648.157019
63	78	8	15.999	8	15.999	784.280161
63	79	8	15.999	8	15.999	64.500433
63	84	8	15.999	26	55.845	0.076324
63	85	8	15.999	26	55.845	0.040170
63	86	8	15.999	26	55.845	0.113627
63	87	8	15.999	26	55.845	0.053560
63	88	8	15.999	26	55.845	0.963771
63	89	8	15.999	26	55.845	1.391433
63	90	8	15.999	26	55.845	-4.202078
63	91	8	15.999	26	55.845	38.455394
63	92	8	15.999	26	55.845	-1.998196
63	93	8	15.999	26	55.845	19.539711
63	94	8	15.999	26	55.845	8.448982
63	95	8	15.999	26	55.845	33.983934
63	97	8	15.999	26	55.845	0.874762
63	101	8	15.999	26	55.845	5.130157
64	64	8	15.999	8	15.999	665.792470
64	65	8	15.999	8	15.999	-612.046822
64	66	8	15.999	8	15.999	3611.791366
64	67	8	15.999	8	15.999	-516.404738
64	68	8	15.999	8	15.999	1517.857228
64	69	8	15.999	8	15.999	266.053128
64	70	8	15.999	8	15.999	619.698830
64	71	8	15.999	8	15.999	897.361082
64	72	8	15.999	8	15.999	514.820918
64	73	8	15.999	8	15.999	474.193137
64	74	8	15.999	8	15.999	184.750860
64	75	8	15.999	8	15.999	-58.738919
64	76	8	15.999	8	15.999	786.730520
64	77	8	15.999	8	15.999	829.965261
64	78	8	15.999	8	15.999	986.326262
64	79	8	15.999	8	15.999	54.013556
64	84	8	15.999	26	55.845	0.012024
64	85	8	15.999	26	55.845	-0.024190
64	86	8	15.999	26	55.845	0.154195
64	87	8	15.999	26	55.845	-0.063013
64	88	8	15.999	26	55.845	2.220346
64	89	8	15.999	26	55.845	4.186982
64	90	8	15.999	26	55.845	-70.868908
64	91	8	15.999	26	55.845	87.085176
64	92	8	15.999	26	55.845	-36.287317
64	93	8	15.999	26	55.845	54.346453
64	94	8	15.999	26	55.845	-16.113008
64	95	8	15.999	26	55.845	50.045741
64	97	8	15.999	26	55.845	0.524542
64	101	8	15.999	26	55.845	-0.701544
65	65	8	15.999	8	15.999	6207.820867
65	66	8	15.999	8	15.999	-4539.044015
65	67	8	15.999	8	15.999	11730.756412
65	68	8	15.999	8	15.999	-2088.972578
65	69	8	15.999	8	15.999	7410.626627
65	70	8	15.999	8	15.999	3773.415468
65	71	8	15.999	8	15.999	10306.496338
65	72	8	15.999	8	15.999	4126.843346
65	73	8	15.999	8	15.999	5975.491222
65	74	8	15.999	8	15.999	1269.764577
65	75	8	15.999	8	15.999	-563.956853
65	76	8	15.999	8	15.999	6453.853702
65	77	8	15.999	8	15.999	7080.628160
65	78	8	15.999	8	15.999	8692.081834
65	79	8	15.999	8	15.999	852.276202
65	84	8	15.999	26	55.845	-0.080670
65	85	8	15.999	26	55.845	0.048264
65	86	8	15.999	26	55.845	0.016450
65	87	8	15.999	26	55.845	0.552807
65	88	8	15.999	26	55.845	-0.590067
65	89	8	15.999	26	55.845	5.601821
65	90	8	15.999	26	55.845	97.002187
65	91	8	15.999	26	55.845	301.055924
65	92	8	15.999	26	55.845	64.109321
65	93	8	15.999	26	55.845	140.180111
65	94	8	15.999	26	55.845	164.810211
65	95	8	15.999	26	55.845	383.090959
65	97	8	15.999	26	55.845	11.865337
65	101	8	15.999	26	55.845	93.933537
66	66	8	15.999	8	15.999	111199.920338
66	67	8	15.999	8	15.999	-63483.653069
66	68	8	15.999	8	15.999	74316.111257
66	69	8	15.999	8	15.999	-23501.743265
66	70	8	15.999	8	15.999	12123.278138
66	71	8	15.999	8	15.999	-6183.125140
66	72	8	15.999	8	15.999	4484.703514
66	73	8	15.999	8	15.999	2162.163772
66	74	8	15.999	8	15.999	2572.515343
66	75	8	15.999	8	15.999	-1867.915706
66	76	8	15.999	8	15.999	772.693481
66	77	8	15.999	8	15.999	-11.539343
66	78	8	15.999	8	15.999	1671.921966
66	79	8	15.999	8	15.999	1660.301357
66	84	8	15.999	26	55.845	-0.490573
66	85	8	15.999	26	55.845	-1.288526
66	86	8	15.999	26	55.845	-2.156598
66	87	8	15.999	26	55.845	-9.226755
66	88	8	15.999	26	55.845	6.420432
66	89	8	15.999	26	55.845	-99.106422
66	90	8	15.999	26	55.845	-1506.672637
66	91	8	15.999	26	55.845	126.517605
66	92	8	15.999	26	55.845	-421.837878
66	93	8	15.999	26	55.845	1065.137642
66	94	8	15.999	26	55.845	-143.331740
66	95	8	15.999	26	55.845	1621.090378
66	97	8	15.999	26	55.845	15.000750
66	101	8	15.999	26	55.845	642.683314
67	67	8	15.999	8	15.999	841848.549934
67	68	8	15.999	8	15.999	-990079.663988
67	69	8	15.999	8	15.999	715770.106529
67	70	8	15.999	8	15.999	-24061.331364
67	71	8	15.999	8	15.999	614444.174868
67	72	8	15.999	8	15.999	131258.020141
67	73	8	15.999	8	15.999	194925.919668
67	74	8	15.999	8	15.999	43394.265442
67	75	8	15.999	8	15.999	3186.161086
67	76	8	15.999	8	15.999	349518.728465
67	77	8	15.999	8	15.999	381864.035192
67	78	8	15.999	8	15.999	427113.445806
67	79	8	15.999	8	15.999	3482.812377
67	84	8	15.999	26	55.845	-13.626138
67	85	8	15.999	26	55.845	5.263511
67	86	8	15.999	26	55.845	-34.962932
67	87	8	15.999	26	55.845	22.668218
67	88	8	15.999	26	55.845	-439.705382
67	89	8	15.999	26	55.845	1620.961001
67	90	8	15.999	26	55.845	-22792.934047
67	91	8	15.999	26	55.845	78124.798329
67	92	8	15.999	26	55.845	-30219.582205
67	93	8	15.999	26	55.845	18515.015773
67	94	8	15.999	26	55.845	-14711.392621
67	95	8	15.999	26	55.845	656.339029
67	97	8	15.999	26	55.845	12.336752
67	101	8	15.999	26	55.845	-10468.092009
68	68	8	15.999	8	15.999	10581606.075630
68	69	8	15.999	8	15.999	-3999842.107768
68	70	8	15.999	8	15.999	3035503.288448
68	71	8	15.999	8	15.999	-1088317.211578
68	72	8	15.999	8	15.999	1339079.392639
68	73	8	15.999	8	15.999	483715.664055
68	74	8	15.999	8	15.999	180450.732407
68	75	8	15.999	8	15.999	-134689.575511
68	76	8	15.999	8	15.999	592410.030477
68	77	8	15.999	8	15.999	555297.997618
68	78	8	15.999	8	15.999	772284.717605
68	79	8	15.999	8	15.999	88819.551769
68	84	8	15.999	26	55.845	40.483932
68	85	8	15.999	26	55.845	-24.671210
68	86	8	15.999	26	55.845	97.364061
68	87	8	15.999	26	55.845	-130.833093
68	88	8	15.999	26	55.845	1454.092510
68	89	8	15.999	26	55.845	-6076.266931
68	90	8	15.999	26	55.845	99905.323572
68	91	8	15.999	26	55.845	-722771.645854
68	92	8	15.999	26	55.845	330439.027770
68	93	8	15.999	26	55.845	-197225.550956
68	94	8	15.999	26	55.845	164849.832336
68	95	8	15.999	26	55.845	-25279.831365
68	97	8	15.999	26	55.845	1861.472006
68	101	8	15.999	26	55.845	20622.868231
69	69	8	15.999	8	15.999	5580086.613124
69	70	8	15.999	8	15.999	-3676345.978986
69	71	8	15.999	8	15.999	3291814.280218
69	72	8	15.999	8	15.999	-1354389.250371
69	73	8	15.999	8	15.999	552754.980608
69	74	8	15.999	8	15.999	-36021.938435
69	75	8	15.999	8	15.999	32727.133891
69	76	8	15.999	8	15.999	76168.947813
69	77	8	15.999	8	15.999	216493.789033
69	78	8	15.999	8	15.999	250272.092713
69	79	8	15.999	8	15.999	109364.275003
69	84	8	15.999	26	55.845	-9.995046
69	85	8	15.999	26	55.845	12.052750
69	86	8	15.999	26	55.845	-13.930990
69	87	8	15.999	26	55.845	90.280048
69	88	8	15.999	26	55.845	-477.175844
69	89	8	15.999	26	55.845	2588.261338
69	90	8	15.999	26	55.845	-34160.268625
69	91	8	15.999	26	55.845	312292.827746
69	92	8	15.999	26	55.845	-364705.380966
69	93	8	15.999	26	55.845	289886.362960
69	94	8	15.999	26	55.845	-190905.871072
69	95	8	15.999	26	55.845	161902.615887
69	97	8	15.999	26	55.845	607.357084
69	101	8	15.999	26	55.845	23334.624930
70	70	8	15.999	8	15.999	6908652.219800
70	71	8	15.999	8	15.999	-3472552.778883
70	72	8	15.999	8	15.999	4078260.308507
70	73	8	15.999	8	15.999	89406.577727
70	74	8	15.999	8	15.999	241033.979883
70	75	8	15.999	8	15.999	-208058.680120
70	76	8	15.999	8	15.999	534410.845448
70	77	8	15.999	8	15.999	334660.416150
70	78	8	15.999	8	15.999	549186.468747
70	79	8	15.999	8	15.999	7865.621403
70	84	8	15.999	26	55.845	6.411911
70	85	8	15.999	26	55.845	-6.585248
70	86	8	15.999	26	55.845	13.240648
70	87	8	15.999	26	55.845	-40.837434
70	88	8	15.999	26	55.845	275.133970
70	89	8	15.999	26	55.845	-1273.645643
70	90	8	15.999	26	55.845	20539.863131
70	91	8	15.999	26	55.845	-212871.491838
70	92	8	15.999	26	55.845	293847.879913
70	93	8	15.999	26	55.845	-445813.078673
70	94	8	15.999	26	55.845	263882.095588
70	95	8	15.999	26	55.845	-273125.547069
70	97	8	15.999	26	55.845	1839.782864
70	101	8	15.999	26	55.845	9758.286971
71	71	8	15.999	8	15.999	9802208.183784
71	72	8	15.999	8	15.999	-4691520.290734
71	73	8	15.999	8	15.999	1983793.354817
71	74	8	15.999	8	15.999	-350582.460688
71	75	8	15.999	8	15.999	231032.283004
71	76	8	15.999	8	15.999	152596.767242
71	77	8	15.999	8	15.999	692975.304135
71	78	8	15.999	8	15.999	727724.419529
71	79	8	15.999	8	15.999	303480.974060
71	84	8	15.999	26	55.845	0.845698
71	85	8	15.999	26	55.845	6.531235
71	86	8	15.999	26	55.845	14.863793
71	87	8	15.999	26	55.845	68.118956
71	88	8	15.999	26	55.845	-113.854898
71	89	8	15.999	26	55.845	1237.771842
71	90	8	15.999	26	55.845	-9400.169688
71	91	8	15.999	26	55.845	130570.563383
71	92	8	15.999	26	55.845	-189579.396118
71	93	8	15.999	26	55.845	299737.433537
71	94	8	15.999	26	55.845	-531275.715440
71	95	8	15.999	26	55.845	447338.375393
71	97	8	15.999	26	55.845	1821.244460
71	101	8	15.999	26	55.845	52300.567421
72	72	8	15.999	8	15.999	17353849.956300
72	73	8	15.999	8	15.999	-1965651.889372
72	74	8	15.999	8	15.999	1856184.871673
72	75	8	15.999	8	15.999	-1411619.152138
72	76	8	15.999	8	15.999	1803945.921114
72	77	8	15.999	8	15.999	312675.235362
72	78	8	15.999	8	15.999	1314876.622319
72	79	8	15.999	8	15.999	-40372.084362
72	84	8	15.999	26	55.845	0.151750
72	85	8	15.999	26	55.845	-1.754401
72	86	8	15.999	26	55.845	-0.536006
72	87	8	15.999	26	55.845	-11.501785
72	88	8	15.999	26	55.845	27.264784
72	89	8	15.999	26	55.845	-144.789346
72	90	8	15.999	26	55.845	4351.655307
72	91	8	15.999	26	55.845	-90811.169326
72	92	8	15.999	26	55.845	123361.716146
72	93	8	15.999	26	55.845	-276461.469274
72	94	8	15.999	26	55.845	328014.826785
72	95	8	15.999	26	55.845	-1068170.516745
72	97	8	15.999	26	55.845	5662.810254
72	101	8	15.999	26	55.845	74418.444837
73	73	8	15.999	8	15.999	7763031.831758
73	74	8	15.999	8	15.999	-3901615.130834
73	75	8	15.999	8	15.999	2017080.702266
73	76	8	15.999	8	15.999	-1672134.040081
73	77	8	15.999	8	15.999	951274.275969
73	78	8	15.999	8	15.999	329364.495831
73	79	8	15.999	8	15.999	536055.567552
73	84	8	15.999	26	55.845	10.433282
73	85	8	15.999	26	55.845	-0.295606
73	86	8	15.999	26	55.845	35.681734
73	87	8	15.999	26	55.845	25.272302
73	88	8	15.999	26	55.845	260.224431
73	89	8	15.999	26	55.845	-463.855724
73	90	8	15.999	26	55.845	12577.785273
73	91	8	15.999	26	55.845	-8541.007516
73	92	8	15.999	26	55.845	32860.327653
73	93	8	15.999	26	55.845	-14025.586538
73	94	8	15.999	26	55.845	102768.251924
73	95	8	15.999	26	55.845	97437.028056
73	97	8	15.999	26	55.845	16395.869745
73	101	8	15.999	26	55.845	47965.717498
74	74	8	15.999	8	15.999	10450687.486486
74	75	8	15.999	8	15.999	-4169658.976148
74	76	8	15.999	8	15.999	4085033.244090
74	77	8	15.999	8	15.999	-848877.535055
74	78	8	15.999	8	15.999	679266.290403
74	79	8	15.999	8	15.999	-187442.849739
74	84	8	15.999	26	55.845	1.577931
74	85	8	15.999	26	55.845	0.820740
74	86	8	15.999	26	55.845	6.594312
74	87	8	15.999	26	55.845	11.987147
74	88	8	15.999	26	55.845	18.754263
74	89	8	15.999	26	55.845	92.183716
74	90	8	15.999	26	55.845	1380.987978
74	91	8	15.999	26	55.845	6266.826384
74	92	8	15.999	26	55.845	-2532.796842
74	93	8	15.999	26	55.845	19447.929634
74	94	8	15.999	26	55.845	-14132.813868
74	95	8	15.999	26	55.845	68402.091937
74	97	8	15.999	26	55.845	-115515.808854
74	101	8	15.999	26	55.845	22457.180081
75	75	8	15.999	8	15.999	12394123.854678
75	76	8	15.999	8	15.999	-11516862.385387
75	77	8	15.999	8	15.999	2959556.535533
75	78	8	15.999	8	15.999	-1366067.369222
75	79	8	15.999	8	15.999	410785.948986
75	84	8	15.999	26	55.845	-2.169891
75	85	8	15.999	26	55.845	-0.112301
75	86	8	15.999	26	55.845	-7.467610
75	87	8	15.999	26	55.845	-6.508583
75	88	8	15.999	26	55.845	-49.571266
75	89	8	15.999	26	55.845	71.646932
75	90	8	15.999	26	55.845	-2572.114845
75	91	8	15.999	26	55.845	-264.663205
75	92	8	15.999	26	55.845	-6307.630073
75	93	8	15.999	26	55.845	1724.241475
75	94	8	15.999	26	55.845	-20370.979328
75	95	8	15.999	26	55.845	8748.344474
75	97	8	15.999	26	55.845	-83257.419502
75	101	8	15.999	26	55.845	48811.735204
76	76	8	15.999	8	15.999	42610168.538940
76	77	8	15.999	8	15.999	-10384315.117976
76	78	8	15.999	8	15.999	2275099.314333
76	79	8	15.999	8	15.999	-1736321.443745
76	84	8	15.999	26	55.845	0.498330
76	85	8	15.999	26	55.845	0.553459
76	86	8	15.999	26	55.845	4.512759
76	87	8	15.999	26	55.845	11.202474
76	88	8	15.999	26	55.845	-0.745199
76	89	8	15.999	26	55.845	163.127819
76	90	8	15.999	26	55.845	1037.460120
76	91	8	15.999	26	55.845	-15758.143995
76	92	8	15.999	26	55.845	19045.101068
76	93	8	15.999	26	55.845	-3682.629118
76	94	8	15.999	26	55.845	30259.841091
76	95	8	15.999	26	55.845	28690.713877
76	97	8	15.999	26	55.845	51344.902157
76	101	8	15.999	26	55.845	-184513.462236
77	77	8	15.999	8	15.999	44497430.125662
77	78	8	15.999	8	15.999	17827797.886441
77	79	8	15.999	8	15.999	6709924.597185
77	84	8	15.999	26	55.845	1.233076
77	85	8	15.999	26	55.845	1.409383
77	86	8	15.999	26	55.845	7.702677
77	87	8	15.999	26	55.845	19.933331
77	88	8	15.999	26	55.845	-4.750286
77	89	8	15.999	26	55.845	307.087402
77	90	8	15.999	26	55.845	1155.975460
77	91	8	15.999	26	55.845	-12679.146721
77	92	8	15.999	26	55.845	14935.764599
77	93	8	15.999	26	55.845	6923.746302
77	94	8	15.999	26	55.845	19076.173355
77	95	8	15.999	26	55.845	85493.189934
77	97	8	15.999	26	55.845	-10336.057753
77	101	8	15.999	26	55.845	227014.395754
78	78	8	15.999	8	15.999	31037514.224250
78	79	8	15.999	8	15.999	7468030.860605
78	84	8	15.999	26	55.845	3.828793
78	85	8	15.999	26	55.845	1.377525
78	86	8	15.999	26	55.845	16.766157
78	87	8	15.999	26	55.845	27.243422
78	88	8	15.999	26	55.845	57.175964
78	89	8	15.999	26	55.845	197.354936
78	90	8	15.999	26	55.845	4576.066993
78	91	8	15.999	26	55.845	-14101.811671
78	92	8	15.999	26	55.845	23314.965146
78	93	8	15.999	26	55.845	7874.699683
78	94	8	15.999	26	55.845	40287.250979
78	95	8	15.999	26	55.845	112652.073790
78	97	8	15.999	26	55.845	11388.504810
78	101	8	15.999	26	55.845	-1411129.377340
79	79	8	15.999	8	15.999	10224740.748139
79	84	8	15.999	26	55.845	2.834066
79	85	8	15.999	26	55.845	-0.445108
79	86	8	15.999	26	55.845	9.324008
79	87	8	15.999	26	55.845	3.679069
79	88	8	15.999	26	55.845	81.764737
79	89	8	15.999	26	55.845	-222.711665
79	90	8	15.999	26	55.845	3468.579236
79	91	8	15.999	26	55.845	4362.441117
79	92	8	15.999	26	55.845	1994.673917
79	93	8	15.999	26	55.845	9437.237656
79	94	8	15.999	26	55.845	8826.525283
79	95	8	15.999	26	55.845	57553.428071
79	97	8	15.999	26	55.845	157.327447
79	101	8	15.999	26	55.845	-1482637.470583
84	84	26	55.845	26	55.845	0.510374
84	85	26	55.845	26	55.845	-0.273182
84	86	26	55.845	26	55.845	0.420149
84	87	26	55.845	26	55.845	-0.119084
84	88	26	55.845	26	55.845	0.995669
84	89	26	55.845	26	55.845	-0.780146
84	90	26	55.845	26	55.845	5.086915
84	91	26	55.845	26	55.845	-3.062064
84	92	26	55.845	26	55.845	3.086074
84	93	26	55.845	26	55.845	0.150553
84	94	26	55.845	26	55.845	2.319324
84	95	26	55.845	26	55.845	2.649672
84	97	26	55.845	26	55.845	0.048297
84	101	26	55.845	26	55.845	1.313582
85	85	26	55.845	26	55.845	0.417042
85	86	26	55.845	26	55.845	-0.163930
85	87	26	55.845	26	55.845	0.677862
85	88	26	55.845	26	55.845	-0.654126
85	89	26	55.845	26	55.845	1.821557
85	90	26	55.845	26	55.845	-1.195764
85	91	26	55.845	26	55.845	3.384406
85	92	26	55.845	26	55.845	-1.428207
85	93	26	55.845	26	55.845	1.555405
85	94	26	55.845	26	55.845	-0.296228
85	95	26	55.845	26	55.845	1.024196
85	97	26	55.845	26	55.845	-0.001007
85	101	26	55.845	26	55.845	0.279016
86	86	26	55.845	26	55.845	0.972534
86	87	26	55.845	26	55.845	0.504353
86	88	26	55.845	26	55.845	2.281000
86	89	26	55.845	26	55.845	0.046453
86	90	26	55.845	26	55.845	14.448104
86	91	26	55.845	26	55.845	-5.058863
86	92	26	55.845	26	55.845	7.766483
86	93	26	55.845	26	55.845	2.524404
86	94	26	55.845	26	55.845	6.765503
86	95	26	55.845	26	55.845	9.857271
86	97	26	55.845	26	55.845	0.158677
86	101	26	55.845	26	55.845	4.550388
87	87	26	55.845	26	55.845	4.695420
87	88	26	55.845	26	55.845	-3.519346
87	89	26	55.845	26	55.845	14.635883
87	90	26	55.845	26	55.845	-0.587572
87	91	26	55.845	26	55.845	24.005087
87	92	26	55.845	26	55.845	-6.698738
87	93	26	55.845	26	55.845	13.869928
87	94	26	55.845	26	55.845	1.449410
87	95	26	55.845	26	55.845	14.134458
87	97	26	55.845	26	55.845	0.099539
87	101	26	55.845	26	55.845	5.132423
88	88	26	55.845	26	55.845	29.106940
88	89	26	55.845	26	55.845	-50.053031
88	90	26	55.845	26	55.845	147.115402
88	91	26	55.845	26	55.845	-138.564098
88	92	26	55.845	26	55.845	102.172061
88	93	26	55.845	26	55.845	-25.979592
88	94	26	55.845	26	55.845	61.255463
88	95	26	55.845	26	55.845	46.986929
88	97	26	55.845	26	55.845	1.218075
88	101	26	55.845	26	55.845	25.741090
89	89	26	55.845	26	55.845	278.816505
89	90	26	55.845	26	55.845	-451.271198
89	91	26	55.845	26	55.845	700.864557
89	92	26	55.845	26	55.845	-384.160323
89	93	26	55.845	26	55.845	252.910761
89	94	26	55.845	26	55.845	-142.084149
89	95	26	55.845	26	55.845	49.396229
89	97	26	55.845	26	55.845	-2.213876
89	101	26	55.845	26	55.845	-5.428960
90	90	26	55.845	26	55.845	7114.440220
90	91	26	55.845	26	55.845	-9107.410248
90	92	26	55.845	26	55.845	6196.620349
90	93	26	55.845	26	55.845	-2175.868439
90	94	26	55.845	26	55.845	3361.975297
90	95	26	55.845	26	55.845	1400.852030
90	97	26	55.845	26	55.845	53.678452
90	101	26	55.845	26	55.845	1181.109872
91	91	26	55.845	26	55.845	79473.381722
91	92	26	55.845	26	55.845	-37548.567712
91	93	26	55.845	26	55.845	30837.661853
91	94	26	55.845	26	55.845	-18220.311964
91	95	26	55.845	26	55.845	15802.574175
91	97	26	55.845	26	55.845	-61.505956
91	101	26	55.845	26	55.845	1787.201146
92	92	26	55.845	26	55.845	48789.248188
92	93	26	55.845	26	55.845	-38417.079249
92	94	26	55.845	26	55.845	30236.694803
92	95	26	55.845	26	55.845	-16254.624130
92	97	26	55.845	26	55.845	179.349000
92	101	26	55.845	26	55.845	572.313434
93	93	26	55.845	26	55.845	61122.733511
93	94	26	55.845	26	55.845	-40838.370072
93	95	26	55.845	26	55.845	45113.303557
93	97	26	55.845	26	55.845	-174.526787
93	101	26	55.845	26	55.845	2830.723267
94	94	26	55.845	26	55.845	90735.299485
94	95	26	55.845	26	55.845	-50172.203815
94	97	26	55.845	26	55.845	601.440066
94	101	26	55.845	26	55.845	2950.136003
95	95	26	55.845	26	55.845	183868.639579
95	97	26	55.845	26	55.845	-458.035488
95	101	26	55.845	26	55.845	16536.967864
97	97	26	55.845	26	55.845	4148.792523
97	101	26	55.845	26	55.845	-149.000180
101	101	26	55.845	26	55.845	420932.299416
