#i	j	Z1	A1	Z2	A2	cov [1/(GV.m2.sr.s)^2]
#(zeros and redundant entries (covariance is symmetric) are omitted)
1	1	1	1.008	1	1.008	2333766.073239
1	2	1	1.008	1	1.008	1305832.373059
1	3	1	1.008	1	1.008	1104182.294373
1	4	1	1.008	1	1.008	748157.437142
1	5	1	1.008	1	1.008	430164.260744
1	6	1	1.008	1	1.008	155034.859700
1	7	1	1.008	1	1.008	64977.157552
1	8	1	1.008	1	1.008	22192.067778
1	9	1	1.008	1	1.008	210512.127949
1	10	1	1.008	1	1.008	8637.862355
1	11	1	1.008	1	1.008	366975.205766
1	12	1	1.008	1	1.008	290225.077701
1	13	1	1.008	1	1.008	147285.162447
1	14	1	1.008	1	1.008	267056.203494
1	15	1	1.008	1	1.008	353373.576748
1	16	1	1.008	1	1.008	490698.442556
1	17	1	1.008	1	1.008	91705.412865
1	18	1	1.008	1	1.008	197898.454331
1	19	1	1.008	1	1.008	236253.097087
1	20	1	1.008	1	1.008	127486.000789
1	21	1	1.008	1	1.008	261944.152865
1	22	1	1.008	1	1.008	123555.558962
1	23	1	1.008	1	1.008	177510.636711
1	24	1	1.008	1	1.008	20056.648581
1	30	1	1.008	2	4.003	223640.722542
1	31	1	1.008	2	4.003	199619.664757
1	32	1	1.008	2	4.003	123293.762095
1	33	1	1.008	2	4.003	74794.044965
1	34	1	1.008	2	4.003	30151.326269
1	35	1	1.008	2	4.003	8207.862162
1	36	1	1.008	2	4.003	-1088.327504
1	37	1	1.008	2	4.003	5292.597413
1	38	1	1.008	2	4.003	4656.948848
1	39	1	1.008	2	4.003	21070.977973
1	40	1	1.008	2	4.003	77531.370131
1	41	1	1.008	2	4.003	23497.031845
1	42	1	1.008	2	4.003	105182.452193
1	43	1	1.008	2	4.003	77742.005068
1	44	1	1.008	2	4.003	9284.001735
1	46	1	1.008	2	4.003	14410.352601
1	47	1	1.008	2	4.003	11431.414084
1	48	1	1.008	2	4.003	39399.085526
1	49	1	1.008	2	4.003	-14437.593323
1	50	1	1.008	2	4.003	33639.675735
1	51	1	1.008	2	4.003	-8552.715126
1	52	1	1.008	2	4.003	11156.217731
1	57	1	1.008	8	15.999	1165.741698
1	58	1	1.008	8	15.999	3876.733205
1	59	1	1.008	8	15.999	4668.653483
1	60	1	1.008	8	15.999	3350.582913
1	61	1	1.008	8	15.999	2207.920517
1	62	1	1.008	8	15.999	961.788532
1	63	1	1.008	8	15.999	213.717064
1	64	1	1.008	8	15.999	-252.159265
1	65	1	1.008	8	15.999	-365.317792
1	66	1	1.008	8	15.999	-1326.098870
1	67	1	1.008	8	15.999	-1802.547851
1	68	1	1.008	8	15.999	7959.141548
1	69	1	1.008	8	15.999	-827.917757
1	70	1	1.008	8	15.999	2078.429758
1	71	1	1.008	8	15.999	3001.449856
1	73	1	1.008	8	15.999	1724.531625
1	74	1	1.008	8	15.999	1271.489207
1	75	1	1.008	8	15.999	789.577563
1	76	1	1.008	8	15.999	-319.486373
1	77	1	1.008	8	15.999	5016.623188
1	78	1	1.008	8	15.999	378.383932
1	79	1	1.008	8	15.999	8057.263260
1	84	1	1.008	26	55.845	381.900776
1	85	1	1.008	26	55.845	225.768748
1	86	1	1.008	26	55.845	152.919054
1	87	1	1.008	26	55.845	-20.513748
1	88	1	1.008	26	55.845	85.703258
1	89	1	1.008	26	55.845	-372.756276
1	90	1	1.008	26	55.845	621.184456
1	91	1	1.008	26	55.845	-774.676851
1	92	1	1.008	26	55.845	628.834011
1	93	1	1.008	26	55.845	116.476703
1	94	1	1.008	26	55.845	854.204274
1	95	1	1.008	26	55.845	1082.278715
1	96	1	1.008	26	55.845	428.162941
1	97	1	1.008	26	55.845	18.130427
1	100	1	1.008	26	55.845	647.227180
1	101	1	1.008	26	55.845	239.730185
1	102	1	1.008	26	55.845	-683.772568
2	2	1	1.008	1	1.008	1323031.399287
2	3	1	1.008	1	1.008	823762.950700
2	4	1	1.008	1	1.008	675095.545694
2	5	1	1.008	1	1.008	329909.558029
2	6	1	1.008	1	1.008	155422.126302
2	7	1	1.008	1	1.008	38727.202641
2	8	1	1.008	1	1.008	71791.137227
2	9	1	1.008	1	1.008	167939.462445
2	10	1	1.008	1	1.008	84829.256564
2	11	1	1.008	1	1.008	340439.074084
2	12	1	1.008	1	1.008	396383.909436
2	13	1	1.008	1	1.008	137393.847885
2	14	1	1.008	1	1.008	341456.778664
2	15	1	1.008	1	1.008	387615.137707
2	16	1	1.008	1	1.008	562472.916555
2	17	1	1.008	1	1.008	100436.851446
2	18	1	1.008	1	1.008	218161.065545
2	19	1	1.008	1	1.008	271478.493104
2	20	1	1.008	1	1.008	146195.589891
2	21	1	1.008	1	1.008	305103.530607
2	22	1	1.008	1	1.008	141189.780224
2	23	1	1.008	1	1.008	203868.605379
2	24	1	1.008	1	1.008	25997.777417
2	30	1	1.008	2	4.003	179123.281713
2	31	1	1.008	2	4.003	164977.372709
2	32	1	1.008	2	4.003	101389.187239
2	33	1	1.008	2	4.003	61840.354870
2	34	1	1.008	2	4.003	24575.236855
2	35	1	1.008	2	4.003	6302.790783
2	36	1	1.008	2	4.003	-2642.857866
2	37	1	1.008	2	4.003	128.956691
2	38	1	1.008	2	4.003	4580.919407
2	39	1	1.008	2	4.003	2092.803081
2	40	1	1.008	2	4.003	99256.463935
2	41	1	1.008	2	4.003	22467.732355
2	42	1	1.008	2	4.003	126741.110142
2	43	1	1.008	2	4.003	85431.249289
2	44	1	1.008	2	4.003	13064.764120
2	46	1	1.008	2	4.003	18046.980157
2	47	1	1.008	2	4.003	11258.460383
2	48	1	1.008	2	4.003	46786.024511
2	49	1	1.008	2	4.003	-16022.820231
2	50	1	1.008	2	4.003	35808.149305
2	51	1	1.008	2	4.003	-7581.547742
2	52	1	1.008	2	4.003	10230.155920
2	57	1	1.008	8	15.999	963.751136
2	58	1	1.008	8	15.999	3200.259308
2	59	1	1.008	8	15.999	3886.463288
2	60	1	1.008	8	15.999	2782.545882
2	61	1	1.008	8	15.999	1837.247125
2	62	1	1.008	8	15.999	797.363316
2	63	1	1.008	8	15.999	179.733072
2	64	1	1.008	8	15.999	-209.651331
2	65	1	1.008	8	15.999	-296.116862
2	66	1	1.008	8	15.999	-1124.906486
2	67	1	1.008	8	15.999	-1980.221552
2	68	1	1.008	8	15.999	7652.307149
2	69	1	1.008	8	15.999	182.968477
2	70	1	1.008	8	15.999	2422.113792
2	71	1	1.008	8	15.999	4606.166184
2	73	1	1.008	8	15.999	2553.360631
2	74	1	1.008	8	15.999	1744.940327
2	75	1	1.008	8	15.999	1279.086560
2	76	1	1.008	8	15.999	754.955157
2	77	1	1.008	8	15.999	6272.475659
2	78	1	1.008	8	15.999	1780.219193
2	79	1	1.008	8	15.999	8364.625113
2	84	1	1.008	26	55.845	317.566498
2	85	1	1.008	26	55.845	187.727554
2	86	1	1.008	26	55.845	127.515936
2	87	1	1.008	26	55.845	-16.673567
2	88	1	1.008	26	55.845	75.307893
2	89	1	1.008	26	55.845	-309.000075
2	90	1	1.008	26	55.845	589.890547
2	91	1	1.008	26	55.845	-634.375348
2	92	1	1.008	26	55.845	552.918152
2	93	1	1.008	26	55.845	157.804827
2	94	1	1.008	26	55.845	826.011678
2	95	1	1.008	26	55.845	1123.488621
2	96	1	1.008	26	55.845	475.468511
2	97	1	1.008	26	55.845	16.306786
2	100	1	1.008	26	55.845	594.052370
2	101	1	1.008	26	55.845	319.695622
2	102	1	1.008	26	55.845	-696.793244
3	3	1	1.008	1	1.008	627528.881920
3	4	1	1.008	1	1.008	441513.598213
3	5	1	1.008	1	1.008	250506.068142
3	6	1	1.008	1	1.008	98074.594172
3	7	1	1.008	1	1.008	46933.578262
3	8	1	1.008	1	1.008	33990.687433
3	9	1	1.008	1	1.008	194056.740310
3	10	1	1.008	1	1.008	30203.162672
3	11	1	1.008	1	1.008	354477.618658
3	12	1	1.008	1	1.008	310423.383423
3	13	1	1.008	1	1.008	148377.503064
3	14	1	1.008	1	1.008	285323.398008
3	15	1	1.008	1	1.008	389237.485881
3	16	1	1.008	1	1.008	518303.123364
3	17	1	1.008	1	1.008	88457.747315
3	18	1	1.008	1	1.008	208983.891882
3	19	1	1.008	1	1.008	253783.312839
3	20	1	1.008	1	1.008	142290.796766
3	21	1	1.008	1	1.008	293741.951476
3	22	1	1.008	1	1.008	135850.696318
3	23	1	1.008	1	1.008	194998.585593
3	24	1	1.008	1	1.008	26372.608517
3	30	1	1.008	2	4.003	125947.508857
3	31	1	1.008	2	4.003	114907.714149
3	32	1	1.008	2	4.003	70721.851863
3	33	1	1.008	2	4.003	43102.264261
3	34	1	1.008	2	4.003	17216.069407
3	35	1	1.008	2	4.003	4581.523595
3	36	1	1.008	2	4.003	-1393.747789
3	37	1	1.008	2	4.003	2007.895469
3	38	1	1.008	2	4.003	5171.158134
3	39	1	1.008	2	4.003	6840.229180
3	40	1	1.008	2	4.003	91492.189130
3	41	1	1.008	2	4.003	25022.083419
3	42	1	1.008	2	4.003	118055.713483
3	43	1	1.008	2	4.003	84213.876502
3	44	1	1.008	2	4.003	12001.210097
3	46	1	1.008	2	4.003	18213.150911
3	47	1	1.008	2	4.003	9835.113680
3	48	1	1.008	2	4.003	45461.679615
3	49	1	1.008	2	4.003	-14849.091432
3	50	1	1.008	2	4.003	32859.512627
3	51	1	1.008	2	4.003	-6100.791189
3	52	1	1.008	2	4.003	8361.100471
3	57	1	1.008	8	15.999	670.933483
3	58	1	1.008	8	15.999	2228.879058
3	59	1	1.008	8	15.999	2700.622076
3	60	1	1.008	8	15.999	1935.276770
3	61	1	1.008	8	15.999	1277.726886
3	62	1	1.008	8	15.999	557.107170
3	63	1	1.008	8	15.999	127.550003
3	64	1	1.008	8	15.999	-133.383169
3	65	1	1.008	8	15.999	-202.318432
3	66	1	1.008	8	15.999	-736.953615
3	67	1	1.008	8	15.999	-1430.196714
3	68	1	1.008	8	15.999	6427.343754
3	69	1	1.008	8	15.999	817.146645
3	70	1	1.008	8	15.999	2114.324301
3	71	1	1.008	8	15.999	4892.912206
3	73	1	1.008	8	15.999	2629.687631
3	74	1	1.008	8	15.999	1792.404651
3	75	1	1.008	8	15.999	1343.676998
3	76	1	1.008	8	15.999	1151.463931
3	77	1	1.008	8	15.999	6109.047124
3	78	1	1.008	8	15.999	2370.249942
3	79	1	1.008	8	15.999	7586.420187
3	84	1	1.008	26	55.845	220.811147
3	85	1	1.008	26	55.845	130.502994
3	86	1	1.008	26	55.845	89.053394
3	87	1	1.008	26	55.845	-11.087794
3	88	1	1.008	26	55.845	55.480861
3	89	1	1.008	26	55.845	-215.155780
3	90	1	1.008	26	55.845	467.344309
3	91	1	1.008	26	55.845	-445.913055
3	92	1	1.008	26	55.845	422.233099
3	93	1	1.008	26	55.845	171.703170
3	94	1	1.008	26	55.845	678.234742
3	95	1	1.008	26	55.845	992.964993
3	96	1	1.008	26	55.845	441.711624
3	97	1	1.008	26	55.845	12.827964
3	100	1	1.008	26	55.845	473.565770
3	101	1	1.008	26	55.845	321.323181
3	102	1	1.008	26	55.845	-625.756359
4	4	1	1.008	1	1.008	380379.025916
4	5	1	1.008	1	1.008	172222.290599
4	6	1	1.008	1	1.008	105114.060940
4	7	1	1.008	1	1.008	38432.500624
4	8	1	1.008	1	1.008	93471.639391
4	9	1	1.008	1	1.008	251465.572435
4	10	1	1.008	1	1.008	110552.770676
4	11	1	1.008	1	1.008	502363.576526
4	12	1	1.008	1	1.008	542293.069991
4	13	1	1.008	1	1.008	230135.891712
4	14	1	1.008	1	1.008	497561.513114
4	15	1	1.008	1	1.008	678656.796190
4	16	1	1.008	1	1.008	902858.160344
4	17	1	1.008	1	1.008	131329.086416
4	18	1	1.008	1	1.008	368462.357758
4	19	1	1.008	1	1.008	439051.861870
4	20	1	1.008	1	1.008	256005.080723
4	21	1	1.008	1	1.008	528155.053807
4	22	1	1.008	1	1.008	241125.504841
4	23	1	1.008	1	1.008	346613.114818
4	24	1	1.008	1	1.008	50780.897633
4	30	1	1.008	2	4.003	94152.945171
4	31	1	1.008	2	4.003	86322.352426
4	32	1	1.008	2	4.003	53082.921462
4	33	1	1.008	2	4.003	32475.792306
4	34	1	1.008	2	4.003	12982.885383
4	35	1	1.008	2	4.003	3641.349839
4	36	1	1.008	2	4.003	-934.319010
4	37	1	1.008	2	4.003	3812.878431
4	38	1	1.008	2	4.003	9853.742666
4	39	1	1.008	2	4.003	13538.215313
4	40	1	1.008	2	4.003	158415.938108
4	41	1	1.008	2	4.003	51201.720194
4	42	1	1.008	2	4.003	208278.979750
4	43	1	1.008	2	4.003	150436.664574
4	44	1	1.008	2	4.003	22749.922010
4	46	1	1.008	2	4.003	35166.310769
4	47	1	1.008	2	4.003	14311.665067
4	48	1	1.008	2	4.003	83313.975250
4	49	1	1.008	2	4.003	-25582.975923
4	50	1	1.008	2	4.003	54704.134926
4	51	1	1.008	2	4.003	-7713.774147
4	52	1	1.008	2	4.003	11015.742627
4	57	1	1.008	8	15.999	503.413017
4	58	1	1.008	8	15.999	1671.857568
4	59	1	1.008	8	15.999	2030.430868
4	60	1	1.008	8	15.999	1455.644186
4	61	1	1.008	8	15.999	963.712838
4	62	1	1.008	8	15.999	426.316491
4	63	1	1.008	8	15.999	107.407421
4	64	1	1.008	8	15.999	-62.581724
4	65	1	1.008	8	15.999	-129.946805
4	66	1	1.008	8	15.999	-496.589435
4	67	1	1.008	8	15.999	-1651.911415
4	68	1	1.008	8	15.999	8475.859190
4	69	1	1.008	8	15.999	3365.696792
4	70	1	1.008	8	15.999	3313.028166
4	71	1	1.008	8	15.999	10191.124134
4	73	1	1.008	8	15.999	5297.956421
4	74	1	1.008	8	15.999	3538.655703
4	75	1	1.008	8	15.999	2791.403233
4	76	1	1.008	8	15.999	3344.277286
4	77	1	1.008	8	15.999	11272.628048
4	78	1	1.008	8	15.999	6123.039661
4	79	1	1.008	8	15.999	12280.288267
4	84	1	1.008	26	55.845	166.212390
4	85	1	1.008	26	55.845	98.119884
4	86	1	1.008	26	55.845	68.600646
4	87	1	1.008	26	55.845	-6.565724
4	88	1	1.008	26	55.845	55.913338
4	89	1	1.008	26	55.845	-157.130034
4	90	1	1.008	26	55.845	568.842079
4	91	1	1.008	26	55.845	-318.767949
4	92	1	1.008	26	55.845	442.558513
4	93	1	1.008	26	55.845	361.512492
4	94	1	1.008	26	55.845	908.919359
4	95	1	1.008	26	55.845	1546.133704
4	96	1	1.008	26	55.845	753.527695
4	97	1	1.008	26	55.845	14.685116
4	100	1	1.008	26	55.845	586.140673
4	101	1	1.008	26	55.845	622.085406
4	102	1	1.008	26	55.845	-993.780688
5	5	1	1.008	1	1.008	132806.351939
5	6	1	1.008	1	1.008	30542.151964
5	7	1	1.008	1	1.008	66048.736920
5	8	1	1.008	1	1.008	7514.399527
5	9	1	1.008	1	1.008	304429.391100
5	10	1	1.008	1	1.008	-13962.527997
5	11	1	1.008	1	1.008	522964.111451
5	12	1	1.008	1	1.008	348700.585721
5	13	1	1.008	1	1.008	231427.328936
5	14	1	1.008	1	1.008	351961.206651
5	15	1	1.008	1	1.008	594185.609641
5	16	1	1.008	1	1.008	717277.895389
5	17	1	1.008	1	1.008	109436.333915
5	18	1	1.008	1	1.008	301682.766333
5	19	1	1.008	1	1.008	358127.949988
5	20	1	1.008	1	1.008	212670.067152
5	21	1	1.008	1	1.008	435301.250810
5	22	1	1.008	1	1.008	199546.784419
5	23	1	1.008	1	1.008	284976.078970
5	24	1	1.008	1	1.008	43055.400261
5	30	1	1.008	2	4.003	49139.064669
5	31	1	1.008	2	4.003	44845.876181
5	32	1	1.008	2	4.003	27593.567518
5	33	1	1.008	2	4.003	16934.467554
5	34	1	1.008	2	4.003	6806.660881
5	35	1	1.008	2	4.003	2076.495231
5	36	1	1.008	2	4.003	-277.681761
5	37	1	1.008	2	4.003	4039.901333
5	38	1	1.008	2	4.003	8806.026880
5	39	1	1.008	2	4.003	10050.445778
5	40	1	1.008	2	4.003	131011.342181
5	41	1	1.008	2	4.003	42222.612663
5	42	1	1.008	2	4.003	168903.157768
5	43	1	1.008	2	4.003	126342.381980
5	44	1	1.008	2	4.003	17793.447814
5	46	1	1.008	2	4.003	29414.834522
5	47	1	1.008	2	4.003	11425.863531
5	48	1	1.008	2	4.003	68780.028576
5	49	1	1.008	2	4.003	-20471.581847
5	50	1	1.008	2	4.003	43753.560137
5	51	1	1.008	2	4.003	-5402.090644
5	52	1	1.008	2	4.003	7955.355143
5	57	1	1.008	8	15.999	261.035076
5	58	1	1.008	8	15.999	867.066579
5	59	1	1.008	8	15.999	1052.582253
5	60	1	1.008	8	15.999	755.449034
5	61	1	1.008	8	15.999	500.960053
5	62	1	1.008	8	15.999	224.781442
5	63	1	1.008	8	15.999	59.737941
5	64	1	1.008	8	15.999	-12.218699
5	65	1	1.008	8	15.999	-61.717018
5	66	1	1.008	8	15.999	-164.766986
5	67	1	1.008	8	15.999	-1061.160777
5	68	1	1.008	8	15.999	6710.625722
5	69	1	1.008	8	15.999	3129.158219
5	70	1	1.008	8	15.999	2666.516623
5	71	1	1.008	8	15.999	8752.641594
5	73	1	1.008	8	15.999	4519.450664
5	74	1	1.008	8	15.999	3018.563982
5	75	1	1.008	8	15.999	2399.721393
5	76	1	1.008	8	15.999	3132.293925
5	77	1	1.008	8	15.999	9406.304369
5	78	1	1.008	8	15.999	5537.111006
5	79	1	1.008	8	15.999	9781.286401
5	84	1	1.008	26	55.845	86.283895
5	85	1	1.008	26	55.845	50.895814
5	86	1	1.008	26	55.845	36.302641
5	87	1	1.008	26	55.845	-2.454965
5	88	1	1.008	26	55.845	34.624674
5	89	1	1.008	26	55.845	-83.798249
5	90	1	1.008	26	55.845	414.633182
5	91	1	1.008	26	55.845	-180.195553
5	92	1	1.008	26	55.845	305.236560
5	93	1	1.008	26	55.845	307.612843
5	94	1	1.008	26	55.845	677.100935
5	95	1	1.008	26	55.845	1219.306297
5	96	1	1.008	26	55.845	610.229389
5	97	1	1.008	26	55.845	10.588947
5	100	1	1.008	26	55.845	418.052168
5	101	1	1.008	26	55.845	524.353346
5	102	1	1.008	26	55.845	-785.590244
6	6	1	1.008	1	1.008	82162.112619
6	7	1	1.008	1	1.008	1677.058635
6	8	1	1.008	1	1.008	164514.037034
6	9	1	1.008	1	1.008	196590.600407
6	10	1	1.008	1	1.008	216489.577801
6	11	1	1.008	1	1.008	469048.471391
6	12	1	1.008	1	1.008	683612.201627
6	13	1	1.008	1	1.008	241071.260390
6	14	1	1.008	1	1.008	619308.632944
6	15	1	1.008	1	1.008	813547.869929
6	16	1	1.008	1	1.008	1102175.371999
6	17	1	1.008	1	1.008	138524.350574
6	18	1	1.008	1	1.008	452655.482421
6	19	1	1.008	1	1.008	530349.058556
6	20	1	1.008	1	1.008	318157.894061
6	21	1	1.008	1	1.008	654285.026798
6	22	1	1.008	1	1.008	296713.184541
6	23	1	1.008	1	1.008	425726.105534
6	24	1	1.008	1	1.008	65537.700690
6	30	1	1.008	2	4.003	19491.932961
6	31	1	1.008	2	4.003	17726.656414
6	32	1	1.008	2	4.003	10907.405607
6	33	1	1.008	2	4.003	6834.699474
6	34	1	1.008	2	4.003	2814.759685
6	35	1	1.008	2	4.003	1182.216917
6	36	1	1.008	2	4.003	321.160743
6	37	1	1.008	2	4.003	5556.088225
6	38	1	1.008	2	4.003	12628.102348
6	39	1	1.008	2	4.003	22042.951180
6	40	1	1.008	2	4.003	188157.515186
6	41	1	1.008	2	4.003	69691.584724
6	42	1	1.008	2	4.003	253636.480879
6	43	1	1.008	2	4.003	184671.595543
6	44	1	1.008	2	4.003	29146.512971
6	46	1	1.008	2	4.003	45216.408614
6	47	1	1.008	2	4.003	15053.048314
6	48	1	1.008	2	4.003	104033.820758
6	49	1	1.008	2	4.003	-30902.862504
6	50	1	1.008	2	4.003	64560.429393
6	51	1	1.008	2	4.003	-7301.570810
6	52	1	1.008	2	4.003	10808.287295
6	57	1	1.008	8	15.999	102.253013
6	58	1	1.008	8	15.999	339.469842
6	59	1	1.008	8	15.999	415.359708
6	60	1	1.008	8	15.999	300.115469
6	61	1	1.008	8	15.999	203.043227
6	62	1	1.008	8	15.999	101.658272
6	63	1	1.008	8	15.999	43.582552
6	64	1	1.008	8	15.999	56.169894
6	65	1	1.008	8	15.999	15.160897
6	66	1	1.008	8	15.999	-19.612790
6	67	1	1.008	8	15.999	-1334.202949
6	68	1	1.008	8	15.999	8009.761731
6	69	1	1.008	8	15.999	5561.415715
6	70	1	1.008	8	15.999	3664.429981
6	71	1	1.008	8	15.999	13528.551674
6	73	1	1.008	8	15.999	6908.305261
6	74	1	1.008	8	15.999	4572.362560
6	75	1	1.008	8	15.999	3689.782296
6	76	1	1.008	8	15.999	4960.431959
6	77	1	1.008	8	15.999	14057.268176
6	78	1	1.008	8	15.999	8845.400744
6	79	1	1.008	8	15.999	14208.607823
6	84	1	1.008	26	55.845	34.433500
6	85	1	1.008	26	55.845	20.111781
6	86	1	1.008	26	55.845	17.070321
6	87	1	1.008	26	55.845	1.830577
6	88	1	1.008	26	55.845	37.466729
6	89	1	1.008	26	55.845	-21.789687
6	90	1	1.008	26	55.845	497.182894
6	91	1	1.008	26	55.845	-26.980373
6	92	1	1.008	26	55.845	309.534264
6	93	1	1.008	26	55.845	486.742913
6	94	1	1.008	26	55.845	893.252312
6	95	1	1.008	26	55.845	1732.374871
6	96	1	1.008	26	55.845	900.526169
6	97	1	1.008	26	55.845	11.813850
6	100	1	1.008	26	55.845	532.040805
6	101	1	1.008	26	55.845	796.681059
6	102	1	1.008	26	55.845	-1135.508890
7	7	1	1.008	1	1.008	211198.255455
7	8	1	1.008	1	1.008	-129573.934919
7	9	1	1.008	1	1.008	1054309.802215
7	10	1	1.008	1	1.008	-260359.253688
7	11	1	1.008	1	1.008	1692963.386380
7	12	1	1.008	1	1.008	767259.421449
7	13	1	1.008	1	1.008	742915.946422
7	14	1	1.008	1	1.008	867458.508986
7	15	1	1.008	1	1.008	1772484.558126
7	16	1	1.008	1	1.008	1982452.912049
7	17	1	1.008	1	1.008	302329.701909
7	18	1	1.008	1	1.008	855946.958743
7	19	1	1.008	1	1.008	1009775.724284
7	20	1	1.008	1	1.008	611879.371228
7	21	1	1.008	1	1.008	1248748.607308
7	22	1	1.008	1	1.008	571265.798213
7	23	1	1.008	1	1.008	815025.303896
7	24	1	1.008	1	1.008	127362.466207
7	30	1	1.008	2	4.003	4302.972858
7	31	1	1.008	2	4.003	3545.320063
7	32	1	1.008	2	4.003	2193.314061
7	33	1	1.008	2	4.003	1774.138177
7	34	1	1.008	2	4.003	901.516840
7	35	1	1.008	2	4.003	1330.616548
7	36	1	1.008	2	4.003	1110.117489
7	37	1	1.008	2	4.003	13449.164029
7	38	1	1.008	2	4.003	26406.584414
7	39	1	1.008	2	4.003	25506.224241
7	40	1	1.008	2	4.003	376141.330850
7	41	1	1.008	2	4.003	124259.032037
7	42	1	1.008	2	4.003	478315.442481
7	43	1	1.008	2	4.003	368399.552580
7	44	1	1.008	2	4.003	49658.478271
7	46	1	1.008	2	4.003	87001.407582
7	47	1	1.008	2	4.003	30210.492764
7	48	1	1.008	2	4.003	199167.297371
7	49	1	1.008	2	4.003	-56959.622684
7	50	1	1.008	2	4.003	120477.365868
7	51	1	1.008	2	4.003	-11543.148257
7	52	1	1.008	2	4.003	18081.468421
7	57	1	1.008	8	15.999	17.440072
7	58	1	1.008	8	15.999	58.013842
7	59	1	1.008	8	15.999	74.609198
7	60	1	1.008	8	15.999	58.485786
7	61	1	1.008	8	15.999	46.260145
7	62	1	1.008	8	15.999	44.441131
7	63	1	1.008	8	15.999	39.085932
7	64	1	1.008	8	15.999	149.376391
7	65	1	1.008	8	15.999	50.604427
7	66	1	1.008	8	15.999	537.726881
7	67	1	1.008	8	15.999	-1861.136751
7	68	1	1.008	8	15.999	17037.084933
7	69	1	1.008	8	15.999	10854.540216
7	70	1	1.008	8	15.999	7284.922621
7	71	1	1.008	8	15.999	26788.391252
7	73	1	1.008	8	15.999	13686.465978
7	74	1	1.008	8	15.999	9100.376540
7	75	1	1.008	8	15.999	7348.622993
7	76	1	1.008	8	15.999	10594.847134
7	77	1	1.008	8	15.999	27512.159347
7	78	1	1.008	8	15.999	18111.254513
7	79	1	1.008	8	15.999	26612.823638
7	84	1	1.008	26	55.845	6.948958
7	85	1	1.008	26	55.845	3.740681
7	86	1	1.008	26	55.845	8.329144
7	87	1	1.008	26	55.845	6.678653
7	88	1	1.008	26	55.845	48.791713
7	89	1	1.008	26	55.845	-13.376582
7	90	1	1.008	26	55.845	917.324294
7	91	1	1.008	26	55.845	-68.979829
7	92	1	1.008	26	55.845	568.184134
7	93	1	1.008	26	55.845	936.744249
7	94	1	1.008	26	55.845	1615.074983
7	95	1	1.008	26	55.845	3257.195138
7	96	1	1.008	26	55.845	1710.715291
7	97	1	1.008	26	55.845	22.540092
7	100	1	1.008	26	55.845	908.609834
7	101	1	1.008	26	55.845	1564.087032
7	102	1	1.008	26	55.845	-2110.849159
8	8	1	1.008	1	1.008	1013756.743611
8	9	1	1.008	1	1.008	-877305.359760
8	10	1	1.008	1	1.008	1814566.353291
8	11	1	1.008	1	1.008	-546460.128133
8	12	1	1.008	1	1.008	2564273.375500
8	13	1	1.008	1	1.008	-5604.211773
8	14	1	1.008	1	1.008	1999568.750820
8	15	1	1.008	1	1.008	1444902.103263
8	16	1	1.008	1	1.008	2757046.022078
8	17	1	1.008	1	1.008	212676.075929
8	18	1	1.008	1	1.008	1063454.746195
8	19	1	1.008	1	1.008	1212437.703934
8	20	1	1.008	1	1.008	725799.870747
8	21	1	1.008	1	1.008	1515353.131262
8	22	1	1.008	1	1.008	673421.678684
8	23	1	1.008	1	1.008	981260.958672
8	24	1	1.008	1	1.008	148169.728896
8	30	1	1.008	2	4.003	2921.036154
8	31	1	1.008	2	4.003	2204.283398
8	32	1	1.008	2	4.003	1396.484687
8	33	1	1.008	2	4.003	1193.237131
8	34	1	1.008	2	4.003	721.464981
8	35	1	1.008	2	4.003	1017.813599
8	36	1	1.008	2	4.003	1569.646435
8	37	1	1.008	2	4.003	9650.512019
8	38	1	1.008	2	4.003	27801.160578
8	39	1	1.008	2	4.003	97300.169551
8	40	1	1.008	2	4.003	392407.384878
8	41	1	1.008	2	4.003	190239.274602
8	42	1	1.008	2	4.003	594578.270991
8	43	1	1.008	2	4.003	402658.732621
8	44	1	1.008	2	4.003	79537.332610
8	46	1	1.008	2	4.003	106165.158488
8	47	1	1.008	2	4.003	29817.014727
8	48	1	1.008	2	4.003	242610.983430
8	49	1	1.008	2	4.003	-74899.026815
8	50	1	1.008	2	4.003	152770.140136
8	51	1	1.008	2	4.003	-19352.113604
8	52	1	1.008	2	4.003	27283.089165
8	57	1	1.008	8	15.999	10.981615
8	58	1	1.008	8	15.999	35.605810
8	59	1	1.008	8	15.999	56.903594
8	60	1	1.008	8	15.999	48.897740
8	61	1	1.008	8	15.999	50.264940
8	62	1	1.008	8	15.999	64.456309
8	63	1	1.008	8	15.999	97.660963
8	64	1	1.008	8	15.999	218.180434
8	65	1	1.008	8	15.999	202.546473
8	66	1	1.008	8	15.999	-646.427727
8	67	1	1.008	8	15.999	-3808.849844
8	68	1	1.008	8	15.999	12691.299654
8	69	1	1.008	8	15.999	14056.553876
8	70	1	1.008	8	15.999	7382.425742
8	71	1	1.008	8	15.999	30641.351883
8	73	1	1.008	8	15.999	15478.373301
8	74	1	1.008	8	15.999	10161.739839
8	75	1	1.008	8	15.999	8241.713351
8	76	1	1.008	8	15.999	10226.018705
8	77	1	1.008	8	15.999	31606.350235
8	78	1	1.008	8	15.999	19538.143454
8	79	1	1.008	8	15.999	33198.327588
8	84	1	1.008	26	55.845	6.294095
8	85	1	1.008	26	55.845	2.799885
8	86	1	1.008	26	55.845	13.470004
8	87	1	1.008	26	55.845	10.099118
8	88	1	1.008	26	55.845	107.008910
8	89	1	1.008	26	55.845	92.270142
8	90	1	1.008	26	55.845	1056.611410
8	91	1	1.008	26	55.845	368.935106
8	92	1	1.008	26	55.845	523.238218
8	93	1	1.008	26	55.845	1181.666065
8	94	1	1.008	26	55.845	2016.026870
8	95	1	1.008	26	55.845	3959.135900
8	96	1	1.008	26	55.845	2084.412314
8	97	1	1.008	26	55.845	21.407483
8	100	1	1.008	26	55.845	1253.102531
8	101	1	1.008	26	55.845	1798.928916
8	102	1	1.008	26	55.845	-2668.826187
9	9	1	1.008	1	1.008	14125659.353195
9	10	1	1.008	1	1.008	-5728540.101297
9	11	1	1.008	1	1.008	22113921.085033
9	12	1	1.008	1	1.008	6094721.248930
9	13	1	1.008	1	1.008	9342450.785493
9	14	1	1.008	1	1.008	8108862.474768
9	15	1	1.008	1	1.008	20225381.230411
9	16	1	1.008	1	1.008	21018810.018141
9	17	1	1.008	1	1.008	3540840.406972
9	18	1	1.008	1	1.008	9219673.313101
9	19	1	1.008	1	1.008	10986316.362537
9	20	1	1.008	1	1.008	6649822.340946
9	21	1	1.008	1	1.008	13541049.225224
9	22	1	1.008	1	1.008	6217089.269392
9	23	1	1.008	1	1.008	8847525.527709
9	24	1	1.008	1	1.008	1391939.691442
9	30	1	1.008	2	4.003	10159.373106
9	31	1	1.008	2	4.003	8220.073088
9	32	1	1.008	2	4.003	4843.846400
9	33	1	1.008	2	4.003	8141.018582
9	34	1	1.008	2	4.003	5100.900659
9	35	1	1.008	2	4.003	13606.924703
9	36	1	1.008	2	4.003	11067.031466
9	37	1	1.008	2	4.003	151590.949487
9	38	1	1.008	2	4.003	292341.498344
9	39	1	1.008	2	4.003	113987.114098
9	40	1	1.008	2	4.003	4218568.974928
9	41	1	1.008	2	4.003	1260694.421152
9	42	1	1.008	2	4.003	5190261.391193
9	43	1	1.008	2	4.003	4045971.244388
9	44	1	1.008	2	4.003	514194.068188
9	46	1	1.008	2	4.003	943105.121883
9	47	1	1.008	2	4.003	335979.588826
9	48	1	1.008	2	4.003	2159917.646903
9	49	1	1.008	2	4.003	-609174.999445
9	50	1	1.008	2	4.003	1293393.006801
9	51	1	1.008	2	4.003	-114535.345450
9	52	1	1.008	2	4.003	184928.163377
9	57	1	1.008	8	15.999	7.203648
9	58	1	1.008	8	15.999	22.965799
9	59	1	1.008	8	15.999	78.461240
9	60	1	1.008	8	15.999	96.398144
9	61	1	1.008	8	15.999	123.934908
9	62	1	1.008	8	15.999	264.400879
9	63	1	1.008	8	15.999	244.533719
9	64	1	1.008	8	15.999	1454.581339
9	65	1	1.008	8	15.999	271.948304
9	66	1	1.008	8	15.999	9487.689508
9	67	1	1.008	8	15.999	-16441.197879
9	68	1	1.008	8	15.999	197334.258559
9	69	1	1.008	8	15.999	116673.119851
9	70	1	1.008	8	15.999	82227.766047
9	71	1	1.008	8	15.999	294631.020665
9	73	1	1.008	8	15.999	150995.361086
9	74	1	1.008	8	15.999	100342.860543
9	75	1	1.008	8	15.999	81222.445297
9	76	1	1.008	8	15.999	120301.519464
9	77	1	1.008	8	15.999	301726.889912
9	78	1	1.008	8	15.999	201747.311866
9	79	1	1.008	8	15.999	286180.467592
9	84	1	1.008	26	55.845	13.490652
9	85	1	1.008	26	55.845	5.654336
9	86	1	1.008	26	55.845	52.754340
9	87	1	1.008	26	55.845	70.542746
9	88	1	1.008	26	55.845	365.978983
9	89	1	1.008	26	55.845	-307.666486
9	90	1	1.008	26	55.845	9603.497270
9	91	1	1.008	26	55.845	-1382.491356
9	92	1	1.008	26	55.845	6246.232776
9	93	1	1.008	26	55.845	9970.269273
9	94	1	1.008	26	55.845	17243.113217
9	95	1	1.008	26	55.845	35052.301281
9	96	1	1.008	26	55.845	18493.750651
9	97	1	1.008	26	55.845	246.176733
9	100	1	1.008	26	55.845	9416.929794
9	101	1	1.008	26	55.845	17129.998639
9	102	1	1.008	26	55.845	-22622.795120
10	10	1	1.008	1	1.008	86534612.033439
10	11	1	1.008	1	1.008	-57433475.150578
10	12	1	1.008	1	1.008	107908191.313271
10	13	1	1.008	1	1.008	-17060302.418285
10	14	1	1.008	1	1.008	76755637.545745
10	15	1	1.008	1	1.008	23644184.683640
10	16	1	1.008	1	1.008	82512159.577986
10	17	1	1.008	1	1.008	5149096.146047
10	18	1	1.008	1	1.008	27274529.358930
10	19	1	1.008	1	1.008	33438836.848178
10	20	1	1.008	1	1.008	17983348.141645
10	21	1	1.008	1	1.008	40291452.294891
10	22	1	1.008	1	1.008	16947471.673075
10	23	1	1.008	1	1.008	25924459.881308
10	24	1	1.008	1	1.008	3812528.895453
10	30	1	1.008	2	4.003	7078.277723
10	31	1	1.008	2	4.003	9659.343564
10	32	1	1.008	2	4.003	6003.071258
10	33	1	1.008	2	4.003	7999.814502
10	34	1	1.008	2	4.003	7651.913470
10	35	1	1.008	2	4.003	8936.038733
10	36	1	1.008	2	4.003	31650.721773
10	37	1	1.008	2	4.003	60353.203812
10	38	1	1.008	2	4.003	387979.878708
10	39	1	1.008	2	4.003	2038726.554343
10	40	1	1.008	2	4.003	9563772.224089
10	41	1	1.008	2	4.003	5092797.368451
10	42	1	1.008	2	4.003	17025601.992804
10	43	1	1.008	2	4.003	9331523.298193
10	44	1	1.008	2	4.003	2562363.641981
10	46	1	1.008	2	4.003	2892999.251221
10	47	1	1.008	2	4.003	540584.230164
10	48	1	1.008	2	4.003	6601880.650433
10	49	1	1.008	2	4.003	-2191617.072047
10	50	1	1.008	2	4.003	4068483.256410
10	51	1	1.008	2	4.003	-496460.463822
10	52	1	1.008	2	4.003	678544.193810
10	57	1	1.008	8	15.999	0.470542
10	58	1	1.008	8	15.999	-18.083109
10	59	1	1.008	8	15.999	93.014785
10	60	1	1.008	8	15.999	46.453468
10	61	1	1.008	8	15.999	98.981686
10	62	1	1.008	8	15.999	62.694509
10	63	1	1.008	8	15.999	65.202692
10	64	1	1.008	8	15.999	115.030830
10	65	1	1.008	8	15.999	8218.402409
10	66	1	1.008	8	15.999	43974.806737
10	67	1	1.008	8	15.999	-25638.466808
10	68	1	1.008	8	15.999	254148.003326
10	69	1	1.008	8	15.999	392601.120578
10	70	1	1.008	8	15.999	231945.665074
10	71	1	1.008	8	15.999	847437.590008
10	73	1	1.008	8	15.999	436353.823919
10	74	1	1.008	8	15.999	270064.624554
10	75	1	1.008	8	15.999	235114.660786
10	76	1	1.008	8	15.999	294675.119977
10	77	1	1.008	8	15.999	845770.797019
10	78	1	1.008	8	15.999	563927.182885
10	79	1	1.008	8	15.999	841810.187032
10	84	1	1.008	26	55.845	-28.970750
10	85	1	1.008	26	55.845	-7.902641
10	86	1	1.008	26	55.845	-111.016428
10	87	1	1.008	26	55.845	-74.580975
10	88	1	1.008	26	55.845	-1144.897490
10	89	1	1.008	26	55.845	186.224969
10	90	1	1.008	26	55.845	6801.323821
10	91	1	1.008	26	55.845	13376.965689
10	92	1	1.008	26	55.845	6220.576363
10	93	1	1.008	26	55.845	25740.375143
10	94	1	1.008	26	55.845	49535.674980
10	95	1	1.008	26	55.845	97921.832833
10	96	1	1.008	26	55.845	55378.774735
10	97	1	1.008	26	55.845	88.026650
10	100	1	1.008	26	55.845	27524.592102
10	101	1	1.008	26	55.845	49846.098505
10	102	1	1.008	26	55.845	-67209.463149
11	11	1	1.008	1	1.008	312615477.009011
11	12	1	1.008	1	1.008	-197423497.762232
11	13	1	1.008	1	1.008	144942950.163490
11	14	1	1.008	1	1.008	-108548977.249536
11	15	1	1.008	1	1.008	159973048.078012
11	16	1	1.008	1	1.008	27928600.747653
11	17	1	1.008	1	1.008	20965727.369365
11	18	1	1.008	1	1.008	36325342.925840
11	19	1	1.008	1	1.008	37167318.231486
11	20	1	1.008	1	1.008	26744988.731926
11	21	1	1.008	1	1.008	49175545.430056
11	22	1	1.008	1	1.008	25262530.134979
11	23	1	1.008	1	1.008	32906596.182775
11	24	1	1.008	1	1.008	5786251.940739
11	30	1	1.008	2	4.003	13277.542091
11	31	1	1.008	2	4.003	8549.450407
11	32	1	1.008	2	4.003	2613.794279
11	33	1	1.008	2	4.003	10937.648382
11	34	1	1.008	2	4.003	-4182.220544
11	35	1	1.008	2	4.003	32671.868797
11	36	1	1.008	2	4.003	-80920.392600
11	37	1	1.008	2	4.003	520872.325487
11	38	1	1.008	2	4.003	-4772433.214386
11	39	1	1.008	2	4.003	6255141.251633
11	40	1	1.008	2	4.003	14831423.736977
11	41	1	1.008	2	4.003	6540589.146614
11	42	1	1.008	2	4.003	11349992.990790
11	43	1	1.008	2	4.003	22970358.166661
11	44	1	1.008	2	4.003	-1420114.019064
11	46	1	1.008	2	4.003	3592986.526002
11	47	1	1.008	2	4.003	1853587.131699
11	48	1	1.008	2	4.003	7685845.331115
11	49	1	1.008	2	4.003	-1561262.803792
11	50	1	1.008	2	4.003	4161581.891755
11	51	1	1.008	2	4.003	-7505.279826
11	52	1	1.008	2	4.003	288337.172220
11	57	1	1.008	8	15.999	-17.551704
11	58	1	1.008	8	15.999	-14.171518
11	59	1	1.008	8	15.999	-79.155677
11	60	1	1.008	8	15.999	53.178772
11	61	1	1.008	8	15.999	-261.478041
11	62	1	1.008	8	15.999	448.571973
11	63	1	1.008	8	15.999	-1969.940002
11	64	1	1.008	8	15.999	8696.607815
11	65	1	1.008	8	15.999	-44004.731525
11	66	1	1.008	8	15.999	297245.721048
11	67	1	1.008	8	15.999	-195726.471985
11	68	1	1.008	8	15.999	1792735.192845
11	69	1	1.008	8	15.999	238973.094392
11	70	1	1.008	8	15.999	360285.198293
11	71	1	1.008	8	15.999	1118196.615423
11	73	1	1.008	8	15.999	579907.286923
11	74	1	1.008	8	15.999	434953.971728
11	75	1	1.008	8	15.999	326985.442329
11	76	1	1.008	8	15.999	607891.284700
11	77	1	1.008	8	15.999	1211856.449103
11	78	1	1.008	8	15.999	884544.945743
11	79	1	1.008	8	15.999	991394.840900
11	84	1	1.008	26	55.845	-16.555385
11	85	1	1.008	26	55.845	8.553423
11	86	1	1.008	26	55.845	-38.093861
11	87	1	1.008	26	55.845	93.850780
11	88	1	1.008	26	55.845	-519.205658
11	89	1	1.008	26	55.845	-4556.715425
11	90	1	1.008	26	55.845	87579.433392
11	91	1	1.008	26	55.845	-67523.585498
11	92	1	1.008	26	55.845	61735.460100
11	93	1	1.008	26	55.845	41056.836166
11	94	1	1.008	26	55.845	69508.535265
11	95	1	1.008	26	55.845	144587.195777
11	96	1	1.008	26	55.845	71212.471391
11	97	1	1.008	26	55.845	1404.220398
11	100	1	1.008	26	55.845	29964.232612
11	101	1	1.008	26	55.845	72507.348021
11	102	1	1.008	26	55.845	-76069.292935
12	12	1	1.008	1	1.008	1143064769.498939
12	13	1	1.008	1	1.008	-360365800.334958
12	14	1	1.008	1	1.008	934785447.501274
12	15	1	1.008	1	1.008	73563976.202032
12	16	1	1.008	1	1.008	789565723.139706
12	17	1	1.008	1	1.008	55555406.394271
12	18	1	1.008	1	1.008	217272642.477327
12	19	1	1.008	1	1.008	315641907.012862
12	20	1	1.008	1	1.008	154170195.576671
12	21	1	1.008	1	1.008	359930868.381703
12	22	1	1.008	1	1.008	148279151.492771
12	23	1	1.008	1	1.008	231425986.043145
12	24	1	1.008	1	1.008	33358881.533051
12	30	1	1.008	2	4.003	27146.971701
12	31	1	1.008	2	4.003	23181.293957
12	32	1	1.008	2	4.003	19052.489440
12	33	1	1.008	2	4.003	13593.532880
12	34	1	1.008	2	4.003	30378.769296
12	35	1	1.008	2	4.003	-8916.404168
12	36	1	1.008	2	4.003	210026.669764
12	37	1	1.008	2	4.003	-514997.852673
12	38	1	1.008	2	4.003	14304431.921484
12	39	1	1.008	2	4.003	-42017379.552686
12	40	1	1.008	2	4.003	144105589.084993
12	41	1	1.008	2	4.003	1382620.474980
12	42	1	1.008	2	4.003	187626278.880472
12	43	1	1.008	2	4.003	58653435.803464
12	44	1	1.008	2	4.003	34401655.331372
12	46	1	1.008	2	4.003	24731488.874181
12	47	1	1.008	2	4.003	4738064.369889
12	48	1	1.008	2	4.003	58964674.257190
12	49	1	1.008	2	4.003	-20569344.224055
12	50	1	1.008	2	4.003	36547213.486139
12	51	1	1.008	2	4.003	-4552470.818335
12	52	1	1.008	2	4.003	6103604.147827
12	57	1	1.008	8	15.999	-35.534975
12	58	1	1.008	8	15.999	-114.597694
12	59	1	1.008	8	15.999	-679.657879
12	60	1	1.008	8	15.999	-880.050516
12	61	1	1.008	8	15.999	-991.191807
12	62	1	1.008	8	15.999	-2561.596919
12	63	1	1.008	8	15.999	-1963.933995
12	64	1	1.008	8	15.999	-16902.859892
12	65	1	1.008	8	15.999	49176.269849
12	66	1	1.008	8	15.999	-374303.969818
12	67	1	1.008	8	15.999	13664.007268
12	68	1	1.008	8	15.999	2036420.657635
12	69	1	1.008	8	15.999	3215829.600665
12	70	1	1.008	8	15.999	2547990.100918
12	71	1	1.008	8	15.999	7456629.106400
12	73	1	1.008	8	15.999	3987306.892204
12	74	1	1.008	8	15.999	2378580.802562
12	75	1	1.008	8	15.999	2158459.883715
12	76	1	1.008	8	15.999	2657810.665624
12	77	1	1.008	8	15.999	7573186.878446
12	78	1	1.008	8	15.999	5068447.485705
12	79	1	1.008	8	15.999	7429747.887028
12	84	1	1.008	26	55.845	62.640331
12	85	1	1.008	26	55.845	-109.893321
12	86	1	1.008	26	55.845	34.632308
12	87	1	1.008	26	55.845	-670.993383
12	88	1	1.008	26	55.845	1728.903441
12	89	1	1.008	26	55.845	-16454.661918
12	90	1	1.008	26	55.845	15753.105961
12	91	1	1.008	26	55.845	132641.503840
12	92	1	1.008	26	55.845	52619.515923
12	93	1	1.008	26	55.845	188835.479507
12	94	1	1.008	26	55.845	460230.163836
12	95	1	1.008	26	55.845	844174.484932
12	96	1	1.008	26	55.845	495197.376530
12	97	1	1.008	26	55.845	-1123.229757
12	100	1	1.008	26	55.845	238238.380820
12	101	1	1.008	26	55.845	444558.998355
12	102	1	1.008	26	55.845	-592424.019051
13	13	1	1.008	1	1.008	1513584617.996706
13	14	1	1.008	1	1.008	-781157379.803732
13	15	1	1.008	1	1.008	1724903908.124990
13	16	1	1.008	1	1.008	668314454.661260
13	17	1	1.008	1	1.008	323855037.470652
13	18	1	1.008	1	1.008	432040373.505125
13	19	1	1.008	1	1.008	423847496.000430
13	20	1	1.008	1	1.008	337503520.716418
13	21	1	1.008	1	1.008	555865416.542920
13	22	1	1.008	1	1.008	287489554.369281
13	23	1	1.008	1	1.008	371198509.813003
13	24	1	1.008	1	1.008	60424021.443593
13	30	1	1.008	2	4.003	58359.942052
13	31	1	1.008	2	4.003	98271.137355
13	32	1	1.008	2	4.003	56871.050365
13	33	1	1.008	2	4.003	97159.831704
13	34	1	1.008	2	4.003	78842.334064
13	35	1	1.008	2	4.003	138058.979052
13	36	1	1.008	2	4.003	293537.205426
13	37	1	1.008	2	4.003	1133239.230698
13	38	1	1.008	2	4.003	9345225.800399
13	39	1	1.008	2	4.003	-425259.324965
13	40	1	1.008	2	4.003	161294096.535424
13	41	1	1.008	2	4.003	131586314.629721
13	42	1	1.008	2	4.003	136845224.612228
13	43	1	1.008	2	4.003	248728852.874028
13	44	1	1.008	2	4.003	-25800723.632808
13	46	1	1.008	2	4.003	35579116.266249
13	47	1	1.008	2	4.003	24242087.533921
13	48	1	1.008	2	4.003	85099948.066673
13	49	1	1.008	2	4.003	-16444143.487948
13	50	1	1.008	2	4.003	51196911.347473
13	51	1	1.008	2	4.003	-2889534.636885
13	52	1	1.008	2	4.003	5988627.158696
13	57	1	1.008	8	15.999	2.016356
13	58	1	1.008	8	15.999	-94.498129
13	59	1	1.008	8	15.999	59.106660
13	60	1	1.008	8	15.999	-207.833774
13	61	1	1.008	8	15.999	486.827858
13	62	1	1.008	8	15.999	-976.906366
13	63	1	1.008	8	15.999	3835.723704
13	64	1	1.008	8	15.999	-17518.607216
13	65	1	1.008	8	15.999	90977.729669
13	66	1	1.008	8	15.999	-410704.250110
13	67	1	1.008	8	15.999	-551372.559108
13	68	1	1.008	8	15.999	4005085.973730
13	69	1	1.008	8	15.999	7701968.255507
13	70	1	1.008	8	15.999	1199981.585123
13	71	1	1.008	8	15.999	14002800.035083
13	73	1	1.008	8	15.999	6240171.465784
13	74	1	1.008	8	15.999	4294346.355551
13	75	1	1.008	8	15.999	2827700.395346
13	76	1	1.008	8	15.999	4748768.821461
13	77	1	1.008	8	15.999	12375290.223302
13	78	1	1.008	8	15.999	8255185.341329
13	79	1	1.008	8	15.999	12634141.895881
13	84	1	1.008	26	55.845	47.371448
13	85	1	1.008	26	55.845	49.331733
13	86	1	1.008	26	55.845	236.875609
13	87	1	1.008	26	55.845	558.120232
13	88	1	1.008	26	55.845	65.810866
13	89	1	1.008	26	55.845	12157.380570
13	90	1	1.008	26	55.845	-80721.024985
13	91	1	1.008	26	55.845	320395.208274
13	92	1	1.008	26	55.845	-175361.149512
13	93	1	1.008	26	55.845	702195.007405
13	94	1	1.008	26	55.845	453438.989948
13	95	1	1.008	26	55.845	1694259.781896
13	96	1	1.008	26	55.845	678289.564985
13	97	1	1.008	26	55.845	51587.430998
13	100	1	1.008	26	55.845	429670.358861
13	101	1	1.008	26	55.845	732155.496167
13	102	1	1.008	26	55.845	-1002551.851275
14	14	1	1.008	1	1.008	3426847967.399969
14	15	1	1.008	1	1.008	-1419004041.191800
14	16	1	1.008	1	1.008	2560617979.843966
14	17	1	1.008	1	1.008	-305629770.637195
14	18	1	1.008	1	1.008	619456849.615055
14	19	1	1.008	1	1.008	701370946.814912
14	20	1	1.008	1	1.008	294097570.726715
14	21	1	1.008	1	1.008	851784132.630529
14	22	1	1.008	1	1.008	291898415.831391
14	23	1	1.008	1	1.008	530955826.646992
14	24	1	1.008	1	1.008	65824700.901017
14	30	1	1.008	2	4.003	69619.367898
14	31	1	1.008	2	4.003	110022.119574
14	32	1	1.008	2	4.003	63128.957004
14	33	1	1.008	2	4.003	106847.013962
14	34	1	1.008	2	4.003	82416.258642
14	35	1	1.008	2	4.003	154627.047178
14	36	1	1.008	2	4.003	286607.700563
14	37	1	1.008	2	4.003	1297029.963410
14	38	1	1.008	2	4.003	11313383.067202
14	39	1	1.008	2	4.003	-13133676.516833
14	40	1	1.008	2	4.003	211667733.654102
14	41	1	1.008	2	4.003	37699041.358829
14	42	1	1.008	2	4.003	482071048.864857
14	43	1	1.008	2	4.003	49568614.231230
14	44	1	1.008	2	4.003	127866471.716781
14	46	1	1.008	2	4.003	65890017.783779
14	47	1	1.008	2	4.003	-9755246.912686
14	48	1	1.008	2	4.003	147434314.083052
14	49	1	1.008	2	4.003	-64155637.671476
14	50	1	1.008	2	4.003	98839707.822966
14	51	1	1.008	2	4.003	-19900318.377047
14	52	1	1.008	2	4.003	23217838.985502
14	57	1	1.008	8	15.999	-35.770872
14	58	1	1.008	8	15.999	-77.459014
14	59	1	1.008	8	15.999	-170.778867
14	60	1	1.008	8	15.999	-62.182335
14	61	1	1.008	8	15.999	-428.216751
14	62	1	1.008	8	15.999	178.393287
14	63	1	1.008	8	15.999	-2820.847740
14	64	1	1.008	8	15.999	7156.292861
14	65	1	1.008	8	15.999	-23246.379791
14	66	1	1.008	8	15.999	529860.448043
14	67	1	1.008	8	15.999	-4960184.602960
14	68	1	1.008	8	15.999	13692981.842052
14	69	1	1.008	8	15.999	893764.673883
14	70	1	1.008	8	15.999	8668650.118638
14	71	1	1.008	8	15.999	11887184.081679
14	73	1	1.008	8	15.999	7871469.607544
14	74	1	1.008	8	15.999	4316430.109006
14	75	1	1.008	8	15.999	4581729.186985
14	76	1	1.008	8	15.999	2715613.765077
14	77	1	1.008	8	15.999	15429730.452650
14	78	1	1.008	8	15.999	8969728.175572
14	79	1	1.008	8	15.999	18404232.366866
14	84	1	1.008	26	55.845	143.874590
14	85	1	1.008	26	55.845	-52.415892
14	86	1	1.008	26	55.845	395.750039
14	87	1	1.008	26	55.845	-22.493424
14	88	1	1.008	26	55.845	3412.159759
14	89	1	1.008	26	55.845	-12972.383068
14	90	1	1.008	26	55.845	164707.050901
14	91	1	1.008	26	55.845	-372466.970814
14	92	1	1.008	26	55.845	503817.046968
14	93	1	1.008	26	55.845	-4474.371460
14	94	1	1.008	26	55.845	1364647.320999
14	95	1	1.008	26	55.845	1686588.109264
14	96	1	1.008	26	55.845	1226931.880226
14	97	1	1.008	26	55.845	-46977.612888
14	100	1	1.008	26	55.845	656676.163184
14	101	1	1.008	26	55.845	863963.978592
14	102	1	1.008	26	55.845	-1515781.169811
15	15	1	1.008	1	1.008	11283449712.678675
15	16	1	1.008	1	1.008	-433947209.762696
15	17	1	1.008	1	1.008	3446210234.219248
15	18	1	1.008	1	1.008	594599138.489165
15	19	1	1.008	1	1.008	1976035791.446846
15	20	1	1.008	1	1.008	1299066218.532196
15	21	1	1.008	1	1.008	1858527349.814904
15	22	1	1.008	1	1.008	1176966949.377560
15	23	1	1.008	1	1.008	1330871620.855174
15	24	1	1.008	1	1.008	215724721.831544
15	30	1	1.008	2	4.003	192606.109237
15	31	1	1.008	2	4.003	324835.716148
15	32	1	1.008	2	4.003	193093.722790
15	33	1	1.008	2	4.003	317045.066331
15	34	1	1.008	2	4.003	280128.869009
15	35	1	1.008	2	4.003	422843.088128
15	36	1	1.008	2	4.003	1153829.554089
15	37	1	1.008	2	4.003	3011217.151337
15	38	1	1.008	2	4.003	44692983.454078
15	39	1	1.008	2	4.003	-75689245.685123
15	40	1	1.008	2	4.003	883275414.846203
15	41	1	1.008	2	4.003	110476667.178168
15	42	1	1.008	2	4.003	506933830.432969
15	43	1	1.008	2	4.003	1040619186.023499
15	44	1	1.008	2	4.003	-222705523.882135
15	46	1	1.008	2	4.003	67857499.021491
15	47	1	1.008	2	4.003	182474186.728537
15	48	1	1.008	2	4.003	243297848.234157
15	49	1	1.008	2	4.003	-12904765.528088
15	50	1	1.008	2	4.003	149438256.194705
15	51	1	1.008	2	4.003	9458595.088894
15	52	1	1.008	2	4.003	625391.343450
15	57	1	1.008	8	15.999	32.000983
15	58	1	1.008	8	15.999	-483.887080
15	59	1	1.008	8	15.999	2965.579646
15	60	1	1.008	8	15.999	2117.735621
15	61	1	1.008	8	15.999	5334.127645
15	62	1	1.008	8	15.999	4519.209038
15	63	1	1.008	8	15.999	18726.164870
15	64	1	1.008	8	15.999	-13928.498377
15	65	1	1.008	8	15.999	298013.175874
15	66	1	1.008	8	15.999	-516546.688004
15	67	1	1.008	8	15.999	7317955.688846
15	68	1	1.008	8	15.999	-39184683.732766
15	69	1	1.008	8	15.999	54652943.418072
15	70	1	1.008	8	15.999	-10981327.299627
15	71	1	1.008	8	15.999	64320280.598496
15	73	1	1.008	8	15.999	22822033.637912
15	74	1	1.008	8	15.999	16610702.253466
15	75	1	1.008	8	15.999	8870615.972678
15	76	1	1.008	8	15.999	19521520.259955
15	77	1	1.008	8	15.999	45089419.528492
15	78	1	1.008	8	15.999	30885955.532481
15	79	1	1.008	8	15.999	45274006.269634
15	84	1	1.008	26	55.845	470.796520
15	85	1	1.008	26	55.845	124.871873
15	86	1	1.008	26	55.845	1759.379689
15	87	1	1.008	26	55.845	2325.871043
15	88	1	1.008	26	55.845	8327.899706
15	89	1	1.008	26	55.845	10089.767192
15	90	1	1.008	26	55.845	210931.474170
15	91	1	1.008	26	55.845	2717510.871831
15	92	1	1.008	26	55.845	-1591002.183744
15	93	1	1.008	26	55.845	3283916.181693
15	94	1	1.008	26	55.845	874048.367708
15	95	1	1.008	26	55.845	6458795.052588
15	96	1	1.008	26	55.845	2104820.790902
15	97	1	1.008	26	55.845	317740.880907
15	100	1	1.008	26	55.845	1474637.651303
15	101	1	1.008	26	55.845	2717965.687575
15	102	1	1.008	26	55.845	-3538971.269815
16	16	1	1.008	1	1.008	12789781272.177031
16	17	1	1.008	1	1.008	-5558457265.531287
16	18	1	1.008	1	1.008	5113628664.235970
16	19	1	1.008	1	1.008	1346195987.271032
16	20	1	1.008	1	1.008	1215594115.251011
16	21	1	1.008	1	1.008	3673268544.087654
16	22	1	1.008	1	1.008	887504933.741691
16	23	1	1.008	1	1.008	2054992068.433111
16	24	1	1.008	1	1.008	307562700.581951
16	30	1	1.008	2	4.003	252946.113541
16	31	1	1.008	2	4.003	431460.441589
16	32	1	1.008	2	4.003	247431.505322
16	33	1	1.008	2	4.003	425556.732343
16	34	1	1.008	2	4.003	336023.721038
16	35	1	1.008	2	4.003	612461.536512
16	36	1	1.008	2	4.003	1206082.938439
16	37	1	1.008	2	4.003	5128291.141306
16	38	1	1.008	2	4.003	41947176.956456
16	39	1	1.008	2	4.003	-38560432.556251
16	40	1	1.008	2	4.003	880411578.704075
16	41	1	1.008	2	4.003	678242413.476101
16	42	1	1.008	2	4.003	293471708.687717
16	43	1	1.008	2	4.003	785209261.268170
16	44	1	1.008	2	4.003	276637176.544521
16	46	1	1.008	2	4.003	432224131.754450
16	47	1	1.008	2	4.003	-256409504.166604
16	48	1	1.008	2	4.003	716145328.284839
16	49	1	1.008	2	4.003	-301143982.342131
16	50	1	1.008	2	4.003	419732339.344240
16	51	1	1.008	2	4.003	-96191055.017197
16	52	1	1.008	2	4.003	114020629.602578
16	57	1	1.008	8	15.999	-55.053464
16	58	1	1.008	8	15.999	-416.698950
16	59	1	1.008	8	15.999	1575.895808
16	60	1	1.008	8	15.999	1459.826602
16	61	1	1.008	8	15.999	2437.451003
16	62	1	1.008	8	15.999	4145.870279
16	63	1	1.008	8	15.999	5193.942330
16	64	1	1.008	8	15.999	17015.090353
16	65	1	1.008	8	15.999	71395.316283
16	66	1	1.008	8	15.999	1238358.165927
16	67	1	1.008	8	15.999	-12807059.759647
16	68	1	1.008	8	15.999	67971906.349160
16	69	1	1.008	8	15.999	7972124.447845
16	70	1	1.008	8	15.999	36664579.604764
16	71	1	1.008	8	15.999	49504787.838366
16	73	1	1.008	8	15.999	37007653.011212
16	74	1	1.008	8	15.999	17754162.439385
16	75	1	1.008	8	15.999	21796337.091557
16	76	1	1.008	8	15.999	16843436.981847
16	77	1	1.008	8	15.999	65536231.656355
16	78	1	1.008	8	15.999	41657624.099043
16	79	1	1.008	8	15.999	66764351.677348
16	84	1	1.008	26	55.845	577.309408
16	85	1	1.008	26	55.845	39.623407
16	86	1	1.008	26	55.845	1963.960870
16	87	1	1.008	26	55.845	1817.140947
16	88	1	1.008	26	55.845	11930.730860
16	89	1	1.008	26	55.845	-8845.723744
16	90	1	1.008	26	55.845	568071.448745
16	91	1	1.008	26	55.845	-1020637.354658
16	92	1	1.008	26	55.845	-425744.936775
16	93	1	1.008	26	55.845	1194407.121395
16	94	1	1.008	26	55.845	4504167.538098
16	95	1	1.008	26	55.845	6675902.120327
16	96	1	1.008	26	55.845	4841573.447821
16	97	1	1.008	26	55.845	-254451.930118
16	100	1	1.008	26	55.845	2341779.714998
16	101	1	1.008	26	55.845	3731354.738279
16	102	1	1.008	26	55.845	-5479708.428779
17	17	1	1.008	1	1.008	19323617503.058823
17	18	1	1.008	1	1.008	-9446144398.859255
17	19	1	1.008	1	1.008	5179230114.162082
17	20	1	1.008	1	1.008	203962438.265727
17	21	1	1.008	1	1.008	-1879955711.026438
17	22	1	1.008	1	1.008	740049826.510584
17	23	1	1.008	1	1.008	-425368603.259848
17	24	1	1.008	1	1.008	-157353487.786878
17	30	1	1.008	2	4.003	14693.102722
17	31	1	1.008	2	4.003	13773.388085
17	32	1	1.008	2	4.003	13719.620673
17	33	1	1.008	2	4.003	5942.570965
17	34	1	1.008	2	4.003	27318.675772
17	35	1	1.008	2	4.003	-21966.967022
17	36	1	1.008	2	4.003	212334.089756
17	37	1	1.008	2	4.003	-627931.169915
17	38	1	1.008	2	4.003	11856195.048686
17	39	1	1.008	2	4.003	-47388738.415982
17	40	1	1.008	2	4.003	239881076.417285
17	41	1	1.008	2	4.003	-250886071.983789
17	42	1	1.008	2	4.003	1164801394.326582
17	43	1	1.008	2	4.003	-2030506550.190334
17	44	1	1.008	2	4.003	-7133610.198148
17	46	1	1.008	2	4.003	-807842250.735949
17	47	1	1.008	2	4.003	840281150.243679
17	48	1	1.008	2	4.003	-651132003.825741
17	49	1	1.008	2	4.003	310611650.511853
17	50	1	1.008	2	4.003	-289621818.938687
17	51	1	1.008	2	4.003	139581172.156572
17	52	1	1.008	2	4.003	-157855278.901840
17	57	1	1.008	8	15.999	55.951012
17	58	1	1.008	8	15.999	9.045991
17	59	1	1.008	8	15.999	350.356599
17	60	1	1.008	8	15.999	-162.441176
17	61	1	1.008	8	15.999	985.976805
17	62	1	1.008	8	15.999	-1433.899033
17	63	1	1.008	8	15.999	6427.697682
17	64	1	1.008	8	15.999	-28176.531792
17	65	1	1.008	8	15.999	151237.091833
17	66	1	1.008	8	15.999	-1166394.891561
17	67	1	1.008	8	15.999	9599289.662428
17	68	1	1.008	8	15.999	-37670986.092156
17	69	1	1.008	8	15.999	35616875.438879
17	70	1	1.008	8	15.999	-730929.979282
17	71	1	1.008	8	15.999	40239512.499086
17	73	1	1.008	8	15.999	3509335.884978
17	74	1	1.008	8	15.999	-2367184.054714
17	75	1	1.008	8	15.999	-11793913.208839
17	76	1	1.008	8	15.999	5192637.169048
17	77	1	1.008	8	15.999	-13152307.454162
17	78	1	1.008	8	15.999	-7522805.451533
17	79	1	1.008	8	15.999	-12677344.162141
17	84	1	1.008	26	55.845	-345.158435
17	85	1	1.008	26	55.845	-85.861794
17	86	1	1.008	26	55.845	-1223.481001
17	87	1	1.008	26	55.845	-1499.066357
17	88	1	1.008	26	55.845	-7239.071448
17	89	1	1.008	26	55.845	11321.771036
17	90	1	1.008	26	55.845	-462350.763806
17	91	1	1.008	26	55.845	-1888824.115143
17	92	1	1.008	26	55.845	1643714.621979
17	93	1	1.008	26	55.845	-6186105.773722
17	94	1	1.008	26	55.845	-2454250.780603
17	95	1	1.008	26	55.845	-1180552.670206
17	96	1	1.008	26	55.845	-4038084.332628
17	97	1	1.008	26	55.845	1055470.778090
17	100	1	1.008	26	55.845	-742527.886302
17	101	1	1.008	26	55.845	-699290.825268
17	102	1	1.008	26	55.845	1335390.818582
18	18	1	1.008	1	1.008	28576203851.952682
18	19	1	1.008	1	1.008	-13149852474.482670
18	20	1	1.008	1	1.008	4617936045.049264
18	21	1	1.008	1	1.008	5584217791.984313
18	22	1	1.008	1	1.008	-145926439.424406
18	23	1	1.008	1	1.008	1263841194.896585
18	24	1	1.008	1	1.008	744031500.180467
18	30	1	1.008	2	4.003	116032.486437
18	31	1	1.008	2	4.003	201983.379492
18	32	1	1.008	2	4.003	114076.864741
18	33	1	1.008	2	4.003	201969.508468
18	34	1	1.008	2	4.003	152868.975119
18	35	1	1.008	2	4.003	300021.615518
18	36	1	1.008	2	4.003	515240.312153
18	37	1	1.008	2	4.003	2649584.132745
18	38	1	1.008	2	4.003	16521265.272429
18	39	1	1.008	2	4.003	-2169627.299242
18	40	1	1.008	2	4.003	334531136.415759
18	41	1	1.008	2	4.003	429470444.190417
18	42	1	1.008	2	4.003	-522629802.118444
18	43	1	1.008	2	4.003	2211228586.226430
18	44	1	1.008	2	4.003	-2455863421.121111
18	46	1	1.008	2	4.003	1915673666.815902
18	47	1	1.008	2	4.003	-1817636175.203469
18	48	1	1.008	2	4.003	1507198154.992210
18	49	1	1.008	2	4.003	-181064866.958694
18	50	1	1.008	2	4.003	480850971.385574
18	51	1	1.008	2	4.003	-186796106.627950
18	52	1	1.008	2	4.003	257046032.524556
18	57	1	1.008	8	15.999	-69.919867
18	58	1	1.008	8	15.999	-293.621367
18	59	1	1.008	8	15.999	730.047825
18	60	1	1.008	8	15.999	875.733596
18	61	1	1.008	8	15.999	898.217669
18	62	1	1.008	8	15.999	2922.140271
18	63	1	1.008	8	15.999	46.460830
18	64	1	1.008	8	15.999	22185.409760
18	65	1	1.008	8	15.999	-34165.488917
18	66	1	1.008	8	15.999	1192239.623415
18	67	1	1.008	8	15.999	-10746058.594368
18	68	1	1.008	8	15.999	43439668.397892
18	69	1	1.008	8	15.999	-9252060.606456
18	70	1	1.008	8	15.999	18376862.817365
18	71	1	1.008	8	15.999	-6158719.154875
18	73	1	1.008	8	15.999	55296879.352770
18	74	1	1.008	8	15.999	26574575.754254
18	75	1	1.008	8	15.999	8295559.188792
18	76	1	1.008	8	15.999	23982286.314015
18	77	1	1.008	8	15.999	61265515.784462
18	78	1	1.008	8	15.999	50738698.603371
18	79	1	1.008	8	15.999	52463539.158681
18	84	1	1.008	26	55.845	542.686393
18	85	1	1.008	26	55.845	122.053596
18	86	1	1.008	26	55.845	1927.900670
18	87	1	1.008	26	55.845	2351.401433
18	88	1	1.008	26	55.845	10345.890961
18	89	1	1.008	26	55.845	-4216.443523
18	90	1	1.008	26	55.845	569082.935254
18	91	1	1.008	26	55.845	1341657.218469
18	92	1	1.008	26	55.845	-1763810.188887
18	93	1	1.008	26	55.845	6383570.775486
18	94	1	1.008	26	55.845	-8498923.683342
18	95	1	1.008	26	55.845	14296353.881454
18	96	1	1.008	26	55.845	-584435.112907
18	97	1	1.008	26	55.845	399000.701906
18	100	1	1.008	26	55.845	2041462.034877
18	101	1	1.008	26	55.845	4510167.284990
18	102	1	1.008	26	55.845	-4571372.379855
19	19	1	1.008	1	1.008	47164307958.920563
19	20	1	1.008	1	1.008	-10856816320.889259
19	21	1	1.008	1	1.008	-1594549150.732493
19	22	1	1.008	1	1.008	4309732119.444783
19	23	1	1.008	1	1.008	4069812562.746200
19	24	1	1.008	1	1.008	-929039352.541318
19	30	1	1.008	2	4.003	109065.648822
19	31	1	1.008	2	4.003	180508.351005
19	32	1	1.008	2	4.003	107482.828771
19	33	1	1.008	2	4.003	174448.800823
19	34	1	1.008	2	4.003	154030.970450
19	35	1	1.008	2	4.003	231078.500311
19	36	1	1.008	2	4.003	634194.416234
19	37	1	1.008	2	4.003	1629756.571975
19	38	1	1.008	2	4.003	25149079.443302
19	39	1	1.008	2	4.003	-39587527.128595
19	40	1	1.008	2	4.003	454230811.491719
19	41	1	1.008	2	4.003	154772950.762264
19	42	1	1.008	2	4.003	702015866.013828
19	43	1	1.008	2	4.003	-223043178.426129
19	44	1	1.008	2	4.003	916943851.946157
19	46	1	1.008	2	4.003	-3019489694.674829
19	47	1	1.008	2	4.003	3776223710.057379
19	48	1	1.008	2	4.003	-1665767634.507439
19	49	1	1.008	2	4.003	-855334340.717966
19	50	1	1.008	2	4.003	263309709.194008
19	51	1	1.008	2	4.003	142863471.095201
19	52	1	1.008	2	4.003	-269607157.041229
19	57	1	1.008	8	15.999	67.507186
19	58	1	1.008	8	15.999	-179.188918
19	59	1	1.008	8	15.999	2187.383118
19	60	1	1.008	8	15.999	1575.109514
19	61	1	1.008	8	15.999	3808.896405
19	62	1	1.008	8	15.999	3198.577853
19	63	1	1.008	8	15.999	13112.482963
19	64	1	1.008	8	15.999	-9982.399510
19	65	1	1.008	8	15.999	214704.435964
19	66	1	1.008	8	15.999	-511601.162794
19	67	1	1.008	8	15.999	4677878.567193
19	68	1	1.008	8	15.999	11861641.427860
19	69	1	1.008	8	15.999	18038439.703140
19	70	1	1.008	8	15.999	13829442.662758
19	71	1	1.008	8	15.999	59353379.010999
19	73	1	1.008	8	15.999	-35787106.605638
19	74	1	1.008	8	15.999	-1766685.860263
19	75	1	1.008	8	15.999	82664640.907378
19	76	1	1.008	8	15.999	-6935602.653550
19	77	1	1.008	8	15.999	61039460.710036
19	78	1	1.008	8	15.999	-2063696.566507
19	79	1	1.008	8	15.999	92855414.962037
19	84	1	1.008	26	55.845	511.510729
19	85	1	1.008	26	55.845	-225.654626
19	86	1	1.008	26	55.845	1389.044944
19	87	1	1.008	26	55.845	-772.963066
19	88	1	1.008	26	55.845	16487.659684
19	89	1	1.008	26	55.845	-56759.614753
19	90	1	1.008	26	55.845	791116.004242
19	91	1	1.008	26	55.845	-3705542.158459
19	92	1	1.008	26	55.845	6544314.071718
19	93	1	1.008	26	55.845	-11271490.390871
19	94	1	1.008	26	55.845	24546972.963622
19	95	1	1.008	26	55.845	-39321098.154880
19	96	1	1.008	26	55.845	22839075.351452
19	97	1	1.008	26	55.845	-6105507.502424
19	100	1	1.008	26	55.845	4781834.107992
19	101	1	1.008	26	55.845	-839447.245282
19	102	1	1.008	26	55.845	-7064180.838023
20	20	1	1.008	1	1.008	46482435285.755951
20	21	1	1.008	1	1.008	-5074240965.809488
20	22	1	1.008	1	1.008	5851187936.851767
20	23	1	1.008	1	1.008	-6263289494.181744
20	24	1	1.008	1	1.008	3098892866.166456
20	30	1	1.008	2	4.003	70104.243630
20	31	1	1.008	2	4.003	119097.572579
20	32	1	1.008	2	4.003	69940.692719
20	33	1	1.008	2	4.003	117248.633370
20	34	1	1.008	2	4.003	99991.322625
20	35	1	1.008	2	4.003	161049.383597
20	36	1	1.008	2	4.003	395756.160736
20	37	1	1.008	2	4.003	1218832.608494
20	38	1	1.008	2	4.003	15116768.845251
20	39	1	1.008	2	4.003	-23765743.595590
20	40	1	1.008	2	4.003	304272758.298103
20	41	1	1.008	2	4.003	5466889.113218
20	42	1	1.008	2	4.003	452426817.540083
20	43	1	1.008	2	4.003	15069821.395887
20	44	1	1.008	2	4.003	-117879135.293641
20	46	1	1.008	2	4.003	-4456163610.554879
20	47	1	1.008	2	4.003	-1392540067.324763
20	48	1	1.008	2	4.003	274885545.452118
20	49	1	1.008	2	4.003	3871120564.457323
20	50	1	1.008	2	4.003	-1549696208.670125
20	51	1	1.008	2	4.003	560883743.585059
20	52	1	1.008	2	4.003	-266556696.373045
20	57	1	1.008	8	15.999	-42.619764
20	58	1	1.008	8	15.999	-243.510777
20	59	1	1.008	8	15.999	635.483775
20	60	1	1.008	8	15.999	595.714514
20	61	1	1.008	8	15.999	985.325795
20	62	1	1.008	8	15.999	1774.623527
20	63	1	1.008	8	15.999	2127.114023
20	64	1	1.008	8	15.999	8100.984176
20	65	1	1.008	8	15.999	18943.493508
20	66	1	1.008	8	15.999	480643.702012
20	67	1	1.008	8	15.999	-3157072.619772
20	68	1	1.008	8	15.999	1670102.268744
20	69	1	1.008	8	15.999	13207256.700117
20	70	1	1.008	8	15.999	7475189.924812
20	71	1	1.008	8	15.999	25417960.554697
20	73	1	1.008	8	15.999	115286377.350747
20	74	1	1.008	8	15.999	94574313.363812
20	75	1	1.008	8	15.999	-180228104.386699
20	76	1	1.008	8	15.999	115947476.037059
20	77	1	1.008	8	15.999	-8708532.962845
20	78	1	1.008	8	15.999	81616016.135145
20	79	1	1.008	8	15.999	-39270964.397802
20	84	1	1.008	26	55.845	224.986725
20	85	1	1.008	26	55.845	171.475833
20	86	1	1.008	26	55.845	970.770738
20	87	1	1.008	26	55.845	2095.641266
20	88	1	1.008	26	55.845	1650.728213
20	89	1	1.008	26	55.845	20160.793300
20	90	1	1.008	26	55.845	49090.447741
20	91	1	1.008	26	55.845	3086585.771770
20	92	1	1.008	26	55.845	-3645776.610953
20	93	1	1.008	26	55.845	7407619.436847
20	94	1	1.008	26	55.845	-15353026.834116
20	95	1	1.008	26	55.845	38567594.097784
20	96	1	1.008	26	55.845	-40422125.527449
20	97	1	1.008	26	55.845	12589001.824460
20	100	1	1.008	26	55.845	-5416665.532197
20	101	1	1.008	26	55.845	9336004.191927
20	102	1	1.008	26	55.845	4236931.616081
21	21	1	1.008	1	1.008	55189776875.490036
21	22	1	1.008	1	1.008	-30044577432.265457
21	23	1	1.008	1	1.008	11193155734.095705
21	24	1	1.008	1	1.008	-3303142775.550519
21	30	1	1.008	2	4.003	144927.883460
21	31	1	1.008	2	4.003	247858.024735
21	32	1	1.008	2	4.003	144227.817786
21	33	1	1.008	2	4.003	245022.678593
21	34	1	1.008	2	4.003	203396.271924
21	35	1	1.008	2	4.003	343266.444190
21	36	1	1.008	2	4.003	778781.001618
21	37	1	1.008	2	4.003	2707010.219854
21	38	1	1.008	2	4.003	28692936.528253
21	39	1	1.008	2	4.003	-31867954.007688
21	40	1	1.008	2	4.003	536250966.369988
21	41	1	1.008	2	4.003	286823710.279629
21	42	1	1.008	2	4.003	408811949.258378
21	43	1	1.008	2	4.003	818145170.450533
21	44	1	1.008	2	4.003	-203420793.127212
21	46	1	1.008	2	4.003	3303933029.463932
21	47	1	1.008	2	4.003	-15611271194.321125
21	48	1	1.008	2	4.003	9581324502.660204
21	49	1	1.008	2	4.003	-2581966473.147795
21	50	1	1.008	2	4.003	95379386.117330
21	51	1	1.008	2	4.003	-317535567.981953
21	52	1	1.008	2	4.003	177927661.707044
21	57	1	1.008	8	15.999	23.411661
21	58	1	1.008	8	15.999	-339.180876
21	59	1	1.008	8	15.999	2670.030412
21	60	1	1.008	8	15.999	2246.244495
21	61	1	1.008	8	15.999	4370.275946
21	62	1	1.008	8	15.999	5533.272995
21	63	1	1.008	8	15.999	12582.302032
21	64	1	1.008	8	15.999	9641.886441
21	65	1	1.008	8	15.999	167337.081077
21	66	1	1.008	8	15.999	311697.340239
21	67	1	1.008	8	15.999	-81859.018725
21	68	1	1.008	8	15.999	21217335.528279
21	69	1	1.008	8	15.999	22595525.440964
21	70	1	1.008	8	15.999	8480075.752818
21	71	1	1.008	8	15.999	72808008.336877
21	73	1	1.008	8	15.999	170517380.705238
21	74	1	1.008	8	15.999	151442863.383278
21	75	1	1.008	8	15.999	-57032768.763001
21	76	1	1.008	8	15.999	129854132.057634
21	77	1	1.008	8	15.999	81472876.129976
21	78	1	1.008	8	15.999	140295851.181260
21	79	1	1.008	8	15.999	-36047882.725729
21	84	1	1.008	26	55.845	697.225819
21	85	1	1.008	26	55.845	-23.067546
21	86	1	1.008	26	55.845	2271.951509
21	87	1	1.008	26	55.845	1483.387531
21	88	1	1.008	26	55.845	16979.419414
21	89	1	1.008	26	55.845	-33782.685089
21	90	1	1.008	26	55.845	815761.117016
21	91	1	1.008	26	55.845	30652.333707
21	92	1	1.008	26	55.845	1628132.916893
21	93	1	1.008	26	55.845	-726592.994527
21	94	1	1.008	26	55.845	5955217.796182
21	95	1	1.008	26	55.845	2310869.625872
21	96	1	1.008	26	55.845	1554708.287410
21	97	1	1.008	26	55.845	-9555061.112887
21	100	1	1.008	26	55.845	-4427984.919899
21	101	1	1.008	26	55.845	10598124.782505
21	102	1	1.008	26	55.845	3745094.448043
22	22	1	1.008	1	1.008	79963360567.509216
22	23	1	1.008	1	1.008	-23519572057.283176
22	24	1	1.008	1	1.008	11849704998.266369
22	30	1	1.008	2	4.003	64221.387205
22	31	1	1.008	2	4.003	108206.718667
22	32	1	1.008	2	4.003	63838.582211
22	33	1	1.008	2	4.003	105926.521074
22	34	1	1.008	2	4.003	91396.182062
22	35	1	1.008	2	4.003	143818.770557
22	36	1	1.008	2	4.003	366672.596999
22	37	1	1.008	2	4.003	1065372.615257
22	38	1	1.008	2	4.003	14203234.101735
22	39	1	1.008	2	4.003	-21646787.761796
22	40	1	1.008	2	4.003	269664037.789832
22	41	1	1.008	2	4.003	33388728.161858
22	42	1	1.008	2	4.003	385211076.312031
22	43	1	1.008	2	4.003	221628937.375656
22	44	1	1.008	2	4.003	129954015.669274
22	46	1	1.008	2	4.003	-1364045859.357950
22	47	1	1.008	2	4.003	10193327100.965834
22	48	1	1.008	2	4.003	-19138500369.871731
22	49	1	1.008	2	4.003	9822127655.546774
22	50	1	1.008	2	4.003	-1627026188.751090
22	51	1	1.008	2	4.003	1492253951.360804
22	52	1	1.008	2	4.003	-727163306.659752
22	57	1	1.008	8	15.999	-16.161982
22	58	1	1.008	8	15.999	-199.830613
22	59	1	1.008	8	15.999	844.869734
22	60	1	1.008	8	15.999	697.731065
22	61	1	1.008	8	15.999	1382.543206
22	62	1	1.008	8	15.999	1784.374211
22	63	1	1.008	8	15.999	3930.377102
22	64	1	1.008	8	15.999	3435.410907
22	65	1	1.008	8	15.999	53248.345323
22	66	1	1.008	8	15.999	211655.660491
22	67	1	1.008	8	15.999	-1313354.688178
22	68	1	1.008	8	15.999	5415607.265623
22	69	1	1.008	8	15.999	9351006.971120
22	70	1	1.008	8	15.999	-8155494.150815
22	71	1	1.008	8	15.999	14188332.822834
22	73	1	1.008	8	15.999	-168498866.069435
22	74	1	1.008	8	15.999	270553021.702169
22	75	1	1.008	8	15.999	85436136.775128
22	76	1	1.008	8	15.999	-52029631.900375
22	77	1	1.008	8	15.999	-18656593.361007
22	78	1	1.008	8	15.999	-160170791.762190
22	79	1	1.008	8	15.999	219350529.649830
22	84	1	1.008	26	55.845	293.812319
22	85	1	1.008	26	55.845	52.811922
22	86	1	1.008	26	55.845	1035.185584
22	87	1	1.008	26	55.845	1183.864381
22	88	1	1.008	26	55.845	5763.016617
22	89	1	1.008	26	55.845	-3301.184032
22	90	1	1.008	26	55.845	272385.708196
22	91	1	1.008	26	55.845	1092746.346982
22	92	1	1.008	26	55.845	-672298.947552
22	93	1	1.008	26	55.845	3082048.820139
22	94	1	1.008	26	55.845	-2198200.244447
22	95	1	1.008	26	55.845	12331295.655467
22	96	1	1.008	26	55.845	9003587.021568
22	97	1	1.008	26	55.845	-20992857.596940
22	100	1	1.008	26	55.845	20819547.135367
22	101	1	1.008	26	55.845	-8725332.242480
22	102	1	1.008	26	55.845	-17490058.455178
23	23	1	1.008	1	1.008	114701429581.766846
23	24	1	1.008	1	1.008	-51009130283.409813
23	30	1	1.008	2	4.003	93830.333508
23	31	1	1.008	2	4.003	159014.551336
23	32	1	1.008	2	4.003	93086.782342
23	33	1	1.008	2	4.003	156260.921842
23	34	1	1.008	2	4.003	131781.814158
23	35	1	1.008	2	4.003	215867.246518
23	36	1	1.008	2	4.003	514592.682532
23	37	1	1.008	2	4.003	1659215.567302
23	38	1	1.008	2	4.003	19417636.228525
23	39	1	1.008	2	4.003	-24884290.497671
23	40	1	1.008	2	4.003	362287207.181509
23	41	1	1.008	2	4.003	148179944.651220
23	42	1	1.008	2	4.003	360628444.608615
23	43	1	1.008	2	4.003	451202335.526720
23	44	1	1.008	2	4.003	72914779.119888
23	46	1	1.008	2	4.003	-559145279.458732
23	47	1	1.008	2	4.003	1201318356.620406
23	48	1	1.008	2	4.003	1747257400.543834
23	49	1	1.008	2	4.003	-35562162222.492790
23	50	1	1.008	2	4.003	4448174053.304869
23	51	1	1.008	2	4.003	-2564439173.821953
23	52	1	1.008	2	4.003	-1212833631.683632
23	57	1	1.008	8	15.999	2.759465
23	58	1	1.008	8	15.999	-222.633233
23	59	1	1.008	8	15.999	1395.011293
23	60	1	1.008	8	15.999	1144.809315
23	61	1	1.008	8	15.999	2315.626351
23	62	1	1.008	8	15.999	2803.239142
23	63	1	1.008	8	15.999	6839.152940
23	64	1	1.008	8	15.999	3587.395097
23	65	1	1.008	8	15.999	96558.000187
23	66	1	1.008	8	15.999	187479.525199
23	67	1	1.008	8	15.999	-996655.726662
23	68	1	1.008	8	15.999	12555257.981169
23	69	1	1.008	8	15.999	12810175.892410
23	70	1	1.008	8	15.999	1058737.704488
23	71	1	1.008	8	15.999	35186846.414193
23	73	1	1.008	8	15.999	43828371.731256
23	74	1	1.008	8	15.999	-86645425.002672
23	75	1	1.008	8	15.999	245029676.495996
23	76	1	1.008	8	15.999	308230079.792363
23	77	1	1.008	8	15.999	411636062.862871
23	78	1	1.008	8	15.999	472057986.584191
23	79	1	1.008	8	15.999	-44717325.693596
23	84	1	1.008	26	55.845	470.691916
23	85	1	1.008	26	55.845	-10.169621
23	86	1	1.008	26	55.845	1533.798568
23	87	1	1.008	26	55.845	1034.584130
23	88	1	1.008	26	55.845	11326.490989
23	89	1	1.008	26	55.845	-21894.207198
23	90	1	1.008	26	55.845	542806.764817
23	91	1	1.008	26	55.845	120014.213166
23	92	1	1.008	26	55.845	1028660.614388
23	93	1	1.008	26	55.845	-10588.723298
23	94	1	1.008	26	55.845	4338074.864758
23	95	1	1.008	26	55.845	1723997.744281
23	96	1	1.008	26	55.845	11682543.528561
23	97	1	1.008	26	55.845	-7350687.526031
23	100	1	1.008	26	55.845	-20816116.487974
23	101	1	1.008	26	55.845	12402291.256012
23	102	1	1.008	26	55.845	8112044.288045
24	24	1	1.008	1	1.008	82946949116.810379
24	30	1	1.008	2	4.003	14542.206092
24	31	1	1.008	2	4.003	25711.919908
24	32	1	1.008	2	4.003	14841.275063
24	33	1	1.008	2	4.003	25895.192822
24	34	1	1.008	2	4.003	21217.385942
24	35	1	1.008	2	4.003	37051.650106
24	36	1	1.008	2	4.003	79795.417603
24	37	1	1.008	2	4.003	300343.736698
24	38	1	1.008	2	4.003	2792053.453913
24	39	1	1.008	2	4.003	-2216172.001854
24	40	1	1.008	2	4.003	52520917.263546
24	41	1	1.008	2	4.003	15716128.357314
24	42	1	1.008	2	4.003	57851410.515601
24	43	1	1.008	2	4.003	85198904.385256
24	44	1	1.008	2	4.003	-26585067.991103
24	46	1	1.008	2	4.003	133049588.802718
24	47	1	1.008	2	4.003	-331696975.328522
24	48	1	1.008	2	4.003	-218052399.758466
24	49	1	1.008	2	4.003	13182213707.330332
24	50	1	1.008	2	4.003	-26110252385.839977
24	51	1	1.008	2	4.003	11492404894.517338
24	52	1	1.008	2	4.003	-5004517421.042583
24	57	1	1.008	8	15.999	17.636647
24	58	1	1.008	8	15.999	-36.678138
24	59	1	1.008	8	15.999	715.629439
24	60	1	1.008	8	15.999	632.972953
24	61	1	1.008	8	15.999	1122.447960
24	62	1	1.008	8	15.999	1568.612052
24	63	1	1.008	8	15.999	3026.066835
24	64	1	1.008	8	15.999	4267.833573
24	65	1	1.008	8	15.999	33042.073755
24	66	1	1.008	8	15.999	53603.572409
24	67	1	1.008	8	15.999	1161232.520712
24	68	1	1.008	8	15.999	3284782.753535
24	69	1	1.008	8	15.999	2490585.067949
24	70	1	1.008	8	15.999	29204.502827
24	71	1	1.008	8	15.999	6285449.799742
24	73	1	1.008	8	15.999	-13401719.065248
24	74	1	1.008	8	15.999	57499907.879826
24	75	1	1.008	8	15.999	-78155807.500213
24	76	1	1.008	8	15.999	336432908.069210
24	77	1	1.008	8	15.999	-777545090.494321
24	78	1	1.008	8	15.999	-263832399.880242
24	79	1	1.008	8	15.999	-322880523.999018
24	84	1	1.008	26	55.845	53.499124
24	85	1	1.008	26	55.845	14.928904
24	86	1	1.008	26	55.845	201.548815
24	87	1	1.008	26	55.845	273.918987
24	88	1	1.008	26	55.845	964.177208
24	89	1	1.008	26	55.845	453.236536
24	90	1	1.008	26	55.845	46008.564560
24	91	1	1.008	26	55.845	189319.184997
24	92	1	1.008	26	55.845	-156995.002559
24	93	1	1.008	26	55.845	703342.363357
24	94	1	1.008	26	55.845	-771499.817420
24	95	1	1.008	26	55.845	3521829.955809
24	96	1	1.008	26	55.845	-1780159.843727
24	97	1	1.008	26	55.845	621862.918811
24	100	1	1.008	26	55.845	-12849012.061307
24	101	1	1.008	26	55.845	24408646.282731
24	102	1	1.008	26	55.845	34924965.509057
30	30	2	4.003	2	4.003	43861.583861
30	31	2	4.003	2	4.003	22474.176543
30	32	2	4.003	2	4.003	19745.409877
30	33	2	4.003	2	4.003	10871.855550
30	34	2	4.003	2	4.003	7238.251244
30	35	2	4.003	2	4.003	4244.845653
30	36	2	4.003	2	4.003	10780.038997
30	37	2	4.003	2	4.003	21545.401474
30	38	2	4.003	2	4.003	13790.890580
30	39	2	4.003	2	4.003	91554.791336
30	40	2	4.003	2	4.003	8276.933860
30	41	2	4.003	2	4.003	45117.055056
30	42	2	4.003	2	4.003	37196.762419
30	43	2	4.003	2	4.003	51460.111769
30	44	2	4.003	2	4.003	1270.726821
30	46	2	4.003	2	4.003	10912.591838
30	47	2	4.003	2	4.003	2603.366589
30	48	2	4.003	2	4.003	23527.383707
30	49	2	4.003	2	4.003	-6880.822750
30	50	2	4.003	2	4.003	14444.783445
30	51	2	4.003	2	4.003	-1773.440691
30	52	2	4.003	2	4.003	2704.443012
30	57	2	4.003	8	15.999	141.708218
30	58	2	4.003	8	15.999	471.017807
30	59	2	4.003	8	15.999	569.010355
30	60	2	4.003	8	15.999	408.246909
30	61	2	4.003	8	15.999	269.691261
30	62	2	4.003	8	15.999	118.329888
30	63	2	4.003	8	15.999	28.246807
30	64	2	4.003	8	15.999	-25.900436
30	65	2	4.003	8	15.999	-14.815960
30	66	2	4.003	8	15.999	-251.089840
30	67	2	4.003	8	15.999	143.257359
30	68	2	4.003	8	15.999	1372.526063
30	69	2	4.003	8	15.999	1593.467125
30	70	2	4.003	8	15.999	596.648860
30	71	2	4.003	8	15.999	3218.682349
30	73	2	4.003	8	15.999	1572.612813
30	74	2	4.003	8	15.999	1037.361429
30	75	2	4.003	8	15.999	843.913093
30	76	2	4.003	8	15.999	1180.545621
30	77	2	4.003	8	15.999	3235.740563
30	78	2	4.003	8	15.999	1915.243031
30	79	2	4.003	8	15.999	3173.224445
30	84	2	4.003	26	55.845	46.547355
30	85	2	4.003	26	55.845	27.493540
30	86	2	4.003	26	55.845	18.847435
30	87	2	4.003	26	55.845	-2.243119
30	88	2	4.003	26	55.845	12.141487
30	89	2	4.003	26	55.845	-47.718548
30	90	2	4.003	26	55.845	115.491825
30	91	2	4.003	26	55.845	-0.178002
30	92	2	4.003	26	55.845	72.233507
30	93	2	4.003	26	55.845	136.151101
30	94	2	4.003	26	55.845	218.235803
30	95	2	4.003	26	55.845	424.677847
30	96	2	4.003	26	55.845	205.490506
30	97	2	4.003	26	55.845	3.739129
30	100	2	4.003	26	55.845	146.511178
30	101	2	4.003	26	55.845	182.828444
30	102	2	4.003	26	55.845	-253.546751
31	31	2	4.003	2	4.003	35350.232896
31	32	2	4.003	2	4.003	13406.257658
31	33	2	4.003	2	4.003	16406.230777
31	34	2	4.003	2	4.003	6665.949979
31	35	2	4.003	2	4.003	10333.420308
31	36	2	4.003	2	4.003	14347.129449
31	37	2	4.003	2	4.003	47594.117412
31	38	2	4.003	2	4.003	12169.403810
31	39	2	4.003	2	4.003	185105.491150
31	40	2	4.003	2	4.003	-6707.917843
31	41	2	4.003	2	4.003	93447.603384
31	42	2	4.003	2	4.003	53510.775581
31	43	2	4.003	2	4.003	91973.313526
31	44	2	4.003	2	4.003	51.743448
31	46	2	4.003	2	4.003	19563.032613
31	47	2	4.003	2	4.003	3265.155006
31	48	2	4.003	2	4.003	40695.008589
31	49	2	4.003	2	4.003	-11567.989942
31	50	2	4.003	2	4.003	23682.896393
31	51	2	4.003	2	4.003	-2355.995439
31	52	2	4.003	2	4.003	3839.839744
31	57	2	4.003	8	15.999	129.727590
31	58	2	4.003	8	15.999	430.780130
31	59	2	4.003	8	15.999	523.405981
31	60	2	4.003	8	15.999	375.214756
31	61	2	4.003	8	15.999	248.802988
31	62	2	4.003	8	15.999	110.120891
31	63	2	4.003	8	15.999	28.910679
31	64	2	4.003	8	15.999	-18.259573
31	65	2	4.003	8	15.999	23.380516
31	66	2	4.003	8	15.999	-356.514471
31	67	2	4.003	8	15.999	605.797532
31	68	2	4.003	8	15.999	1229.881121
31	69	2	4.003	8	15.999	3417.317165
31	70	2	4.003	8	15.999	773.810769
31	71	2	4.003	8	15.999	5957.099439
31	73	2	4.003	8	15.999	2842.571471
31	74	2	4.003	8	15.999	1850.965694
31	75	2	4.003	8	15.999	1546.534736
31	76	2	4.003	8	15.999	2353.925787
31	77	2	4.003	8	15.999	5646.877080
31	78	2	4.003	8	15.999	3673.317599
31	79	2	4.003	8	15.999	5098.771326
31	84	2	4.003	26	55.845	42.814667
31	85	2	4.003	26	55.845	25.258465
31	86	2	4.003	26	55.845	17.619588
31	87	2	4.003	26	55.845	-1.726513
31	88	2	4.003	26	55.845	13.552450
31	89	2	4.003	26	55.845	-45.923358
31	90	2	4.003	26	55.845	150.125327
31	91	2	4.003	26	55.845	116.040619
31	92	2	4.003	26	55.845	50.172588
31	93	2	4.003	26	55.845	254.812645
31	94	2	4.003	26	55.845	310.094116
31	95	2	4.003	26	55.845	683.188984
31	96	2	4.003	26	55.845	343.641976
31	97	2	4.003	26	55.845	4.646443
31	100	2	4.003	26	55.845	201.622591
31	101	2	4.003	26	55.845	324.031353
31	102	2	4.003	26	55.845	-402.049005
32	32	2	4.003	2	4.003	15127.448256
32	33	2	4.003	2	4.003	5406.704764
32	34	2	4.003	2	4.003	6535.033690
32	35	2	4.003	2	4.003	2820.810233
32	36	2	4.003	2	4.003	12675.305647
32	37	2	4.003	2	4.003	20087.177681
32	38	2	4.003	2	4.003	17078.677513
32	39	2	4.003	2	4.003	88605.119356
32	40	2	4.003	2	4.003	11087.512243
32	41	2	4.003	2	4.003	43197.883394
32	42	2	4.003	2	4.003	37847.837344
32	43	2	4.003	2	4.003	50715.877608
32	44	2	4.003	2	4.003	1585.389775
32	46	2	4.003	2	4.003	11017.907346
32	47	2	4.003	2	4.003	2377.596010
32	48	2	4.003	2	4.003	23522.166140
32	49	2	4.003	2	4.003	-6697.229027
32	50	2	4.003	2	4.003	13921.541324
32	51	2	4.003	2	4.003	-1429.292445
32	52	2	4.003	2	4.003	2291.020629
32	57	2	4.003	8	15.999	79.804259
32	58	2	4.003	8	15.999	265.054021
32	59	2	4.003	8	15.999	321.685550
32	60	2	4.003	8	15.999	230.637814
32	61	2	4.003	8	15.999	152.765853
32	62	2	4.003	8	15.999	67.488921
32	63	2	4.003	8	15.999	17.105114
32	64	2	4.003	8	15.999	-11.401799
32	65	2	4.003	8	15.999	3.995494
32	66	2	4.003	8	15.999	-168.781397
32	67	2	4.003	8	15.999	190.248944
32	68	2	4.003	8	15.999	1222.059759
32	69	2	4.003	8	15.999	1706.651823
32	70	2	4.003	8	15.999	594.130046
32	71	2	4.003	8	15.999	3328.573512
32	73	2	4.003	8	15.999	1627.811902
32	74	2	4.003	8	15.999	1067.658375
32	75	2	4.003	8	15.999	880.584598
32	76	2	4.003	8	15.999	1313.433669
32	77	2	4.003	8	15.999	3263.899723
32	78	2	4.003	8	15.999	2090.509718
32	79	2	4.003	8	15.999	3027.545823
32	84	2	4.003	26	55.845	26.313075
32	85	2	4.003	26	55.845	15.530411
32	86	2	4.003	26	55.845	10.784422
32	87	2	4.003	26	55.845	-1.098634
32	88	2	4.003	26	55.845	7.925261
32	89	2	4.003	26	55.845	-28.100944
32	90	2	4.003	26	55.845	91.370694
32	91	2	4.003	26	55.845	36.492058
32	92	2	4.003	26	55.845	46.937627
32	93	2	4.003	26	55.845	138.641745
32	94	2	4.003	26	55.845	191.074454
32	95	2	4.003	26	55.845	402.237110
32	96	2	4.003	26	55.845	200.882311
32	97	2	4.003	26	55.845	3.081736
32	100	2	4.003	26	55.845	121.678405
32	101	2	4.003	26	55.845	186.910786
32	102	2	4.003	26	55.845	-239.563491
33	33	2	4.003	2	4.003	14338.714368
33	34	2	4.003	2	4.003	1943.591800
33	35	2	4.003	2	4.003	12812.641594
33	36	2	4.003	2	4.003	9463.519877
33	37	2	4.003	2	4.003	54279.662410
33	38	2	4.003	2	4.003	1210.264663
33	39	2	4.003	2	4.003	199519.375669
33	40	2	4.003	2	4.003	-21494.483550
33	41	2	4.003	2	4.003	103407.151043
33	42	2	4.003	2	4.003	46104.212002
33	43	2	4.003	2	4.003	93532.848906
33	44	2	4.003	2	4.003	-1334.455578
33	46	2	4.003	2	4.003	19917.284645
33	47	2	4.003	2	4.003	2453.918850
33	48	2	4.003	2	4.003	40514.666390
33	49	2	4.003	2	4.003	-11336.442437
33	50	2	4.003	2	4.003	22813.676315
33	51	2	4.003	2	4.003	-1930.264691
33	52	2	4.003	2	4.003	3315.737123
33	57	2	4.003	8	15.999	48.603845
33	58	2	4.003	8	15.999	161.292196
33	59	2	4.003	8	15.999	196.960999
33	60	2	4.003	8	15.999	141.479682
33	61	2	4.003	8	15.999	94.822700
33	62	2	4.003	8	15.999	43.840066
33	63	2	4.003	8	15.999	15.220572
33	64	2	4.003	8	15.999	2.358890
33	65	2	4.003	8	15.999	56.865498
33	66	2	4.003	8	15.999	-294.673967
33	67	2	4.003	8	15.999	853.167873
33	68	2	4.003	8	15.999	423.526684
33	69	2	4.003	8	15.999	3839.931227
33	70	2	4.003	8	15.999	574.151003
33	71	2	4.003	8	15.999	6159.824629
33	73	2	4.003	8	15.999	2890.649785
33	74	2	4.003	8	15.999	1870.825175
33	75	2	4.003	8	15.999	1583.989715
33	76	2	4.003	8	15.999	2508.871944
33	77	2	4.003	8	15.999	5628.013787
33	78	2	4.003	8	15.999	3868.176910
33	79	2	4.003	8	15.999	4842.343748
33	84	2	4.003	26	55.845	16.156086
33	85	2	4.003	26	55.845	9.485453
33	86	2	4.003	26	55.845	7.076535
33	87	2	4.003	26	55.845	-0.153701
33	88	2	4.003	26	55.845	8.706183
33	89	2	4.003	26	55.845	-19.471777
33	90	2	4.003	26	55.845	117.075705
33	91	2	4.003	26	55.845	193.370665
33	92	2	4.003	26	55.845	0.124130
33	93	2	4.003	26	55.845	265.945350
33	94	2	4.003	26	55.845	263.318145
33	95	2	4.003	26	55.845	644.737060
33	96	2	4.003	26	55.845	334.315984
33	97	2	4.003	26	55.845	3.339556
33	100	2	4.003	26	55.845	166.843534
33	101	2	4.003	26	55.845	326.027961
33	102	2	4.003	26	55.845	-378.562179
34	34	2	4.003	2	4.003	10095.411649
34	35	2	4.003	2	4.003	-2085.034219
34	36	2	4.003	2	4.003	25551.451268
34	37	2	4.003	2	4.003	13698.727806
34	38	2	4.003	2	4.003	42496.750553
34	39	2	4.003	2	4.003	86700.790004
34	40	2	4.003	2	4.003	43944.260067
34	41	2	4.003	2	4.003	39896.108871
34	42	2	4.003	2	4.003	65746.640117
34	43	2	4.003	2	4.003	66052.914640
34	44	2	4.003	2	4.003	5348.758377
34	46	2	4.003	2	4.003	15155.671427
34	47	2	4.003	2	4.003	3827.214266
34	48	2	4.003	2	4.003	33059.150511
34	49	2	4.003	2	4.003	-9193.218478
34	50	2	4.003	2	4.003	19244.480267
34	51	2	4.003	2	4.003	-1643.536751
34	52	2	4.003	2	4.003	2744.417287
34	57	2	4.003	8	15.999	19.365984
34	58	2	4.003	8	15.999	64.280448
34	59	2	4.003	8	15.999	78.615446
34	60	2	4.003	8	15.999	56.680339
34	61	2	4.003	8	15.999	38.217132
34	62	2	4.003	8	15.999	18.663774
34	63	2	4.003	8	15.999	6.950056
34	64	2	4.003	8	15.999	8.242492
34	65	2	4.003	8	15.999	20.130934
34	66	2	4.003	8	15.999	-37.314923
34	67	2	4.003	8	15.999	88.188085
34	68	2	4.003	8	15.999	2288.568276
34	69	2	4.003	8	15.999	2128.019265
34	70	2	4.003	8	15.999	1049.482080
34	71	2	4.003	8	15.999	4628.638215
34	73	2	4.003	8	15.999	2327.420774
34	74	2	4.003	8	15.999	1534.258822
34	75	2	4.003	8	15.999	1259.009562
34	76	2	4.003	8	15.999	1931.417877
34	77	2	4.003	8	15.999	4603.056467
34	78	2	4.003	8	15.999	3129.054285
34	79	2	4.003	8	15.999	4187.153796
34	84	2	4.003	26	55.845	6.472098
34	85	2	4.003	26	55.845	3.790225
34	86	2	4.003	26	55.845	3.011701
34	87	2	4.003	26	55.845	0.201505
34	88	2	4.003	26	55.845	4.857749
34	89	2	4.003	26	55.845	-9.447425
34	90	2	4.003	26	55.845	98.917997
34	91	2	4.003	26	55.845	58.364826
34	92	2	4.003	26	55.845	56.077777
34	93	2	4.003	26	55.845	183.856223
34	94	2	4.003	26	55.845	245.222572
34	95	2	4.003	26	55.845	541.426754
34	96	2	4.003	26	55.845	279.047289
34	97	2	4.003	26	55.845	3.879373
34	100	2	4.003	26	55.845	141.316007
34	101	2	4.003	26	55.845	266.832646
34	102	2	4.003	26	55.845	-329.408262
35	35	2	4.003	2	4.003	29024.022153
35	36	2	4.003	2	4.003	-10257.705117
35	37	2	4.003	2	4.003	114118.723694
35	38	2	4.003	2	4.003	-51119.876173
35	39	2	4.003	2	4.003	375518.391978
35	40	2	4.003	2	4.003	-107577.391608
35	41	2	4.003	2	4.003	202344.903686
35	42	2	4.003	2	4.003	30032.721465
35	43	2	4.003	2	4.003	145314.736919
35	44	2	4.003	2	4.003	-9767.300150
35	46	2	4.003	2	4.003	29886.968402
35	47	2	4.003	2	4.003	827.595454
35	48	2	4.003	2	4.003	57633.199624
35	49	2	4.003	2	4.003	-16008.460955
35	50	2	4.003	2	4.003	31028.793682
35	51	2	4.003	2	4.003	-2244.629261
35	52	2	4.003	2	4.003	4145.732583
35	57	2	4.003	8	15.999	4.986890
35	58	2	4.003	8	15.999	16.314779
35	59	2	4.003	8	15.999	22.078841
35	60	2	4.003	8	15.999	16.540155
35	61	2	4.003	8	15.999	13.597567
35	62	2	4.003	8	15.999	10.484680
35	63	2	4.003	8	15.999	12.899797
35	64	2	4.003	8	15.999	18.619201
35	65	2	4.003	8	15.999	141.494517
35	66	2	4.003	8	15.999	-562.747189
35	67	2	4.003	8	15.999	2086.663273
35	68	2	4.003	8	15.999	-2186.684638
35	69	2	4.003	8	15.999	6925.338989
35	70	2	4.003	8	15.999	29.133464
35	71	2	4.003	8	15.999	9396.778308
35	73	2	4.003	8	15.999	4204.893203
35	74	2	4.003	8	15.999	2681.614504
35	75	2	4.003	8	15.999	2331.998802
35	76	2	4.003	8	15.999	3853.772693
35	77	2	4.003	8	15.999	7997.611602
35	78	2	4.003	8	15.999	5750.856589
35	79	2	4.003	8	15.999	6405.339426
35	84	2	4.003	26	55.845	1.916985
35	85	2	4.003	26	55.845	1.003312
35	86	2	4.003	26	55.845	1.838505
35	87	2	4.003	26	55.845	1.042731
35	88	2	4.003	26	55.845	9.682033
35	89	2	4.003	26	55.845	-6.731257
35	90	2	4.003	26	55.845	128.969102
35	91	2	4.003	26	55.845	456.318082
35	92	2	4.003	26	55.845	-108.163679
35	93	2	4.003	26	55.845	424.537746
35	94	2	4.003	26	55.845	296.886135
35	95	2	4.003	26	55.845	865.644256
35	96	2	4.003	26	55.845	461.437277
35	97	2	4.003	26	55.845	2.256729
35	100	2	4.003	26	55.845	196.757573
35	101	2	4.003	26	55.845	467.131307
35	102	2	4.003	26	55.845	-495.113482
36	36	2	4.003	2	4.003	154483.605514
36	37	2	4.003	2	4.003	-91931.761003
36	38	2	4.003	2	4.003	359265.647972
36	39	2	4.003	2	4.003	-44872.665830
36	40	2	4.003	2	4.003	463976.194440
36	41	2	4.003	2	4.003	-67137.691556
36	42	2	4.003	2	4.003	383335.086337
36	43	2	4.003	2	4.003	197531.336141
36	44	2	4.003	2	4.003	51308.977064
36	46	2	4.003	2	4.003	51347.418565
36	47	2	4.003	2	4.003	23355.597897
36	48	2	4.003	2	4.003	123782.371119
36	49	2	4.003	2	4.003	-34158.580297
36	50	2	4.003	2	4.003	75299.451316
36	51	2	4.003	2	4.003	-6601.583088
36	52	2	4.003	2	4.003	10614.314122
36	57	2	4.003	8	15.999	-1.885040
36	58	2	4.003	8	15.999	-6.157042
36	59	2	4.003	8	15.999	-6.650559
36	60	2	4.003	8	15.999	-3.475296
36	61	2	4.003	8	15.999	-1.295081
36	62	2	4.003	8	15.999	5.810212
36	63	2	4.003	8	15.999	2.521440
36	64	2	4.003	8	15.999	52.106718
36	65	2	4.003	8	15.999	-66.703287
36	66	2	4.003	8	15.999	845.791403
36	67	2	4.003	8	15.999	-2674.009870
36	68	2	4.003	8	15.999	18147.698594
36	69	2	4.003	8	15.999	3012.993505
36	70	2	4.003	8	15.999	6781.478557
36	71	2	4.003	8	15.999	15363.387858
36	73	2	4.003	8	15.999	8551.760601
36	74	2	4.003	8	15.999	5776.378477
36	75	2	4.003	8	15.999	4541.610057
36	76	2	4.003	8	15.999	6634.231394
36	77	2	4.003	8	15.999	17293.148159
36	78	2	4.003	8	15.999	11521.942021
36	79	2	4.003	8	15.999	16891.151735
36	84	2	4.003	26	55.845	-0.377410
36	85	2	4.003	26	55.845	-0.245656
36	86	2	4.003	26	55.845	1.002656
36	87	2	4.003	26	55.845	2.042229
36	88	2	4.003	26	55.845	7.918229
36	89	2	4.003	26	55.845	-11.989342
36	90	2	4.003	26	55.845	393.575867
36	91	2	4.003	26	55.845	-282.022586
36	92	2	4.003	26	55.845	492.127705
36	93	2	4.003	26	55.845	523.993340
36	94	2	4.003	26	55.845	1075.003191
36	95	2	4.003	26	55.845	2106.544812
36	96	2	4.003	26	55.845	1075.660326
36	97	2	4.003	26	55.845	20.444330
36	100	2	4.003	26	55.845	562.808249
36	101	2	4.003	26	55.845	999.514971
36	102	2	4.003	26	55.845	-1339.212766
37	37	2	4.003	2	4.003	1424025.090701
37	38	2	4.003	2	4.003	-1171354.494422
37	39	2	4.003	2	4.003	4502846.698401
37	40	2	4.003	2	4.003	-2067041.802718
37	41	2	4.003	2	4.003	2501378.192272
37	42	2	4.003	2	4.003	-307015.228679
37	43	2	4.003	2	4.003	1374609.832993
37	44	2	4.003	2	4.003	-203462.284476
37	46	2	4.003	2	4.003	264247.090132
37	47	2	4.003	2	4.003	-30488.511258
37	48	2	4.003	2	4.003	466515.827838
37	49	2	4.003	2	4.003	-129413.293897
37	50	2	4.003	2	4.003	235472.699298
37	51	2	4.003	2	4.003	-14595.787760
37	52	2	4.003	2	4.003	30117.330433
37	57	2	4.003	8	15.999	0.169319
37	58	2	4.003	8	15.999	-2.726169
37	59	2	4.003	8	15.999	24.217176
37	60	2	4.003	8	15.999	24.307999
37	61	2	4.003	8	15.999	47.686083
37	62	2	4.003	8	15.999	67.626678
37	63	2	4.003	8	15.999	143.773061
37	64	2	4.003	8	15.999	165.944953
37	65	2	4.003	8	15.999	1866.900141
37	66	2	4.003	8	15.999	-8255.524773
37	67	2	4.003	8	15.999	29626.119770
37	68	2	4.003	8	15.999	-57264.370116
37	69	2	4.003	8	15.999	76753.291224
37	70	2	4.003	8	15.999	-11372.807696
37	71	2	4.003	8	15.999	84622.531468
37	73	2	4.003	8	15.999	34981.803829
37	74	2	4.003	8	15.999	21760.869108
37	75	2	4.003	8	15.999	19761.258983
37	76	2	4.003	8	15.999	34315.090600
37	77	2	4.003	8	15.999	64706.906209
37	78	2	4.003	8	15.999	48213.648723
37	79	2	4.003	8	15.999	46323.367688
37	84	2	4.003	26	55.845	3.142958
37	85	2	4.003	26	55.845	0.332213
37	86	2	4.003	26	55.845	12.883310
37	87	2	4.003	26	55.845	11.368039
37	88	2	4.003	26	55.845	103.571138
37	89	2	4.003	26	55.845	-39.342736
37	90	2	4.003	26	55.845	846.485978
37	91	2	4.003	26	55.845	5914.109602
37	92	2	4.003	26	55.845	-2141.585886
37	93	2	4.003	26	55.845	4112.401971
37	94	2	4.003	26	55.845	1620.988173
37	95	2	4.003	26	55.845	6546.780517
37	96	2	4.003	26	55.845	3581.637386
37	97	2	4.003	26	55.845	-9.464160
37	100	2	4.003	26	55.845	1324.917163
37	101	2	4.003	26	55.845	3785.058620
37	102	2	4.003	26	55.845	-3518.862653
38	38	2	4.003	2	4.003	16000650.322993
38	39	2	4.003	2	4.003	-17188617.142720
38	40	2	4.003	2	4.003	29214906.181561
38	41	2	4.003	2	4.003	-11292433.098350
38	42	2	4.003	2	4.003	19418292.742949
38	43	2	4.003	2	4.003	5064326.593993
38	44	2	4.003	2	4.003	3139628.122912
38	46	2	4.003	2	4.003	1600953.316528
38	47	2	4.003	2	4.003	1242604.893114
38	48	2	4.003	2	4.003	4435330.677392
38	49	2	4.003	2	4.003	-1245340.974355
38	50	2	4.003	2	4.003	2937961.496843
38	51	2	4.003	2	4.003	-321962.755114
38	52	2	4.003	2	4.003	465816.388075
38	57	2	4.003	8	15.999	0.978398
38	58	2	4.003	8	15.999	5.188496
38	59	2	4.003	8	15.999	73.958732
38	60	2	4.003	8	15.999	104.679557
38	61	2	4.003	8	15.999	86.558920
38	62	2	4.003	8	15.999	334.924753
38	63	2	4.003	8	15.999	-52.766296
38	64	2	4.003	8	15.999	2863.939511
38	65	2	4.003	8	15.999	-7914.630939
38	66	2	4.003	8	15.999	91280.036763
38	67	2	4.003	8	15.999	-267305.172062
38	68	2	4.003	8	15.999	1083518.157296
38	69	2	4.003	8	15.999	-126916.514765
38	70	2	4.003	8	15.999	357854.474671
38	71	2	4.003	8	15.999	435671.216820
38	73	2	4.003	8	15.999	283121.218060
38	74	2	4.003	8	15.999	200059.755625
38	75	2	4.003	8	15.999	145071.425391
38	76	2	4.003	8	15.999	177495.015824
38	77	2	4.003	8	15.999	605042.329134
38	78	2	4.003	8	15.999	370475.468985
38	79	2	4.003	8	15.999	684748.661841
38	84	2	4.003	26	55.845	0.467900
38	85	2	4.003	26	55.845	11.537944
38	86	2	4.003	26	55.845	18.416155
38	87	2	4.003	26	55.845	107.142933
38	88	2	4.003	26	55.845	-123.399465
38	89	2	4.003	26	55.845	518.214256
38	90	2	4.003	26	55.845	17483.004696
38	91	2	4.003	26	55.845	-36070.407951
38	92	2	4.003	26	55.845	32470.752362
38	93	2	4.003	26	55.845	10756.690267
38	94	2	4.003	26	55.845	47585.153000
38	95	2	4.003	26	55.845	79930.439167
38	96	2	4.003	26	55.845	40137.145524
38	97	2	4.003	26	55.845	1000.163036
38	100	2	4.003	26	55.845	24354.360628
38	101	2	4.003	26	55.845	34163.621553
38	102	2	4.003	26	55.845	-55240.609937
39	39	2	4.003	2	4.003	110451225.306508
39	40	2	4.003	2	4.003	-120350184.190689
39	41	2	4.003	2	4.003	76500236.970642
39	42	2	4.003	2	4.003	-61284527.705102
39	43	2	4.003	2	4.003	10582623.406515
39	44	2	4.003	2	4.003	-12052234.102130
39	46	2	4.003	2	4.003	573106.300020
39	47	2	4.003	2	4.003	-4421402.531212
39	48	2	4.003	2	4.003	-3909861.434056
39	49	2	4.003	2	4.003	957763.659704
39	50	2	4.003	2	4.003	-4298292.727547
39	51	2	4.003	2	4.003	819463.535590
39	52	2	4.003	2	4.003	-950084.914457
39	57	2	4.003	8	15.999	7.479091
39	58	2	4.003	8	15.999	-17.409895
39	59	2	4.003	8	15.999	254.118888
39	60	2	4.003	8	15.999	199.838558
39	61	2	4.003	8	15.999	444.235484
39	62	2	4.003	8	15.999	400.053636
39	63	2	4.003	8	15.999	1644.458541
39	64	2	4.003	8	15.999	-1198.990126
39	65	2	4.003	8	15.999	26651.900012
39	66	2	4.003	8	15.999	-291760.841695
39	67	2	4.003	8	15.999	1336902.364545
39	68	2	4.003	8	15.999	-3694353.876614
39	69	2	4.003	8	15.999	1678925.568602
39	70	2	4.003	8	15.999	-1124868.464709
39	71	2	4.003	8	15.999	333565.792221
39	73	2	4.003	8	15.999	-120622.581426
39	74	2	4.003	8	15.999	-135725.264095
39	75	2	4.003	8	15.999	12704.113354
39	76	2	4.003	8	15.999	268034.650824
39	77	2	4.003	8	15.999	-447489.780105
39	78	2	4.003	8	15.999	-47525.166420
39	79	2	4.003	8	15.999	-1213990.465952
39	84	2	4.003	26	55.845	78.220718
39	85	2	4.003	26	55.845	-28.893894
39	86	2	4.003	26	55.845	218.191563
39	87	2	4.003	26	55.845	-164.642283
39	88	2	4.003	26	55.845	3002.145918
39	89	2	4.003	26	55.845	-6114.887248
39	90	2	4.003	26	55.845	20164.164404
39	91	2	4.003	26	55.845	170703.919819
39	92	2	4.003	26	55.845	-95685.466238
39	93	2	4.003	26	55.845	33427.513530
39	94	2	4.003	26	55.845	-90019.391207
39	95	2	4.003	26	55.845	-112641.988637
39	96	2	4.003	26	55.845	-41209.834871
39	97	2	4.003	26	55.845	-5177.051434
39	100	2	4.003	26	55.845	-51369.644700
39	101	2	4.003	26	55.845	-20537.859543
39	102	2	4.003	26	55.845	103880.727546
40	40	2	4.003	2	4.003	512657197.209161
40	41	2	4.003	2	4.003	-184076742.248492
40	42	2	4.003	2	4.003	357195392.547101
40	43	2	4.003	2	4.003	99925345.873884
40	44	2	4.003	2	4.003	51559241.403062
40	46	2	4.003	2	4.003	28747430.915686
40	47	2	4.003	2	4.003	24382825.479036
40	48	2	4.003	2	4.003	82379466.014530
40	49	2	4.003	2	4.003	-21430849.661935
40	50	2	4.003	2	4.003	54868120.466953
40	51	2	4.003	2	4.003	-5987537.189159
40	52	2	4.003	2	4.003	8676026.963424
40	57	2	4.003	8	15.999	-21.623734
40	58	2	4.003	8	15.999	-53.773859
40	59	2	4.003	8	15.999	-455.610630
40	60	2	4.003	8	15.999	-499.442118
40	61	2	4.003	8	15.999	-528.331578
40	62	2	4.003	8	15.999	-1315.095320
40	63	2	4.003	8	15.999	-623.611968
40	64	2	4.003	8	15.999	-8832.119634
40	65	2	4.003	8	15.999	14478.659171
40	66	2	4.003	8	15.999	153004.104128
40	67	2	4.003	8	15.999	-4074010.328919
40	68	2	4.003	8	15.999	15548852.360704
40	69	2	4.003	8	15.999	-726177.575999
40	70	2	4.003	8	15.999	5843092.206185
40	71	2	4.003	8	15.999	8887886.358313
40	73	2	4.003	8	15.999	5363349.672569
40	74	2	4.003	8	15.999	3665521.526170
40	75	2	4.003	8	15.999	2491771.035437
40	76	2	4.003	8	15.999	3034997.044870
40	77	2	4.003	8	15.999	11088948.987975
40	78	2	4.003	8	15.999	6765924.499389
40	79	2	4.003	8	15.999	13009648.884373
40	84	2	4.003	26	55.845	-53.636431
40	85	2	4.003	26	55.845	40.801757
40	86	2	4.003	26	55.845	-106.032874
40	87	2	4.003	26	55.845	327.847545
40	88	2	4.003	26	55.845	-2736.534084
40	89	2	4.003	26	55.845	13847.555648
40	90	2	4.003	26	55.845	-116104.460508
40	91	2	4.003	26	55.845	-238651.672216
40	92	2	4.003	26	55.845	264008.165326
40	93	2	4.003	26	55.845	336981.165919
40	94	2	4.003	26	55.845	738009.541844
40	95	2	4.003	26	55.845	1557679.125873
40	96	2	4.003	26	55.845	701057.879005
40	97	2	4.003	26	55.845	35176.882193
40	100	2	4.003	26	55.845	464621.992139
40	101	2	4.003	26	55.845	639450.582808
40	102	2	4.003	26	55.845	-1052824.752472
41	41	2	4.003	2	4.003	967508128.347480
41	42	2	4.003	2	4.003	-546863376.756821
41	43	2	4.003	2	4.003	363302939.813286
41	44	2	4.003	2	4.003	-148812029.520460
41	46	2	4.003	2	4.003	49273202.524176
41	47	2	4.003	2	4.003	-32607472.903591
41	48	2	4.003	2	4.003	57466053.461169
41	49	2	4.003	2	4.003	-30440280.852023
41	50	2	4.003	2	4.003	35075894.060367
41	51	2	4.003	2	4.003	-10391354.774360
41	52	2	4.003	2	4.003	11382730.814346
41	57	2	4.003	8	15.999	18.016549
41	58	2	4.003	8	15.999	-46.287337
41	59	2	4.003	8	15.999	899.628330
41	60	2	4.003	8	15.999	842.712822
41	61	2	4.003	8	15.999	1364.410581
41	62	2	4.003	8	15.999	2168.604756
41	63	2	4.003	8	15.999	3378.461543
41	64	2	4.003	8	15.999	8042.593527
41	65	2	4.003	8	15.999	29869.228899
41	66	2	4.003	8	15.999	5744.358759
41	67	2	4.003	8	15.999	3934832.240825
41	68	2	4.003	8	15.999	-31343385.305810
41	69	2	4.003	8	15.999	23769543.388206
41	70	2	4.003	8	15.999	-12994211.939783
41	71	2	4.003	8	15.999	12588389.701325
41	73	2	4.003	8	15.999	1940423.416094
41	74	2	4.003	8	15.999	951517.045525
41	75	2	4.003	8	15.999	1563283.071630
41	76	2	4.003	8	15.999	94932.556268
41	77	2	4.003	8	15.999	3949254.255258
41	78	2	4.003	8	15.999	2106820.496622
41	79	2	4.003	8	15.999	4923434.148360
41	84	2	4.003	26	55.845	86.106288
41	85	2	4.003	26	55.845	18.883866
41	86	2	4.003	26	55.845	313.853810
41	87	2	4.003	26	55.845	342.715863
41	88	2	4.003	26	55.845	2030.717270
41	89	2	4.003	26	55.845	-1140.074718
41	90	2	4.003	26	55.845	47595.699894
41	91	2	4.003	26	55.845	719974.296584
41	92	2	4.003	26	55.845	-487711.823756
41	93	2	4.003	26	55.845	405257.601667
41	94	2	4.003	26	55.845	-28094.359179
41	95	2	4.003	26	55.845	193868.689884
41	96	2	4.003	26	55.845	433435.585355
41	97	2	4.003	26	55.845	-63111.832311
41	100	2	4.003	26	55.845	186373.665794
41	101	2	4.003	26	55.845	211075.510306
41	102	2	4.003	26	55.845	-418494.501129
42	42	2	4.003	2	4.003	1597859129.116506
42	43	2	4.003	2	4.003	-611853788.697243
42	44	2	4.003	2	4.003	412131652.478152
42	46	2	4.003	2	4.003	-52029777.650812
42	47	2	4.003	2	4.003	104604621.364583
42	48	2	4.003	2	4.003	36314670.791801
42	49	2	4.003	2	4.003	10812535.340838
42	50	2	4.003	2	4.003	30134403.249297
42	51	2	4.003	2	4.003	9589261.673907
42	52	2	4.003	2	4.003	-7511457.035712
42	57	2	4.003	8	15.999	-8.633271
42	58	2	4.003	8	15.999	-132.212163
42	59	2	4.003	8	15.999	442.641204
42	60	2	4.003	8	15.999	288.176171
42	61	2	4.003	8	15.999	824.164643
42	62	2	4.003	8	15.999	623.734579
42	63	2	4.003	8	15.999	2903.102068
42	64	2	4.003	8	15.999	-2992.641066
42	65	2	4.003	8	15.999	53422.941705
42	66	2	4.003	8	15.999	66313.210622
42	67	2	4.003	8	15.999	-1891880.729312
42	68	2	4.003	8	15.999	18838151.388565
42	69	2	4.003	8	15.999	-32331887.361704
42	70	2	4.003	8	15.999	32004869.638866
42	71	2	4.003	8	15.999	-4141000.911314
42	73	2	4.003	8	15.999	7050160.570374
42	74	2	4.003	8	15.999	4577244.043151
42	75	2	4.003	8	15.999	2265956.104548
42	76	2	4.003	8	15.999	6270289.821168
42	77	2	4.003	8	15.999	12800623.945421
42	78	2	4.003	8	15.999	8996831.471840
42	79	2	4.003	8	15.999	12265709.693589
42	84	2	4.003	26	55.845	186.885919
42	85	2	4.003	26	55.845	8.153221
42	86	2	4.003	26	55.845	628.698980
42	87	2	4.003	26	55.845	561.701743
42	88	2	4.003	26	55.845	3920.306884
42	89	2	4.003	26	55.845	-5148.242583
42	90	2	4.003	26	55.845	192262.288298
42	91	2	4.003	26	55.845	175840.351419
42	92	2	4.003	26	55.845	1106958.980649
42	93	2	4.003	26	55.845	-313335.308185
42	94	2	4.003	26	55.845	1355527.167083
42	95	2	4.003	26	55.845	2106802.754427
42	96	2	4.003	26	55.845	438277.374611
42	97	2	4.003	26	55.845	161501.399264
42	100	2	4.003	26	55.845	368125.325750
42	101	2	4.003	26	55.845	777688.611410
42	102	2	4.003	26	55.845	-936628.931305
43	43	2	4.003	2	4.003	1679820274.938062
43	44	2	4.003	2	4.003	-605185517.706945
43	46	2	4.003	2	4.003	250430947.284274
43	47	2	4.003	2	4.003	-113773396.960950
43	48	2	4.003	2	4.003	177972075.570408
43	49	2	4.003	2	4.003	-63790698.684290
43	50	2	4.003	2	4.003	87875979.997172
43	51	2	4.003	2	4.003	-21140686.012574
43	52	2	4.003	2	4.003	27419286.367635
43	57	2	4.003	8	15.999	-4.385812
43	58	2	4.003	8	15.999	-123.219104
43	59	2	4.003	8	15.999	752.013327
43	60	2	4.003	8	15.999	672.006647
43	61	2	4.003	8	15.999	1177.902246
43	62	2	4.003	8	15.999	1758.731485
43	63	2	4.003	8	15.999	3043.823579
43	64	2	4.003	8	15.999	5634.210745
43	65	2	4.003	8	15.999	33460.717440
43	66	2	4.003	8	15.999	197119.249278
43	67	2	4.003	8	15.999	-689172.878858
43	68	2	4.003	8	15.999	2801377.403883
43	69	2	4.003	8	15.999	22740746.873181
43	70	2	4.003	8	15.999	-48350238.067477
43	71	2	4.003	8	15.999	30399600.873761
43	73	2	4.003	8	15.999	-3018219.674003
43	74	2	4.003	8	15.999	6926809.494460
43	75	2	4.003	8	15.999	5192932.393192
43	76	2	4.003	8	15.999	4427139.508850
43	77	2	4.003	8	15.999	14120356.477637
43	78	2	4.003	8	15.999	9246906.606478
43	79	2	4.003	8	15.999	14251388.913496
43	84	2	4.003	26	55.845	245.946141
43	85	2	4.003	26	55.845	16.981697
43	86	2	4.003	26	55.845	828.762337
43	87	2	4.003	26	55.845	722.634107
43	88	2	4.003	26	55.845	5584.472163
43	89	2	4.003	26	55.845	-8265.384019
43	90	2	4.003	26	55.845	271557.786190
43	91	2	4.003	26	55.845	379466.198996
43	92	2	4.003	26	55.845	-557816.201901
43	93	2	4.003	26	55.845	2767200.732047
43	94	2	4.003	26	55.845	491083.638996
43	95	2	4.003	26	55.845	1132614.429518
43	96	2	4.003	26	55.845	2377706.580988
43	97	2	4.003	26	55.845	-440857.908065
43	100	2	4.003	26	55.845	563074.154791
43	101	2	4.003	26	55.845	818898.603623
43	102	2	4.003	26	55.845	-1173496.682621
44	44	2	4.003	2	4.003	1040835448.360889
44	46	2	4.003	2	4.003	-171559936.782005
44	47	2	4.003	2	4.003	144455208.158455
44	48	2	4.003	2	4.003	-65854826.797562
44	49	2	4.003	2	4.003	-11816410.867414
44	50	2	4.003	2	4.003	874853.900296
44	51	2	4.003	2	4.003	5802644.239208
44	52	2	4.003	2	4.003	-9562679.227735
44	57	2	4.003	8	15.999	-0.294832
44	58	2	4.003	8	15.999	-18.678817
44	59	2	4.003	8	15.999	76.740181
44	60	2	4.003	8	15.999	49.418530
44	61	2	4.003	8	15.999	145.481016
44	62	2	4.003	8	15.999	100.476175
44	63	2	4.003	8	15.999	533.466330
44	64	2	4.003	8	15.999	-632.505966
44	65	2	4.003	8	15.999	9518.403058
44	66	2	4.003	8	15.999	-3928.348826
44	67	2	4.003	8	15.999	-234039.405952
44	68	2	4.003	8	15.999	3885204.974635
44	69	2	4.003	8	15.999	-9932729.401153
44	70	2	4.003	8	15.999	17603595.869957
44	71	2	4.003	8	15.999	-32902524.862894
44	73	2	4.003	8	15.999	-2419363.906446
44	74	2	4.003	8	15.999	-465808.687990
44	75	2	4.003	8	15.999	1512765.651939
44	76	2	4.003	8	15.999	-493412.586626
44	77	2	4.003	8	15.999	1090147.886241
44	78	2	4.003	8	15.999	-262782.556932
44	79	2	4.003	8	15.999	1789166.293076
44	84	2	4.003	26	55.845	58.537848
44	85	2	4.003	26	55.845	-6.928040
44	86	2	4.003	26	55.845	181.895388
44	87	2	4.003	26	55.845	80.300598
44	88	2	4.003	26	55.845	1511.478000
44	89	2	4.003	26	55.845	-4195.283160
44	90	2	4.003	26	55.845	79107.631711
44	91	2	4.003	26	55.845	20781.173424
44	92	2	4.003	26	55.845	529872.912271
44	93	2	4.003	26	55.845	-623088.479616
44	94	2	4.003	26	55.845	2854476.287624
44	95	2	4.003	26	55.845	44322.659194
44	96	2	4.003	26	55.845	648436.271557
44	97	2	4.003	26	55.845	-74460.033479
44	100	2	4.003	26	55.845	33377.432674
44	101	2	4.003	26	55.845	-16882.921965
44	102	2	4.003	26	55.845	-125820.520661
46	46	2	4.003	2	4.003	4164925909.767165
46	47	2	4.003	2	4.003	-1488939929.384769
46	48	2	4.003	2	4.003	473424058.498315
46	49	2	4.003	2	4.003	961997105.157597
46	50	2	4.003	2	4.003	-699532786.075454
46	51	2	4.003	2	4.003	249566289.962548
46	52	2	4.003	2	4.003	-216185563.550979
46	57	2	4.003	8	15.999	8.411432
46	58	2	4.003	8	15.999	-17.540066
46	59	2	4.003	8	15.999	344.796283
46	60	2	4.003	8	15.999	309.251901
46	61	2	4.003	8	15.999	550.865584
46	62	2	4.003	8	15.999	776.668586
46	63	2	4.003	8	15.999	1487.812605
46	64	2	4.003	8	15.999	2120.450279
46	65	2	4.003	8	15.999	16782.231123
46	66	2	4.003	8	15.999	38732.740942
46	67	2	4.003	8	15.999	283084.398441
46	68	2	4.003	8	15.999	2801291.244782
46	69	2	4.003	8	15.999	2236423.452745
46	70	2	4.003	8	15.999	-4435488.892184
46	71	2	4.003	8	15.999	8373902.270305
46	73	2	4.003	8	15.999	-49848376.743096
46	74	2	4.003	8	15.999	52293008.325033
46	75	2	4.003	8	15.999	-63824470.545189
46	76	2	4.003	8	15.999	45489689.192513
46	77	2	4.003	8	15.999	-10866056.709811
46	78	2	4.003	8	15.999	23882485.991864
46	79	2	4.003	8	15.999	-28054712.270051
46	84	2	4.003	26	55.845	62.568489
46	85	2	4.003	26	55.845	-8.731291
46	86	2	4.003	26	55.845	197.061207
46	87	2	4.003	26	55.845	73.577652
46	88	2	4.003	26	55.845	1718.821810
46	89	2	4.003	26	55.845	-4535.698496
46	90	2	4.003	26	55.845	83666.856133
46	91	2	4.003	26	55.845	-85221.987476
46	92	2	4.003	26	55.845	233680.293741
46	93	2	4.003	26	55.845	-18996.080415
46	94	2	4.003	26	55.845	1070534.262466
46	95	2	4.003	26	55.845	-695035.362765
46	96	2	4.003	26	55.845	-3345995.304782
46	97	2	4.003	26	55.845	1316467.572811
46	100	2	4.003	26	55.845	-2718897.577552
46	101	2	4.003	26	55.845	2589369.179879
46	102	2	4.003	26	55.845	2957020.911119
47	47	2	4.003	2	4.003	7574305070.606271
47	48	2	4.003	2	4.003	-3819256418.675961
47	49	2	4.003	2	4.003	-1502773910.197439
47	50	2	4.003	2	4.003	1393455201.223417
47	51	2	4.003	2	4.003	-321930370.193255
47	52	2	4.003	2	4.003	204381510.520212
47	57	2	4.003	8	15.999	-11.793384
47	58	2	4.003	8	15.999	-26.065827
47	59	2	4.003	8	15.999	-161.825438
47	60	2	4.003	8	15.999	-161.531087
47	61	2	4.003	8	15.999	-252.899474
47	62	2	4.003	8	15.999	-407.047572
47	63	2	4.003	8	15.999	-622.993431
47	64	2	4.003	8	15.999	-1538.914158
47	65	2	4.003	8	15.999	-4821.962971
47	66	2	4.003	8	15.999	-2513.855396
47	67	2	4.003	8	15.999	-513555.007618
47	68	2	4.003	8	15.999	-1742317.742330
47	69	2	4.003	8	15.999	104048.764213
47	70	2	4.003	8	15.999	-953542.873816
47	71	2	4.003	8	15.999	-4592937.659225
47	73	2	4.003	8	15.999	-24017903.481166
47	74	2	4.003	8	15.999	-93791020.061065
47	75	2	4.003	8	15.999	146369168.618684
47	76	2	4.003	8	15.999	-103459468.215118
47	77	2	4.003	8	15.999	41563332.432020
47	78	2	4.003	8	15.999	-61818305.094359
47	79	2	4.003	8	15.999	108236902.659478
47	84	2	4.003	26	55.845	6.011698
47	85	2	4.003	26	55.845	16.348646
47	86	2	4.003	26	55.845	37.281337
47	87	2	4.003	26	55.845	158.214468
47	88	2	4.003	26	55.845	-277.040530
47	89	2	4.003	26	55.845	2942.579268
47	90	2	4.003	26	55.845	-12564.906093
47	91	2	4.003	26	55.845	242740.435603
47	92	2	4.003	26	55.845	-242326.427574
47	93	2	4.003	26	55.845	541208.838053
47	94	2	4.003	26	55.845	-767014.048335
47	95	2	4.003	26	55.845	2165007.914979
47	96	2	4.003	26	55.845	1546035.244611
47	97	2	4.003	26	55.845	-445432.609595
47	100	2	4.003	26	55.845	7829072.023714
47	101	2	4.003	26	55.845	-6415382.136336
47	102	2	4.003	26	55.845	-9863862.509134
48	48	2	4.003	2	4.003	6648406900.254410
48	49	2	4.003	2	4.003	-887798639.059123
48	50	2	4.003	2	4.003	-162744006.395693
48	51	2	4.003	2	4.003	-260871884.334571
48	52	2	4.003	2	4.003	340168075.331255
48	57	2	4.003	8	15.999	8.236185
48	58	2	4.003	8	15.999	-46.828415
48	59	2	4.003	8	15.999	507.541171
48	60	2	4.003	8	15.999	438.607586
48	61	2	4.003	8	15.999	826.092861
48	62	2	4.003	8	15.999	1088.482334
48	63	2	4.003	8	15.999	2326.987018
48	64	2	4.003	8	15.999	2298.302297
48	65	2	4.003	8	15.999	29454.546647
48	66	2	4.003	8	15.999	59494.329153
48	67	2	4.003	8	15.999	110219.338618
48	68	2	4.003	8	15.999	4528164.125693
48	69	2	4.003	8	15.999	3314152.245737
48	70	2	4.003	8	15.999	1902923.144064
48	71	2	4.003	8	15.999	12129801.746172
48	73	2	4.003	8	15.999	48412125.417543
48	74	2	4.003	8	15.999	-26497731.604369
48	75	2	4.003	8	15.999	-68866306.657987
48	76	2	4.003	8	15.999	67996083.099646
48	77	2	4.003	8	15.999	-40131.536799
48	78	2	4.003	8	15.999	79057304.139414
48	79	2	4.003	8	15.999	-93473844.529991
48	84	2	4.003	26	55.845	118.632478
48	85	2	4.003	26	55.845	-9.033615
48	86	2	4.003	26	55.845	381.210989
48	87	2	4.003	26	55.845	206.508655
48	88	2	4.003	26	55.845	3033.252587
48	89	2	4.003	26	55.845	-6834.844365
48	90	2	4.003	26	55.845	145154.692464
48	91	2	4.003	26	55.845	-66218.721396
48	92	2	4.003	26	55.845	344769.733868
48	93	2	4.003	26	55.845	-230235.653769
48	94	2	4.003	26	55.845	1265769.305687
48	95	2	4.003	26	55.845	107413.148104
48	96	2	4.003	26	55.845	-455039.427711
48	97	2	4.003	26	55.845	3415392.653528
48	100	2	4.003	26	55.845	-6505666.429826
48	101	2	4.003	26	55.845	6779677.783179
48	102	2	4.003	26	55.845	7609828.152238
49	49	2	4.003	2	4.003	17561878867.603989
49	50	2	4.003	2	4.003	-4618442569.262632
49	51	2	4.003	2	4.003	2727956480.549035
49	52	2	4.003	2	4.003	-1841351286.948438
49	57	2	4.003	8	15.999	-3.142277
49	58	2	4.003	8	15.999	-4.089647
49	59	2	4.003	8	15.999	-23.244687
49	60	2	4.003	8	15.999	-9.856992
49	61	2	4.003	8	15.999	-61.619923
49	62	2	4.003	8	15.999	3.019216
49	63	2	4.003	8	15.999	-292.075102
49	64	2	4.003	8	15.999	842.094190
49	65	2	4.003	8	15.999	-6960.190428
49	66	2	4.003	8	15.999	15339.645264
49	67	2	4.003	8	15.999	223497.711597
49	68	2	4.003	8	15.999	-2152887.783669
49	69	2	4.003	8	15.999	13511.788357
49	70	2	4.003	8	15.999	-1941082.264146
49	71	2	4.003	8	15.999	-2882420.942375
49	73	2	4.003	8	15.999	-54492509.900537
49	74	2	4.003	8	15.999	162710591.673682
49	75	2	4.003	8	15.999	-311241548.079006
49	76	2	4.003	8	15.999	76524462.126475
49	77	2	4.003	8	15.999	-145005976.486313
49	78	2	4.003	8	15.999	-154477849.870272
49	79	2	4.003	8	15.999	107459472.373235
49	84	2	4.003	26	55.845	-51.897464
49	85	2	4.003	26	55.845	25.390277
49	86	2	4.003	26	55.845	-135.838268
49	87	2	4.003	26	55.845	110.666315
49	88	2	4.003	26	55.845	-1795.715381
49	89	2	4.003	26	55.845	6805.223268
49	90	2	4.003	26	55.845	-85845.042431
49	91	2	4.003	26	55.845	367988.994858
49	92	2	4.003	26	55.845	-597950.185878
49	93	2	4.003	26	55.845	1019975.345238
49	94	2	4.003	26	55.845	-2400198.263318
49	95	2	4.003	26	55.845	4421443.603155
49	96	2	4.003	26	55.845	-6155299.517285
49	97	2	4.003	26	55.845	3158815.063677
49	100	2	4.003	26	55.845	11162080.716156
49	101	2	4.003	26	55.845	-5690284.856152
49	102	2	4.003	26	55.845	-6024421.961131
50	50	2	4.003	2	4.003	27307497777.684959
50	51	2	4.003	2	4.003	-13341585488.017326
50	52	2	4.003	2	4.003	11383389337.948601
50	57	2	4.003	8	15.999	-14.949962
50	58	2	4.003	8	15.999	-33.684884
50	59	2	4.003	8	15.999	-199.570377
50	60	2	4.003	8	15.999	-194.059870
50	61	2	4.003	8	15.999	-291.314169
50	62	2	4.003	8	15.999	-474.249147
50	63	2	4.003	8	15.999	-699.312514
50	64	2	4.003	8	15.999	-1935.701778
50	65	2	4.003	8	15.999	-3149.661817
50	66	2	4.003	8	15.999	31951.412931
50	67	2	4.003	8	15.999	-1407710.898122
50	68	2	4.003	8	15.999	1391786.574348
50	69	2	4.003	8	15.999	1197194.897883
50	70	2	4.003	8	15.999	882185.188451
50	71	2	4.003	8	15.999	4579791.990359
50	73	2	4.003	8	15.999	44902059.094823
50	74	2	4.003	8	15.999	-124458931.762881
50	75	2	4.003	8	15.999	264801397.340768
50	76	2	4.003	8	15.999	-873853223.953060
50	77	2	4.003	8	15.999	563438199.145009
50	78	2	4.003	8	15.999	50601564.850422
50	79	2	4.003	8	15.999	125046424.749629
50	84	2	4.003	26	55.845	89.322611
50	85	2	4.003	26	55.845	-9.789497
50	86	2	4.003	26	55.845	274.492807
50	87	2	4.003	26	55.845	112.772601
50	88	2	4.003	26	55.845	2303.205208
50	89	2	4.003	26	55.845	-5688.683467
50	90	2	4.003	26	55.845	112643.617022
50	91	2	4.003	26	55.845	-74221.483080
50	92	2	4.003	26	55.845	321262.763252
50	93	2	4.003	26	55.845	-399973.562858
50	94	2	4.003	26	55.845	1392102.310492
50	95	2	4.003	26	55.845	-1370773.245470
50	96	2	4.003	26	55.845	2808203.239050
50	97	2	4.003	26	55.845	-560411.714498
50	100	2	4.003	26	55.845	14424047.836726
50	101	2	4.003	26	55.845	-17572615.800826
50	102	2	4.003	26	55.845	-32637350.944759
51	51	2	4.003	2	4.003	24498906615.885361
51	52	2	4.003	2	4.003	-26989078147.600433
51	57	2	4.003	8	15.999	10.614132
51	58	2	4.003	8	15.999	4.826016
51	59	2	4.003	8	15.999	255.114588
51	60	2	4.003	8	15.999	231.573577
51	61	2	4.003	8	15.999	399.960308
51	62	2	4.003	8	15.999	570.109791
51	63	2	4.003	8	15.999	1072.206902
51	64	2	4.003	8	15.999	1652.879116
51	65	2	4.003	8	15.999	10549.792358
51	66	2	4.003	8	15.999	-4633.549324
51	67	2	4.003	8	15.999	867853.535829
51	68	2	4.003	8	15.999	265461.497566
51	69	2	4.003	8	15.999	209237.109360
51	70	2	4.003	8	15.999	-171895.017254
51	71	2	4.003	8	15.999	-126591.624670
51	73	2	4.003	8	15.999	-19245874.330172
51	74	2	4.003	8	15.999	53527622.497230
51	75	2	4.003	8	15.999	-108736092.379185
51	76	2	4.003	8	15.999	387552183.943515
51	77	2	4.003	8	15.999	-878007074.255114
51	78	2	4.003	8	15.999	-134078414.519856
51	79	2	4.003	8	15.999	339150896.087174
51	84	2	4.003	26	55.845	-20.741135
51	85	2	4.003	26	55.845	3.723174
51	86	2	4.003	26	55.845	-58.065310
51	87	2	4.003	26	55.845	-5.540962
51	88	2	4.003	26	55.845	-551.153552
51	89	2	4.003	26	55.845	1589.626284
51	90	2	4.003	26	55.845	-28823.352328
51	91	2	4.003	26	55.845	52042.670488
51	92	2	4.003	26	55.845	-122124.487661
51	93	2	4.003	26	55.845	248348.528301
51	94	2	4.003	26	55.845	-562285.730525
51	95	2	4.003	26	55.845	1076331.346772
51	96	2	4.003	26	55.845	-1065076.788446
51	97	2	4.003	26	55.845	150043.141605
51	100	2	4.003	26	55.845	-4914873.097967
51	101	2	4.003	26	55.845	6554538.261794
51	102	2	4.003	26	55.845	24820280.389014
52	52	2	4.003	2	4.003	59132377628.047256
52	57	2	4.003	8	15.999	-10.779003
52	58	2	4.003	8	15.999	-9.990408
52	59	2	4.003	8	15.999	-224.548907
52	60	2	4.003	8	15.999	-206.738947
52	61	2	4.003	8	15.999	-358.670475
52	62	2	4.003	8	15.999	-511.428748
52	63	2	4.003	8	15.999	-970.683150
52	64	2	4.003	8	15.999	-1463.046855
52	65	2	4.003	8	15.999	-9560.413805
52	66	2	4.003	8	15.999	8876.448542
52	67	2	4.003	8	15.999	-853599.549770
52	68	2	4.003	8	15.999	-149096.406892
52	69	2	4.003	8	15.999	-78998.759711
52	70	2	4.003	8	15.999	79538.231473
52	71	2	4.003	8	15.999	418968.950122
52	73	2	4.003	8	15.999	17440328.575870
52	74	2	4.003	8	15.999	-46581348.902805
52	75	2	4.003	8	15.999	98204140.910130
52	76	2	4.003	8	15.999	-354263631.687168
52	77	2	4.003	8	15.999	877779956.590142
52	78	2	4.003	8	15.999	-373284471.758519
52	79	2	4.003	8	15.999	-1239916211.753280
52	84	2	4.003	26	55.845	25.013333
52	85	2	4.003	26	55.845	0.214851
52	86	2	4.003	26	55.845	76.013902
52	87	2	4.003	26	55.845	49.097627
52	88	2	4.003	26	55.845	553.443600
52	89	2	4.003	26	55.845	-988.416984
52	90	2	4.003	26	55.845	30968.936414
52	91	2	4.003	26	55.845	-33059.072389
52	92	2	4.003	26	55.845	103622.932600
52	93	2	4.003	26	55.845	-189960.735411
52	94	2	4.003	26	55.845	486153.621613
52	95	2	4.003	26	55.845	-812278.260762
52	96	2	4.003	26	55.845	892314.649309
52	97	2	4.003	26	55.845	-114046.616391
52	100	2	4.003	26	55.845	14769978.058322
52	101	2	4.003	26	55.845	4539082.996640
52	102	2	4.003	26	55.845	-20905560.747232
57	57	8	15.999	8	15.999	3.846217
57	58	8	15.999	8	15.999	0.489623
57	59	8	15.999	8	15.999	3.838892
57	60	8	15.999	8	15.999	1.929112
57	61	8	15.999	8	15.999	1.865519
57	62	8	15.999	8	15.999	0.639560
57	63	8	15.999	8	15.999	0.736133
57	64	8	15.999	8	15.999	0.144382
57	65	8	15.999	8	15.999	2.246060
57	66	8	15.999	8	15.999	3.374973
57	67	8	15.999	8	15.999	3.726780
57	68	8	15.999	8	15.999	1.296713
57	69	8	15.999	8	15.999	3.419723
57	70	8	15.999	8	15.999	2.638038
57	71	8	15.999	8	15.999	6.286549
57	73	8	15.999	8	15.999	3.667682
57	74	8	15.999	8	15.999	1.706688
57	75	8	15.999	8	15.999	2.640942
57	76	8	15.999	8	15.999	7.407187
57	77	8	15.999	8	15.999	4.491890
57	78	8	15.999	8	15.999	6.804543
57	79	8	15.999	8	15.999	-5.738626
57	84	8	15.999	26	55.845	0.248432
57	85	8	15.999	26	55.845	0.145411
57	86	8	15.999	26	55.845	0.094470
57	87	8	15.999	26	55.845	-0.034031
57	88	8	15.999	26	55.845	0.052199
57	89	8	15.999	26	55.845	-0.137370
57	90	8	15.999	26	55.845	-0.046941
57	91	8	15.999	26	55.845	0.136624
57	92	8	15.999	26	55.845	-0.015480
57	93	8	15.999	26	55.845	0.068882
57	94	8	15.999	26	55.845	0.059170
57	95	8	15.999	26	55.845	0.155503
57	96	8	15.999	26	55.845	0.136289
57	97	8	15.999	26	55.845	-0.017323
57	100	8	15.999	26	55.845	-0.318756
57	101	8	15.999	26	55.845	0.521628
57	102	8	15.999	26	55.845	0.561217
58	58	8	15.999	8	15.999	20.298716
58	59	8	15.999	8	15.999	6.752288
58	60	8	15.999	8	15.999	8.877244
58	61	8	15.999	8	15.999	3.551587
58	62	8	15.999	8	15.999	3.030633
58	63	8	15.999	8	15.999	-0.703310
58	64	8	15.999	8	15.999	1.365310
58	65	8	15.999	8	15.999	-4.576175
58	66	8	15.999	8	15.999	1.463986
58	67	8	15.999	8	15.999	-12.570394
58	68	8	15.999	8	15.999	-0.437878
58	69	8	15.999	8	15.999	-6.867178
58	70	8	15.999	8	15.999	-0.111996
58	71	8	15.999	8	15.999	-10.043532
58	73	8	15.999	8	15.999	-4.568130
58	74	8	15.999	8	15.999	-3.386743
58	75	8	15.999	8	15.999	-2.064584
58	76	8	15.999	8	15.999	-4.168940
58	77	8	15.999	8	15.999	-10.403006
58	78	8	15.999	8	15.999	-2.328529
58	79	8	15.999	8	15.999	-12.629900
58	84	8	15.999	26	55.845	0.823826
58	85	8	15.999	26	55.845	0.480941
58	86	8	15.999	26	55.845	0.307405
58	87	8	15.999	26	55.845	-0.131761
58	88	8	15.999	26	55.845	0.149813
58	89	8	15.999	26	55.845	-0.409653
58	90	8	15.999	26	55.845	-0.137537
58	91	8	15.999	26	55.845	-0.513925
58	92	8	15.999	26	55.845	-0.196464
58	93	8	15.999	26	55.845	-0.420279
58	94	8	15.999	26	55.845	-0.341514
58	95	8	15.999	26	55.845	-0.473577
58	96	8	15.999	26	55.845	-0.180651
58	97	8	15.999	26	55.845	-0.032419
58	100	8	15.999	26	55.845	-0.602323
58	101	8	15.999	26	55.845	0.286588
58	102	8	15.999	26	55.845	1.015002
59	59	8	15.999	8	15.999	19.664190
59	60	8	15.999	8	15.999	8.737044
59	61	8	15.999	8	15.999	12.548085
59	62	8	15.999	8	15.999	7.145855
59	63	8	15.999	8	15.999	12.696864
59	64	8	15.999	8	15.999	18.628724
59	65	8	15.999	8	15.999	55.777435
59	66	8	15.999	8	15.999	171.261091
59	67	8	15.999	8	15.999	135.449501
59	68	8	15.999	8	15.999	74.970847
59	69	8	15.999	8	15.999	121.808505
59	70	8	15.999	8	15.999	73.494430
59	71	8	15.999	8	15.999	224.163600
59	73	8	15.999	8	15.999	125.190033
59	74	8	15.999	8	15.999	66.700993
59	75	8	15.999	8	15.999	81.434850
59	76	8	15.999	8	15.999	222.737644
59	77	8	15.999	8	15.999	183.080166
59	78	8	15.999	8	15.999	193.817504
59	79	8	15.999	8	15.999	-72.821418
59	84	8	15.999	26	55.845	1.010091
59	85	8	15.999	26	55.845	0.597241
59	86	8	15.999	26	55.845	0.423859
59	87	8	15.999	26	55.845	-0.031081
59	88	8	15.999	26	55.845	0.430255
59	89	8	15.999	26	55.845	-0.679170
59	90	8	15.999	26	55.845	-2.139911
59	91	8	15.999	26	55.845	8.346155
59	92	8	15.999	26	55.845	-0.275711
59	93	8	15.999	26	55.845	5.504718
59	94	8	15.999	26	55.845	2.759575
59	95	8	15.999	26	55.845	7.532061
59	96	8	15.999	26	55.845	4.273755
59	97	8	15.999	26	55.845	-0.147859
59	100	8	15.999	26	55.845	-4.675976
59	101	8	15.999	26	55.845	11.798683
59	102	8	15.999	26	55.845	8.497922
60	60	8	15.999	8	15.999	12.927887
60	61	8	15.999	8	15.999	4.553302
60	62	8	15.999	8	15.999	10.573440
60	63	8	15.999	8	15.999	5.874278
60	64	8	15.999	8	15.999	27.090955
60	65	8	15.999	8	15.999	33.428832
60	66	8	15.999	8	15.999	190.606803
60	67	8	15.999	8	15.999	96.612668
60	68	8	15.999	8	15.999	78.228634
60	69	8	15.999	8	15.999	102.256801
60	70	8	15.999	8	15.999	65.295931
60	71	8	15.999	8	15.999	193.636903
60	73	8	15.999	8	15.999	109.189370
60	74	8	15.999	8	15.999	58.165167
60	75	8	15.999	8	15.999	70.868145
60	76	8	15.999	8	15.999	196.078683
60	77	8	15.999	8	15.999	157.639045
60	78	8	15.999	8	15.999	172.445200
60	79	8	15.999	8	15.999	-69.534809
60	84	8	15.999	26	55.845	0.723724
60	85	8	15.999	26	55.845	0.425302
60	86	8	15.999	26	55.845	0.303193
60	87	8	15.999	26	55.845	-0.046019
60	88	8	15.999	26	55.845	0.372196
60	89	8	15.999	26	55.845	-0.260548
60	90	8	15.999	26	55.845	-3.037476
60	91	8	15.999	26	55.845	8.444780
60	92	8	15.999	26	55.845	-1.236195
60	93	8	15.999	26	55.845	5.225668
60	94	8	15.999	26	55.845	1.495819
60	95	8	15.999	26	55.845	6.438878
60	96	8	15.999	26	55.845	3.523815
60	97	8	15.999	26	55.845	-0.109344
60	100	8	15.999	26	55.845	-4.713416
60	101	8	15.999	26	55.845	10.546471
60	102	8	15.999	26	55.845	7.939051
61	61	8	15.999	8	15.999	17.042862
61	62	8	15.999	8	15.999	3.736529
61	63	8	15.999	8	15.999	23.780162
61	64	8	15.999	8	15.999	18.153957
61	65	8	15.999	8	15.999	100.763836
61	66	8	15.999	8	15.999	219.125205
61	67	8	15.999	8	15.999	228.518825
61	68	8	15.999	8	15.999	81.665625
61	69	8	15.999	8	15.999	202.769766
61	70	8	15.999	8	15.999	108.426257
61	71	8	15.999	8	15.999	355.043230
61	73	8	15.999	8	15.999	195.635054
61	74	8	15.999	8	15.999	104.462043
61	75	8	15.999	8	15.999	127.528198
61	76	8	15.999	8	15.999	345.762953
61	77	8	15.999	8	15.999	284.591449
61	78	8	15.999	8	15.999	308.854396
61	79	8	15.999	8	15.999	-112.412726
61	84	8	15.999	26	55.845	0.482399
61	85	8	15.999	26	55.845	0.283444
61	86	8	15.999	26	55.845	0.220365
61	87	8	15.999	26	55.845	-0.008680
61	88	8	15.999	26	55.845	0.433619
61	89	8	15.999	26	55.845	0.082652
61	90	8	15.999	26	55.845	-3.723078
61	91	8	15.999	26	55.845	14.591726
61	92	8	15.999	26	55.845	-1.607663
61	93	8	15.999	26	55.845	8.315837
61	94	8	15.999	26	55.845	3.171094
61	95	8	15.999	26	55.845	10.575347
61	96	8	15.999	26	55.845	6.896100
61	97	8	15.999	26	55.845	-0.324732
61	100	8	15.999	26	55.845	-8.483423
61	101	8	15.999	26	55.845	18.669571
61	102	8	15.999	26	55.845	13.166708
62	62	8	15.999	8	15.999	27.793379
62	63	8	15.999	8	15.999	3.180656
62	64	8	15.999	8	15.999	86.146382
62	65	8	15.999	8	15.999	49.599228
62	66	8	15.999	8	15.999	545.809610
62	67	8	15.999	8	15.999	194.378157
62	68	8	15.999	8	15.999	211.868542
62	69	8	15.999	8	15.999	243.243855
62	70	8	15.999	8	15.999	157.840871
62	71	8	15.999	8	15.999	468.402847
62	73	8	15.999	8	15.999	265.140175
62	74	8	15.999	8	15.999	142.159756
62	75	8	15.999	8	15.999	170.712455
62	76	8	15.999	8	15.999	475.819829
62	77	8	15.999	8	15.999	381.150649
62	78	8	15.999	8	15.999	423.028068
62	79	8	15.999	8	15.999	-167.268658
62	84	8	15.999	26	55.845	0.218293
62	85	8	15.999	26	55.845	0.123241
62	86	8	15.999	26	55.845	0.130581
62	87	8	15.999	26	55.845	-0.005987
62	88	8	15.999	26	55.845	0.618856
62	89	8	15.999	26	55.845	0.818174
62	90	8	15.999	26	55.845	-10.349954
62	91	8	15.999	26	55.845	23.829023
62	92	8	15.999	26	55.845	-5.515617
62	93	8	15.999	26	55.845	13.810518
62	94	8	15.999	26	55.845	1.356111
62	95	8	15.999	26	55.845	15.141463
62	96	8	15.999	26	55.845	8.068747
62	97	8	15.999	26	55.845	-0.194566
62	100	8	15.999	26	55.845	-12.457383
62	101	8	15.999	26	55.845	25.457635
62	102	8	15.999	26	55.845	19.155326
63	63	8	15.999	8	15.999	86.568160
63	64	8	15.999	8	15.999	-39.330376
63	65	8	15.999	8	15.999	398.018080
63	66	8	15.999	8	15.999	239.861351
63	67	8	15.999	8	15.999	787.223213
63	68	8	15.999	8	15.999	46.010527
63	69	8	15.999	8	15.999	615.091231
63	70	8	15.999	8	15.999	272.311835
63	71	8	15.999	8	15.999	995.993619
63	73	8	15.999	8	15.999	536.209795
63	74	8	15.999	8	15.999	286.049699
63	75	8	15.999	8	15.999	352.673931
63	76	8	15.999	8	15.999	938.695849
63	77	8	15.999	8	15.999	782.945491
63	78	8	15.999	8	15.999	850.123114
63	79	8	15.999	8	15.999	-293.369774
63	84	8	15.999	26	55.845	0.070339
63	85	8	15.999	26	55.845	0.035915
63	86	8	15.999	26	55.845	0.115921
63	87	8	15.999	26	55.845	0.059124
63	88	8	15.999	26	55.845	1.019412
63	89	8	15.999	26	55.845	1.412560
63	90	8	15.999	26	55.845	-3.986538
63	91	8	15.999	26	55.845	38.433876
63	92	8	15.999	26	55.845	-2.356732
63	93	8	15.999	26	55.845	19.848478
63	94	8	15.999	26	55.845	10.343043
63	95	8	15.999	26	55.845	26.301323
63	96	8	15.999	26	55.845	20.556138
63	97	8	15.999	26	55.845	-1.303698
63	100	8	15.999	26	55.845	-23.856703
63	101	8	15.999	26	55.845	51.311292
63	102	8	15.999	26	55.845	34.813336
64	64	8	15.999	8	15.999	662.206351
64	65	8	15.999	8	15.999	-606.747049
64	66	8	15.999	8	15.999	3607.321841
64	67	8	15.999	8	15.999	-518.357320
64	68	8	15.999	8	15.999	1485.208134
64	69	8	15.999	8	15.999	298.798135
64	70	8	15.999	8	15.999	502.497163
64	71	8	15.999	8	15.999	1037.713617
64	73	8	15.999	8	15.999	656.823129
64	74	8	15.999	8	15.999	356.117744
64	75	8	15.999	8	15.999	403.860986
64	76	8	15.999	8	15.999	1248.640434
64	77	8	15.999	8	15.999	909.695218
64	78	8	15.999	8	15.999	1065.030823
64	79	8	15.999	8	15.999	-547.376761
64	84	8	15.999	26	55.845	-0.009114
64	85	8	15.999	26	55.845	-0.036911
64	86	8	15.999	26	55.845	0.154455
64	87	8	15.999	26	55.845	-0.054029
64	88	8	15.999	26	55.845	2.328919
64	89	8	15.999	26	55.845	4.230699
64	90	8	15.999	26	55.845	-70.849521
64	91	8	15.999	26	55.845	88.972495
64	92	8	15.999	26	55.845	-38.384225
64	93	8	15.999	26	55.845	56.513867
64	94	8	15.999	26	55.845	-18.279226
64	95	8	15.999	26	55.845	47.382279
64	96	8	15.999	26	55.845	8.086475
64	97	8	15.999	26	55.845	1.909446
64	100	8	15.999	26	55.845	-35.381894
64	101	8	15.999	26	55.845	63.194552
64	102	8	15.999	26	55.845	59.125663
65	65	8	15.999	8	15.999	6148.265872
65	66	8	15.999	8	15.999	-4493.051931
65	67	8	15.999	8	15.999	11644.385497
65	68	8	15.999	8	15.999	-2109.827953
65	69	8	15.999	8	15.999	7659.744063
65	70	8	15.999	8	15.999	2764.454434
65	71	8	15.999	8	15.999	11497.816342
65	73	8	15.999	8	15.999	5988.762549
65	74	8	15.999	8	15.999	3203.806897
65	75	8	15.999	8	15.999	3978.736033
65	76	8	15.999	8	15.999	10041.091909
65	77	8	15.999	8	15.999	8942.739847
65	78	8	15.999	8	15.999	9412.456586
65	79	8	15.999	8	15.999	-2339.781007
65	84	8	15.999	26	55.845	-0.096143
65	85	8	15.999	26	55.845	0.038524
65	86	8	15.999	26	55.845	0.032117
65	87	8	15.999	26	55.845	0.575054
65	88	8	15.999	26	55.845	-0.371548
65	89	8	15.999	26	55.845	5.669679
65	90	8	15.999	26	55.845	98.224269
65	91	8	15.999	26	55.845	295.301037
65	92	8	15.999	26	55.845	63.165659
65	93	8	15.999	26	55.845	139.217943
65	94	8	15.999	26	55.845	197.820362
65	95	8	15.999	26	55.845	279.640725
65	96	8	15.999	26	55.845	283.839183
65	97	8	15.999	26	55.845	-22.527613
65	100	8	15.999	26	55.845	-239.377583
65	101	8	15.999	26	55.845	571.903670
65	102	8	15.999	26	55.845	306.354417
66	66	8	15.999	8	15.999	110579.834091
66	67	8	15.999	8	15.999	-63021.793107
66	68	8	15.999	8	15.999	72690.325399
66	69	8	15.999	8	15.999	-22603.339495
66	70	8	15.999	8	15.999	10432.776021
66	71	8	15.999	8	15.999	-4868.271499
66	73	8	15.999	8	15.999	1593.871493
66	74	8	15.999	8	15.999	2172.902665
66	75	8	15.999	8	15.999	-547.296184
66	76	8	15.999	8	15.999	-334.879009
66	77	8	15.999	8	15.999	4724.237942
66	78	8	15.999	8	15.999	2146.582314
66	79	8	15.999	8	15.999	10222.309956
66	84	8	15.999	26	55.845	-0.554794
66	85	8	15.999	26	55.845	-1.318623
66	86	8	15.999	26	55.845	-2.288407
66	87	8	15.999	26	55.845	-9.372048
66	88	8	15.999	26	55.845	5.480549
66	89	8	15.999	26	55.845	-97.125346
66	90	8	15.999	26	55.845	-1528.989782
66	91	8	15.999	26	55.845	211.228925
66	92	8	15.999	26	55.845	-489.862749
66	93	8	15.999	26	55.845	1166.463974
66	94	8	15.999	26	55.845	-216.465139
66	95	8	15.999	26	55.845	1909.168755
66	96	8	15.999	26	55.845	118.385327
66	97	8	15.999	26	55.845	137.091077
66	100	8	15.999	26	55.845	432.964973
66	101	8	15.999	26	55.845	313.299320
66	102	8	15.999	26	55.845	-869.725920
67	67	8	15.999	8	15.999	833860.230882
67	68	8	15.999	8	15.999	-969546.678427
67	69	8	15.999	8	15.999	708685.926789
67	70	8	15.999	8	15.999	-40210.254093
67	71	8	15.999	8	15.999	645336.839989
67	73	8	15.999	8	15.999	287844.196937
67	74	8	15.999	8	15.999	132570.667775
67	75	8	15.999	8	15.999	191154.364266
67	76	8	15.999	8	15.999	581362.032424
67	77	8	15.999	8	15.999	347811.383141
67	78	8	15.999	8	15.999	467495.862824
67	79	8	15.999	8	15.999	-402348.020387
67	84	8	15.999	26	55.845	-13.383183
67	85	8	15.999	26	55.845	5.542296
67	86	8	15.999	26	55.845	-34.590213
67	87	8	15.999	26	55.845	22.929840
67	88	8	15.999	26	55.845	-436.039246
67	89	8	15.999	26	55.845	1610.654410
67	90	8	15.999	26	55.845	-22493.072227
67	91	8	15.999	26	55.845	76570.511455
67	92	8	15.999	26	55.845	-29615.868631
67	93	8	15.999	26	55.845	16921.367669
67	94	8	15.999	26	55.845	-13982.036550
67	95	8	15.999	26	55.845	-8002.705131
67	96	8	15.999	26	55.845	376.805067
67	97	8	15.999	26	55.845	-789.477849
67	100	8	15.999	26	55.845	-24590.382527
67	101	8	15.999	26	55.845	24574.170408
67	102	8	15.999	26	55.845	40126.191467
68	68	8	15.999	8	15.999	10385109.319920
68	69	8	15.999	8	15.999	-3830450.216785
68	70	8	15.999	8	15.999	2651606.938446
68	71	8	15.999	8	15.999	-667478.608345
68	73	8	15.999	8	15.999	424119.291311
68	74	8	15.999	8	15.999	264202.967717
68	75	8	15.999	8	15.999	389737.049902
68	76	8	15.999	8	15.999	731509.794690
68	77	8	15.999	8	15.999	796242.258617
68	78	8	15.999	8	15.999	777602.774121
68	79	8	15.999	8	15.999	-11517.444975
68	84	8	15.999	26	55.845	41.287832
68	85	8	15.999	26	55.845	-24.690743
68	86	8	15.999	26	55.845	98.233057
68	87	8	15.999	26	55.845	-129.264358
68	88	8	15.999	26	55.845	1448.859618
68	89	8	15.999	26	55.845	-6024.765393
68	90	8	15.999	26	55.845	98972.653551
68	91	8	15.999	26	55.845	-710752.834213
68	92	8	15.999	26	55.845	321287.310377
68	93	8	15.999	26	55.845	-178881.599604
68	94	8	15.999	26	55.845	152479.630767
68	95	8	15.999	26	55.845	25125.374925
68	96	8	15.999	26	55.845	51720.450599
68	97	8	15.999	26	55.845	-7646.579359
68	100	8	15.999	26	55.845	-11347.435304
68	101	8	15.999	26	55.845	50203.347752
68	102	8	15.999	26	55.845	8491.597527
69	69	8	15.999	8	15.999	5386150.468173
69	70	8	15.999	8	15.999	-3259051.685478
69	71	8	15.999	8	15.999	2878642.529315
69	73	8	15.999	8	15.999	375892.395011
69	74	8	15.999	8	15.999	197571.093821
69	75	8	15.999	8	15.999	103605.859407
69	76	8	15.999	8	15.999	322944.072122
69	77	8	15.999	8	15.999	526107.975523
69	78	8	15.999	8	15.999	416623.110852
69	79	8	15.999	8	15.999	358763.029739
69	84	8	15.999	26	55.845	-9.858426
69	85	8	15.999	26	55.845	11.942653
69	86	8	15.999	26	55.845	-13.545771
69	87	8	15.999	26	55.845	88.847528
69	88	8	15.999	26	55.845	-466.840052
69	89	8	15.999	26	55.845	2537.172963
69	90	8	15.999	26	55.845	-33326.927670
69	91	8	15.999	26	55.845	300990.318030
69	92	8	15.999	26	55.845	-348682.423452
69	93	8	15.999	26	55.845	261506.379886
69	94	8	15.999	26	55.845	-157176.595128
69	95	8	15.999	26	55.845	66249.591715
69	96	8	15.999	26	55.845	9119.016649
69	97	8	15.999	26	55.845	5105.832067
69	100	8	15.999	26	55.845	8286.261603
69	101	8	15.999	26	55.845	33614.032545
69	102	8	15.999	26	55.845	-26250.462900
70	70	8	15.999	8	15.999	5779687.837694
70	71	8	15.999	8	15.999	-2233095.473078
70	73	8	15.999	8	15.999	945388.600345
70	74	8	15.999	8	15.999	-138435.706136
70	75	8	15.999	8	15.999	176768.901208
70	76	8	15.999	8	15.999	305050.813239
70	77	8	15.999	8	15.999	290752.744056
70	78	8	15.999	8	15.999	329372.706492
70	79	8	15.999	8	15.999	-215142.949183
70	84	8	15.999	26	55.845	5.980586
70	85	8	15.999	26	55.845	-5.939087
70	86	8	15.999	26	55.845	11.467289
70	87	8	15.999	26	55.845	-38.205126
70	88	8	15.999	26	55.845	247.450231
70	89	8	15.999	26	55.845	-1171.656893
70	90	8	15.999	26	55.845	18466.654317
70	91	8	15.999	26	55.845	-188324.324872
70	92	8	15.999	26	55.845	257816.958224
70	93	8	15.999	26	55.845	-372764.120843
70	94	8	15.999	26	55.845	167619.649516
70	95	8	15.999	26	55.845	-2119.188404
70	96	8	15.999	26	55.845	-73220.768149
70	97	8	15.999	26	55.845	21138.501516
70	100	8	15.999	26	55.845	-16298.963364
70	101	8	15.999	26	55.845	17455.712421
70	102	8	15.999	26	55.845	20977.804185
71	71	8	15.999	8	15.999	8411346.373692
71	73	8	15.999	8	15.999	1451689.401242
71	74	8	15.999	8	15.999	452346.438041
71	75	8	15.999	8	15.999	434475.882771
71	76	8	15.999	8	15.999	978865.800380
71	77	8	15.999	8	15.999	1538228.269337
71	78	8	15.999	8	15.999	1282539.569754
71	79	8	15.999	8	15.999	771824.804030
71	84	8	15.999	26	55.845	1.337386
71	85	8	15.999	26	55.845	6.088848
71	86	8	15.999	26	55.845	15.207238
71	87	8	15.999	26	55.845	64.178469
71	88	8	15.999	26	55.845	-99.881935
71	89	8	15.999	26	55.845	1163.654323
71	90	8	15.999	26	55.845	-7850.904218
71	91	8	15.999	26	55.845	101603.010407
71	92	8	15.999	26	55.845	-150426.207301
71	93	8	15.999	26	55.845	212232.716233
71	94	8	15.999	26	55.845	-428598.693414
71	95	8	15.999	26	55.845	126853.033933
71	96	8	15.999	26	55.845	6755.484531
71	97	8	15.999	26	55.845	14011.387061
71	100	8	15.999	26	55.845	9780.815028
71	101	8	15.999	26	55.845	98436.885486
71	102	8	15.999	26	55.845	-54087.125754
73	73	8	15.999	8	15.999	12176097.320820
73	74	8	15.999	8	15.999	-4145480.380570
73	75	8	15.999	8	15.999	1727006.768348
73	76	8	15.999	8	15.999	-1431803.974363
73	77	8	15.999	8	15.999	1818627.725225
73	78	8	15.999	8	15.999	793112.289991
73	79	8	15.999	8	15.999	823357.491759
73	84	8	15.999	26	55.845	2.358884
73	85	8	15.999	26	55.845	1.419171
73	86	8	15.999	26	55.845	10.818482
73	87	8	15.999	26	55.845	21.455451
73	88	8	15.999	26	55.845	20.495942
73	89	8	15.999	26	55.845	239.163267
73	90	8	15.999	26	55.845	1416.720549
73	91	8	15.999	26	55.845	38.550383
73	92	8	15.999	26	55.845	1357.741849
73	93	8	15.999	26	55.845	-17990.344046
73	94	8	15.999	26	55.845	-82223.447043
73	95	8	15.999	26	55.845	273539.763766
73	96	8	15.999	26	55.845	-1063971.887905
73	97	8	15.999	26	55.845	358934.315378
73	100	8	15.999	26	55.845	-9165.036069
73	101	8	15.999	26	55.845	44591.068511
73	102	8	15.999	26	55.845	-98289.386315
74	74	8	15.999	8	15.999	9632982.674756
74	75	8	15.999	8	15.999	-6590550.462630
74	76	8	15.999	8	15.999	7221426.510640
74	77	8	15.999	8	15.999	-1694970.156168
74	78	8	15.999	8	15.999	2135656.152907
74	79	8	15.999	8	15.999	-2066426.671977
74	84	8	15.999	26	55.845	3.600585
74	85	8	15.999	26	55.845	0.845513
74	86	8	15.999	26	55.845	13.493504
74	87	8	15.999	26	55.845	17.609101
74	88	8	15.999	26	55.845	65.834055
74	89	8	15.999	26	55.845	17.220995
74	90	8	15.999	26	55.845	3571.551543
74	91	8	15.999	26	55.845	6644.115770
74	92	8	15.999	26	55.845	-1336.579421
74	93	8	15.999	26	55.845	41692.300892
74	94	8	15.999	26	55.845	-5674.724119
74	95	8	15.999	26	55.845	136797.985015
74	96	8	15.999	26	55.845	223607.717646
74	97	8	15.999	26	55.845	-447549.625932
74	100	8	15.999	26	55.845	-135499.126866
74	101	8	15.999	26	55.845	243726.173868
74	102	8	15.999	26	55.845	283653.875152
75	75	8	15.999	8	15.999	16654149.791990
75	76	8	15.999	8	15.999	-13307272.033210
75	77	8	15.999	8	15.999	5820194.805035
75	78	8	15.999	8	15.999	-4146057.362049
75	79	8	15.999	8	15.999	7188405.241589
75	84	8	15.999	26	55.845	2.758075
75	85	8	15.999	26	55.845	-0.552672
75	86	8	15.999	26	55.845	9.011585
75	87	8	15.999	26	55.845	3.260992
75	88	8	15.999	26	55.845	75.525728
75	89	8	15.999	26	55.845	-175.595415
75	90	8	15.999	26	55.845	4317.965586
75	91	8	15.999	26	55.845	-22611.084424
75	92	8	15.999	26	55.845	33135.116307
75	93	8	15.999	26	55.845	-34399.094040
75	94	8	15.999	26	55.845	113703.135146
75	95	8	15.999	26	55.845	-138686.072508
75	96	8	15.999	26	55.845	392269.448628
75	97	8	15.999	26	55.845	-295959.344877
75	100	8	15.999	26	55.845	633065.982159
75	101	8	15.999	26	55.845	-507508.531320
75	102	8	15.999	26	55.845	-818172.100753
76	76	8	15.999	8	15.999	41631875.678272
76	77	8	15.999	8	15.999	-13303215.037922
76	78	8	15.999	8	15.999	16114570.679868
76	79	8	15.999	8	15.999	-18787263.809378
76	84	8	15.999	26	55.845	-0.809152
76	85	8	15.999	26	55.845	2.227040
76	86	8	15.999	26	55.845	2.423519
76	87	8	15.999	26	55.845	23.280055
76	88	8	15.999	26	55.845	-70.766879
76	89	8	15.999	26	55.845	545.591824
76	90	8	15.999	26	55.845	-2031.354742
76	91	8	15.999	26	55.845	-8193.960588
76	92	8	15.999	26	55.845	784.313006
76	93	8	15.999	26	55.845	45530.517994
76	94	8	15.999	26	55.845	-57624.129117
76	95	8	15.999	26	55.845	275986.837488
76	96	8	15.999	26	55.845	-189434.486596
76	97	8	15.999	26	55.845	105423.415520
76	100	8	15.999	26	55.845	-1826778.512141
76	101	8	15.999	26	55.845	1671125.177148
76	102	8	15.999	26	55.845	2324985.008173
77	77	8	15.999	8	15.999	52119007.547175
77	78	8	15.999	8	15.999	27839098.485182
77	79	8	15.999	8	15.999	-8359617.947462
77	84	8	15.999	26	55.845	11.833919
77	85	8	15.999	26	55.845	2.568541
77	86	8	15.999	26	55.845	42.960414
77	87	8	15.999	26	55.845	53.734180
77	88	8	15.999	26	55.845	213.134381
77	89	8	15.999	26	55.845	71.465308
77	90	8	15.999	26	55.845	12246.300260
77	91	8	15.999	26	55.845	-1900.172069
77	92	8	15.999	26	55.845	25998.499643
77	93	8	15.999	26	55.845	26936.726748
77	94	8	15.999	26	55.845	68120.292545
77	95	8	15.999	26	55.845	228085.658415
77	96	8	15.999	26	55.845	92615.087835
77	97	8	15.999	26	55.845	18261.026794
77	100	8	15.999	26	55.845	-2994378.122715
77	101	8	15.999	26	55.845	251889.099706
77	102	8	15.999	26	55.845	-1205751.058761
78	78	8	15.999	8	15.999	116323670.052193
78	79	8	15.999	8	15.999	-56046511.550092
78	84	8	15.999	26	55.845	4.110604
78	85	8	15.999	26	55.845	-1.172327
78	86	8	15.999	26	55.845	15.115244
78	87	8	15.999	26	55.845	5.316131
78	88	8	15.999	26	55.845	137.697800
78	89	8	15.999	26	55.845	-388.781254
78	90	8	15.999	26	55.845	5207.397692
78	91	8	15.999	26	55.845	-7670.689967
78	92	8	15.999	26	55.845	14354.324322
78	93	8	15.999	26	55.845	30255.379482
78	94	8	15.999	26	55.845	7205.273008
78	95	8	15.999	26	55.845	234125.085340
78	96	8	15.999	26	55.845	-90843.368281
78	97	8	15.999	26	55.845	132703.500421
78	100	8	15.999	26	55.845	-12322132.348815
78	101	8	15.999	26	55.845	3867311.100905
78	102	8	15.999	26	55.845	5725172.656040
79	79	8	15.999	8	15.999	357274318.246073
79	84	8	15.999	26	55.845	18.097880
79	85	8	15.999	26	55.845	1.533325
79	86	8	15.999	26	55.845	59.544743
79	87	8	15.999	26	55.845	54.697609
79	88	8	15.999	26	55.845	375.005991
79	89	8	15.999	26	55.845	-489.830401
79	90	8	15.999	26	55.845	20017.957410
79	91	8	15.999	26	55.845	35229.090481
79	92	8	15.999	26	55.845	5713.298216
79	93	8	15.999	26	55.845	39040.429088
79	94	8	15.999	26	55.845	66505.356489
79	95	8	15.999	26	55.845	218266.162484
79	96	8	15.999	26	55.845	183100.029894
79	97	8	15.999	26	55.845	-101917.764287
79	100	8	15.999	26	55.845	10185089.312380
79	101	8	15.999	26	55.845	-25581324.888527
79	102	8	15.999	26	55.845	-28108174.054632
84	84	26	55.845	26	55.845	0.525397
84	85	26	55.845	26	55.845	-0.275291
84	86	26	55.845	26	55.845	0.426232
84	87	26	55.845	26	55.845	-0.119940
84	88	26	55.845	26	55.845	0.991409
84	89	26	55.845	26	55.845	-0.787137
84	90	26	55.845	26	55.845	5.099012
84	91	26	55.845	26	55.845	-3.121057
84	92	26	55.845	26	55.845	3.131015
84	93	26	55.845	26	55.845	0.154698
84	94	26	55.845	26	55.845	2.584878
84	95	26	55.845	26	55.845	2.618056
84	96	26	55.845	26	55.845	1.566322
84	97	26	55.845	26	55.845	-0.077827
84	100	26	55.845	26	55.845	1.233324
84	101	26	55.845	26	55.845	0.903100
84	102	26	55.845	26	55.845	-1.528125
85	85	26	55.845	26	55.845	0.422748
85	86	26	55.845	26	55.845	-0.165644
85	87	26	55.845	26	55.845	0.680465
85	88	26	55.845	26	55.845	-0.665908
85	89	26	55.845	26	55.845	1.825970
85	90	26	55.845	26	55.845	-1.240735
85	91	26	55.845	26	55.845	3.387324
85	92	26	55.845	26	55.845	-1.432731
85	93	26	55.845	26	55.845	1.529564
85	94	26	55.845	26	55.845	-0.319088
85	95	26	55.845	26	55.845	1.114596
85	96	26	55.845	26	55.845	-0.227611
85	97	26	55.845	26	55.845	0.127536
85	100	26	55.845	26	55.845	0.556192
85	101	26	55.845	26	55.845	0.033665
85	102	26	55.845	26	55.845	-0.115090
86	86	26	55.845	26	55.845	0.973083
86	87	26	55.845	26	55.845	0.500762
86	88	26	55.845	26	55.845	2.260990
86	89	26	55.845	26	55.845	0.066055
86	90	26	55.845	26	55.845	14.425285
86	91	26	55.845	26	55.845	-5.128892
86	92	26	55.845	26	55.845	7.838310
86	93	26	55.845	26	55.845	2.529349
86	94	26	55.845	26	55.845	7.550785
86	95	26	55.845	26	55.845	9.643710
86	96	26	55.845	26	55.845	4.766498
86	97	26	55.845	26	55.845	-0.098181
86	100	26	55.845	26	55.845	4.345770
86	101	26	55.845	26	55.845	3.076939
86	102	26	55.845	26	55.845	-4.980817
87	87	26	55.845	26	55.845	4.687850
87	88	26	55.845	26	55.845	-3.526836
87	89	26	55.845	26	55.845	14.630241
87	90	26	55.845	26	55.845	-0.572114
87	91	26	55.845	26	55.845	23.816841
87	92	26	55.845	26	55.845	-6.495624
87	93	26	55.845	26	55.845	13.627667
87	94	26	55.845	26	55.845	1.971048
87	95	26	55.845	26	55.845	14.456666
87	96	26	55.845	26	55.845	1.307643
87	97	26	55.845	26	55.845	0.922382
87	100	26	55.845	26	55.845	6.827987
87	101	26	55.845	26	55.845	2.165191
87	102	26	55.845	26	55.845	-4.428377
88	88	26	55.845	26	55.845	28.846378
88	89	26	55.845	26	55.845	-49.557628
88	90	26	55.845	26	55.845	146.198401
88	91	26	55.845	26	55.845	-137.687826
88	92	26	55.845	26	55.845	101.474279
88	93	26	55.845	26	55.845	-24.758463
88	94	26	55.845	26	55.845	66.764804
88	95	26	55.845	26	55.845	42.744588
88	96	26	55.845	26	55.845	43.301305
88	97	26	55.845	26	55.845	-4.554988
88	100	26	55.845	26	55.845	16.354617
88	101	26	55.845	26	55.845	23.977449
88	102	26	55.845	26	55.845	-31.937455
89	89	26	55.845	26	55.845	275.952289
89	90	26	55.845	26	55.845	-447.104623
89	91	26	55.845	26	55.845	692.818900
89	92	26	55.845	26	55.845	-378.344673
89	93	26	55.845	26	55.845	246.786495
89	94	26	55.845	26	55.845	-154.799116
89	95	26	55.845	26	55.845	78.673580
89	96	26	55.845	26	55.845	-112.145413
89	97	26	55.845	26	55.845	26.674566
89	100	26	55.845	26	55.845	54.030893
89	101	26	55.845	26	55.845	-38.049456
89	102	26	55.845	26	55.845	44.757020
90	90	26	55.845	26	55.845	7055.580472
90	91	26	55.845	26	55.845	-9052.432939
90	92	26	55.845	26	55.845	6169.395404
90	93	26	55.845	26	55.845	-2139.768203
90	94	26	55.845	26	55.845	3652.601950
90	95	26	55.845	26	55.845	1229.128920
90	96	26	55.845	26	55.845	1976.925330
90	97	26	55.845	26	55.845	-259.158407
90	100	26	55.845	26	55.845	819.805102
90	101	26	55.845	26	55.845	684.088589
90	102	26	55.845	26	55.845	-1701.801741
91	91	26	55.845	26	55.845	78847.459987
91	92	26	55.845	26	55.845	-37127.070565
91	93	26	55.845	26	55.845	29585.220941
91	94	26	55.845	26	55.845	-17370.971664
91	95	26	55.845	26	55.845	11480.609510
91	96	26	55.845	26	55.845	-3853.995473
91	97	26	55.845	26	55.845	1711.225939
91	100	26	55.845	26	55.845	1865.716195
91	101	26	55.845	26	55.845	151.882490
91	102	26	55.845	26	55.845	-3015.360461
92	92	26	55.845	26	55.845	47947.102053
92	93	26	55.845	26	55.845	-36571.926446
92	94	26	55.845	26	55.845	29522.838848
92	95	26	55.845	26	55.845	-10784.320591
92	96	26	55.845	26	55.845	8585.361091
92	97	26	55.845	26	55.845	-2468.657626
92	100	26	55.845	26	55.845	-100.587872
92	101	26	55.845	26	55.845	930.576509
92	102	26	55.845	26	55.845	-489.031926
93	93	26	55.845	26	55.845	56364.555468
93	94	26	55.845	26	55.845	-36317.708322
93	95	26	55.845	26	55.845	27699.188119
93	96	26	55.845	26	55.845	-4688.209258
93	97	26	55.845	26	55.845	2726.945077
93	100	26	55.845	26	55.845	2155.797431
93	101	26	55.845	26	55.845	2851.322068
93	102	26	55.845	26	55.845	-2741.587665
94	94	26	55.845	26	55.845	93271.557332
94	95	26	55.845	26	55.845	-40009.223046
94	96	26	55.845	26	55.845	41565.548189
94	97	26	55.845	26	55.845	-11544.310486
94	100	26	55.845	26	55.845	1994.551224
94	101	26	55.845	26	55.845	1201.256551
94	102	26	55.845	26	55.845	-6216.675978
95	95	26	55.845	26	55.845	126262.712399
95	96	26	55.845	26	55.845	-53192.254225
95	97	26	55.845	26	55.845	24658.427337
95	100	26	55.845	26	55.845	9840.207382
95	101	26	55.845	26	55.845	19268.766181
95	102	26	55.845	26	55.845	-15304.091284
96	96	26	55.845	26	55.845	213862.647671
96	97	26	55.845	26	55.845	-74084.237588
96	100	26	55.845	26	55.845	10524.581030
96	101	26	55.845	26	55.845	-5431.917376
96	102	26	55.845	26	55.845	-16833.482231
97	97	26	55.845	26	55.845	87685.690547
97	100	26	55.845	26	55.845	-11108.612711
97	101	26	55.845	26	55.845	9171.523436
97	102	26	55.845	26	55.845	8928.213781
100	100	26	55.845	26	55.845	1671746.252036
100	101	26	55.845	26	55.845	-788230.555796
100	102	26	55.845	26	55.845	-859312.246957
101	101	26	55.845	26	55.845	2262279.887644
101	102	26	55.845	26	55.845	2102954.735554
102	102	26	55.845	26	55.845	2551420.860915
