#i	j	Z1	A1	Z2	A2	cov [1/(GV.m2.sr.s)^2]
#(zeros and redundant entries (covariance is symmetric) are omitted)
1	1	1	1.008	1	1.008	2333854.175400
1	2	1	1.008	1	1.008	1306011.053509
1	3	1	1.008	1	1.008	1104279.666056
1	4	1	1.008	1	1.008	748291.097130
1	5	1	1.008	1	1.008	430226.424887
1	6	1	1.008	1	1.008	155088.245808
1	7	1	1.008	1	1.008	64981.249358
1	8	1	1.008	1	1.008	22335.906731
1	9	1	1.008	1	1.008	210594.048005
1	10	1	1.008	1	1.008	7277.240337
1	11	1	1.008	1	1.008	368648.241770
1	12	1	1.008	1	1.008	285671.188515
1	13	1	1.008	1	1.008	132222.667760
1	14	1	1.008	1	1.008	238293.029082
1	15	1	1.008	1	1.008	378738.945368
1	16	1	1.008	1	1.008	419519.569214
1	17	1	1.008	1	1.008	140025.899625
1	18	1	1.008	1	1.008	164053.019018
1	19	1	1.008	1	1.008	176736.689157
1	20	1	1.008	1	1.008	152280.283569
1	21	1	1.008	1	1.008	253531.161301
1	22	1	1.008	1	1.008	123165.480782
1	23	1	1.008	1	1.008	188733.772429
1	24	1	1.008	1	1.008	35717.323804
1	30	1	1.008	2	4.003	223960.456866
1	31	1	1.008	2	4.003	199783.674356
1	32	1	1.008	2	4.003	123370.174831
1	33	1	1.008	2	4.003	74828.405751
1	34	1	1.008	2	4.003	30179.583739
1	35	1	1.008	2	4.003	8210.902072
1	36	1	1.008	2	4.003	-1057.856850
1	37	1	1.008	2	4.003	5337.373073
1	38	1	1.008	2	4.003	4850.836529
1	39	1	1.008	2	4.003	20514.743898
1	40	1	1.008	2	4.003	81834.106447
1	41	1	1.008	2	4.003	25876.963709
1	42	1	1.008	2	4.003	134422.098801
1	43	1	1.008	2	4.003	67918.945420
1	44	1	1.008	2	4.003	14141.628897
1	46	1	1.008	2	4.003	20219.396041
1	47	1	1.008	2	4.003	6299.738401
1	48	1	1.008	2	4.003	48884.449159
1	49	1	1.008	2	4.003	-20064.408917
1	50	1	1.008	2	4.003	31462.461876
1	51	1	1.008	2	4.003	-5307.130000
1	52	1	1.008	2	4.003	10170.739397
1	57	1	1.008	8	15.999	1164.530222
1	58	1	1.008	8	15.999	3877.670025
1	59	1	1.008	8	15.999	4665.587555
1	60	1	1.008	8	15.999	3349.079814
1	61	1	1.008	8	15.999	2207.140253
1	62	1	1.008	8	15.999	961.188454
1	63	1	1.008	8	15.999	213.903297
1	64	1	1.008	8	15.999	-252.318136
1	65	1	1.008	8	15.999	-363.933785
1	66	1	1.008	8	15.999	-1330.096063
1	67	1	1.008	8	15.999	-1710.866406
1	68	1	1.008	8	15.999	8045.954486
1	69	1	1.008	8	15.999	-1857.331069
1	70	1	1.008	8	15.999	3131.009747
1	71	1	1.008	8	15.999	1193.406738
1	72	1	1.008	8	15.999	4353.713608
1	73	1	1.008	8	15.999	352.150344
1	74	1	1.008	8	15.999	1235.814985
1	75	1	1.008	8	15.999	886.053147
1	76	1	1.008	8	15.999	63.978254
1	77	1	1.008	8	15.999	4990.501584
1	78	1	1.008	8	15.999	2020.301483
1	79	1	1.008	8	15.999	460.694560
1	84	1	1.008	26	55.845	381.568841
1	85	1	1.008	26	55.845	225.771469
1	86	1	1.008	26	55.845	152.854966
1	87	1	1.008	26	55.845	-20.426853
1	88	1	1.008	26	55.845	86.021911
1	89	1	1.008	26	55.845	-373.468913
1	90	1	1.008	26	55.845	641.660347
1	91	1	1.008	26	55.845	-809.287505
1	92	1	1.008	26	55.845	741.237038
1	93	1	1.008	26	55.845	22.839342
1	94	1	1.008	26	55.845	1039.273682
1	95	1	1.008	26	55.845	543.681587
1	96	1	1.008	26	55.845	749.523703
1	97	1	1.008	26	55.845	-3.431738
1	98	1	1.008	26	55.845	11.424686
1	100	1	1.008	26	55.845	452.481162
1	101	1	1.008	26	55.845	874.993326
2	2	1	1.008	1	1.008	1323087.610885
2	3	1	1.008	1	1.008	823826.591679
2	4	1	1.008	1	1.008	675162.702560
2	5	1	1.008	1	1.008	329957.975727
2	6	1	1.008	1	1.008	155427.340105
2	7	1	1.008	1	1.008	38705.064293
2	8	1	1.008	1	1.008	71900.566227
2	9	1	1.008	1	1.008	167782.087851
2	10	1	1.008	1	1.008	82982.108753
2	11	1	1.008	1	1.008	341740.004671
2	12	1	1.008	1	1.008	389247.613630
2	13	1	1.008	1	1.008	117880.086610
2	14	1	1.008	1	1.008	302878.799187
2	15	1	1.008	1	1.008	410683.036000
2	16	1	1.008	1	1.008	483384.874729
2	17	1	1.008	1	1.008	144846.621207
2	18	1	1.008	1	1.008	189142.017485
2	19	1	1.008	1	1.008	195052.881671
2	20	1	1.008	1	1.008	175665.340497
2	21	1	1.008	1	1.008	288869.430040
2	22	1	1.008	1	1.008	141795.539360
2	23	1	1.008	1	1.008	212861.240004
2	24	1	1.008	1	1.008	42034.126094
2	30	1	1.008	2	4.003	179384.731053
2	31	1	1.008	2	4.003	165107.170537
2	32	1	1.008	2	4.003	101450.216631
2	33	1	1.008	2	4.003	61867.832149
2	34	1	1.008	2	4.003	24600.192977
2	35	1	1.008	2	4.003	6309.816075
2	36	1	1.008	2	4.003	-2614.466374
2	37	1	1.008	2	4.003	231.803276
2	38	1	1.008	2	4.003	4629.168585
2	39	1	1.008	2	4.003	1991.528251
2	40	1	1.008	2	4.003	103664.172524
2	41	1	1.008	2	4.003	25107.977495
2	42	1	1.008	2	4.003	156642.778858
2	43	1	1.008	2	4.003	74731.888397
2	44	1	1.008	2	4.003	17951.093074
2	46	1	1.008	2	4.003	22554.720906
2	47	1	1.008	2	4.003	7858.380155
2	48	1	1.008	2	4.003	54856.896402
2	49	1	1.008	2	4.003	-20155.334260
2	50	1	1.008	2	4.003	32770.763926
2	51	1	1.008	2	4.003	-4236.229747
2	52	1	1.008	2	4.003	9327.233150
2	57	1	1.008	8	15.999	962.719410
2	58	1	1.008	8	15.999	3200.946182
2	59	1	1.008	8	15.999	3883.799207
2	60	1	1.008	8	15.999	2781.223631
2	61	1	1.008	8	15.999	1836.566038
2	62	1	1.008	8	15.999	796.889065
2	63	1	1.008	8	15.999	179.965349
2	64	1	1.008	8	15.999	-209.590380
2	65	1	1.008	8	15.999	-294.541887
2	66	1	1.008	8	15.999	-1129.138503
2	67	1	1.008	8	15.999	-1864.942524
2	68	1	1.008	8	15.999	7694.889121
2	69	1	1.008	8	15.999	-1019.557094
2	70	1	1.008	8	15.999	3679.381876
2	71	1	1.008	8	15.999	2448.546210
2	72	1	1.008	8	15.999	5142.716386
2	73	1	1.008	8	15.999	780.191323
2	74	1	1.008	8	15.999	1790.879304
2	75	1	1.008	8	15.999	1302.439080
2	76	1	1.008	8	15.999	1198.673602
2	77	1	1.008	8	15.999	6194.254887
2	78	1	1.008	8	15.999	3429.582987
2	79	1	1.008	8	15.999	616.312274
2	84	1	1.008	26	55.845	317.284396
2	85	1	1.008	26	55.845	187.722653
2	86	1	1.008	26	55.845	127.472388
2	87	1	1.008	26	55.845	-16.599601
2	88	1	1.008	26	55.845	75.715719
2	89	1	1.008	26	55.845	-309.921853
2	90	1	1.008	26	55.845	613.062109
2	91	1	1.008	26	55.845	-670.361386
2	92	1	1.008	26	55.845	676.967755
2	93	1	1.008	26	55.845	52.232284
2	94	1	1.008	26	55.845	1027.351864
2	95	1	1.008	26	55.845	557.062147
2	96	1	1.008	26	55.845	800.967483
2	97	1	1.008	26	55.845	-0.811839
2	98	1	1.008	26	55.845	9.462608
2	100	1	1.008	26	55.845	391.355272
2	101	1	1.008	26	55.845	962.022683
3	3	1	1.008	1	1.008	627576.247837
3	4	1	1.008	1	1.008	441578.561887
3	5	1	1.008	1	1.008	250545.294237
3	6	1	1.008	1	1.008	98101.672393
3	7	1	1.008	1	1.008	46930.434400
3	8	1	1.008	1	1.008	34124.217345
3	9	1	1.008	1	1.008	194073.929547
3	10	1	1.008	1	1.008	28710.202333
3	11	1	1.008	1	1.008	355840.185569
3	12	1	1.008	1	1.008	305318.005074
3	13	1	1.008	1	1.008	131980.365393
3	14	1	1.008	1	1.008	256115.407447
3	15	1	1.008	1	1.008	405514.939125
3	16	1	1.008	1	1.008	447237.028201
3	17	1	1.008	1	1.008	127564.158368
3	18	1	1.008	1	1.008	186266.276459
3	19	1	1.008	1	1.008	178517.844233
3	20	1	1.008	1	1.008	171070.054426
3	21	1	1.008	1	1.008	276088.345864
3	22	1	1.008	1	1.008	137332.225171
3	23	1	1.008	1	1.008	202634.040979
3	24	1	1.008	1	1.008	40876.623987
3	30	1	1.008	2	4.003	126130.093818
3	31	1	1.008	2	4.003	114999.434481
3	32	1	1.008	2	4.003	70764.688475
3	33	1	1.008	2	4.003	43122.092588
3	34	1	1.008	2	4.003	17233.269602
3	35	1	1.008	2	4.003	4586.517938
3	36	1	1.008	2	4.003	-1373.970135
3	37	1	1.008	2	4.003	2077.501182
3	38	1	1.008	2	4.003	5249.941532
3	39	1	1.008	2	4.003	6654.958707
3	40	1	1.008	2	4.003	95270.140304
3	41	1	1.008	2	4.003	27131.576698
3	42	1	1.008	2	4.003	145333.897297
3	43	1	1.008	2	4.003	74457.270093
3	44	1	1.008	2	4.003	16225.284848
3	46	1	1.008	2	4.003	21387.471218
3	47	1	1.008	2	4.003	7886.244526
3	48	1	1.008	2	4.003	51895.085700
3	49	1	1.008	2	4.003	-17829.839680
3	50	1	1.008	2	4.003	29704.698588
3	51	1	1.008	2	4.003	-3030.371424
3	52	1	1.008	2	4.003	7557.361824
3	57	1	1.008	8	15.999	670.218022
3	58	1	1.008	8	15.999	2229.362035
3	59	1	1.008	8	15.999	2698.796277
3	60	1	1.008	8	15.999	1934.379906
3	61	1	1.008	8	15.999	1277.281823
3	62	1	1.008	8	15.999	556.819605
3	63	1	1.008	8	15.999	127.772351
3	64	1	1.008	8	15.999	-133.175352
3	65	1	1.008	8	15.999	-200.988002
3	66	1	1.008	8	15.999	-740.084592
3	67	1	1.008	8	15.999	-1335.541199
3	68	1	1.008	8	15.999	6495.839451
3	69	1	1.008	8	15.999	-326.281226
3	70	1	1.008	8	15.999	3335.675819
3	71	1	1.008	8	15.999	2843.408141
3	72	1	1.008	8	15.999	4904.765240
3	73	1	1.008	8	15.999	888.259669
3	74	1	1.008	8	15.999	1874.190852
3	75	1	1.008	8	15.999	1338.185156
3	76	1	1.008	8	15.999	1589.301213
3	77	1	1.008	8	15.999	6024.961021
3	78	1	1.008	8	15.999	3842.707853
3	79	1	1.008	8	15.999	627.866754
3	84	1	1.008	26	55.845	220.619663
3	85	1	1.008	26	55.845	130.499597
3	86	1	1.008	26	55.845	89.035240
3	87	1	1.008	26	55.845	-11.033803
3	88	1	1.008	26	55.845	55.881844
3	89	1	1.008	26	55.845	-216.059858
3	90	1	1.008	26	55.845	488.503211
3	91	1	1.008	26	55.845	-484.002859
3	92	1	1.008	26	55.845	540.326369
3	93	1	1.008	26	55.845	70.082456
3	94	1	1.008	26	55.845	865.643296
3	95	1	1.008	26	55.845	488.311164
3	96	1	1.008	26	55.845	726.598419
3	97	1	1.008	26	55.845	1.464261
3	98	1	1.008	26	55.845	5.980803
3	100	1	1.008	26	55.845	289.250349
3	101	1	1.008	26	55.845	897.291662
4	4	1	1.008	1	1.008	380435.404072
4	5	1	1.008	1	1.008	172279.121534
4	6	1	1.008	1	1.008	105114.775499
4	7	1	1.008	1	1.008	38406.573637
4	8	1	1.008	1	1.008	93647.242301
4	9	1	1.008	1	1.008	251302.471846
4	10	1	1.008	1	1.008	108013.726617
4	11	1	1.008	1	1.008	503942.477342
4	12	1	1.008	1	1.008	533199.952805
4	13	1	1.008	1	1.008	204209.772813
4	14	1	1.008	1	1.008	449525.338610
4	15	1	1.008	1	1.008	699085.895143
4	16	1	1.008	1	1.008	782969.484740
4	17	1	1.008	1	1.008	186653.848785
4	18	1	1.008	1	1.008	343233.799093
4	19	1	1.008	1	1.008	298116.294079
4	20	1	1.008	1	1.008	307375.093246
4	21	1	1.008	1	1.008	489196.614386
4	22	1	1.008	1	1.008	244473.784669
4	23	1	1.008	1	1.008	355916.672509
4	24	1	1.008	1	1.008	73790.136857
4	30	1	1.008	2	4.003	94295.802602
4	31	1	1.008	2	4.003	86397.374881
4	32	1	1.008	2	4.003	53118.428731
4	33	1	1.008	2	4.003	32494.179732
4	34	1	1.008	2	4.003	12997.126884
4	35	1	1.008	2	4.003	3648.154415
4	36	1	1.008	2	4.003	-918.181388
4	37	1	1.008	2	4.003	3898.540186
4	38	1	1.008	2	4.003	9967.704789
4	39	1	1.008	2	4.003	13175.751910
4	40	1	1.008	2	4.003	164146.150913
4	41	1	1.008	2	4.003	53502.182513
4	42	1	1.008	2	4.003	251249.357438
4	43	1	1.008	2	4.003	134825.640956
4	44	1	1.008	2	4.003	28709.953569
4	46	1	1.008	2	4.003	37514.227651
4	47	1	1.008	2	4.003	14408.663951
4	48	1	1.008	2	4.003	90859.451886
4	49	1	1.008	2	4.003	-28021.467518
4	50	1	1.008	2	4.003	48318.556267
4	51	1	1.008	2	4.003	-2708.896504
4	52	1	1.008	2	4.003	9816.418927
4	57	1	1.008	8	15.999	502.902186
4	58	1	1.008	8	15.999	1672.300810
4	59	1	1.008	8	15.999	2029.215790
4	60	1	1.008	8	15.999	1455.097283
4	61	1	1.008	8	15.999	963.514507
4	62	1	1.008	8	15.999	426.266610
4	63	1	1.008	8	15.999	107.817964
4	64	1	1.008	8	15.999	-61.884992
4	65	1	1.008	8	15.999	-127.772543
4	66	1	1.008	8	15.999	-500.101925
4	67	1	1.008	8	15.999	-1496.183593
4	68	1	1.008	8	15.999	8584.831638
4	69	1	1.008	8	15.999	1350.070844
4	70	1	1.008	8	15.999	5490.901472
4	71	1	1.008	8	15.999	6570.377306
4	72	1	1.008	8	15.999	8605.950449
4	73	1	1.008	8	15.999	2078.855007
4	74	1	1.008	8	15.999	3767.219430
4	75	1	1.008	8	15.999	2686.239219
4	76	1	1.008	8	15.999	4139.388629
4	77	1	1.008	8	15.999	11055.787178
4	78	1	1.008	8	15.999	8403.565039
4	79	1	1.008	8	15.999	1221.883578
4	84	1	1.008	26	55.845	166.090552
4	85	1	1.008	26	55.845	98.119947
4	86	1	1.008	26	55.845	68.633304
4	87	1	1.008	26	55.845	-6.517762
4	88	1	1.008	26	55.845	56.645221
4	89	1	1.008	26	55.845	-158.857090
4	90	1	1.008	26	55.845	604.186096
4	91	1	1.008	26	55.845	-386.502719
4	92	1	1.008	26	55.845	644.946374
4	93	1	1.008	26	55.845	184.508984
4	94	1	1.008	26	55.845	1220.908888
4	95	1	1.008	26	55.845	754.357277
4	96	1	1.008	26	55.845	1179.595696
4	97	1	1.008	26	55.845	10.128908
4	98	1	1.008	26	55.845	1.947186
4	100	1	1.008	26	55.845	286.145214
4	101	1	1.008	26	55.845	1528.604756
5	5	1	1.008	1	1.008	132843.365111
5	6	1	1.008	1	1.008	30592.357672
5	7	1	1.008	1	1.008	66058.988614
5	8	1	1.008	1	1.008	7727.887401
5	9	1	1.008	1	1.008	304603.917790
5	10	1	1.008	1	1.008	-15735.919272
5	11	1	1.008	1	1.008	524743.280265
5	12	1	1.008	1	1.008	343638.416033
5	13	1	1.008	1	1.008	211187.476125
5	14	1	1.008	1	1.008	321942.340254
5	15	1	1.008	1	1.008	603309.695928
5	16	1	1.008	1	1.008	623913.900378
5	17	1	1.008	1	1.008	153725.198762
5	18	1	1.008	1	1.008	284040.191593
5	19	1	1.008	1	1.008	239723.067926
5	20	1	1.008	1	1.008	256238.603617
5	21	1	1.008	1	1.008	401705.960169
5	22	1	1.008	1	1.008	203896.242607
5	23	1	1.008	1	1.008	292090.026178
5	24	1	1.008	1	1.008	61495.014541
5	30	1	1.008	2	4.003	49213.064785
5	31	1	1.008	2	4.003	44885.244717
5	32	1	1.008	2	4.003	27611.859798
5	33	1	1.008	2	4.003	16944.950208
5	34	1	1.008	2	4.003	6814.277402
5	35	1	1.008	2	4.003	2081.742821
5	36	1	1.008	2	4.003	-268.131371
5	37	1	1.008	2	4.003	4102.883309
5	38	1	1.008	2	4.003	8905.096181
5	39	1	1.008	2	4.003	9831.215022
5	40	1	1.008	2	4.003	135334.458397
5	41	1	1.008	2	4.003	44290.489320
5	42	1	1.008	2	4.003	204007.855271
5	43	1	1.008	2	4.003	113425.356237
5	44	1	1.008	2	4.003	22627.756705
5	46	1	1.008	2	4.003	30570.564480
5	47	1	1.008	2	4.003	12542.934756
5	48	1	1.008	2	4.003	74058.672010
5	49	1	1.008	2	4.003	-21643.617282
5	50	1	1.008	2	4.003	38337.793244
5	51	1	1.008	2	4.003	-1375.391754
5	52	1	1.008	2	4.003	7017.717699
5	57	1	1.008	8	15.999	260.764665
5	58	1	1.008	8	15.999	867.274585
5	59	1	1.008	8	15.999	1051.956848
5	60	1	1.008	8	15.999	755.178225
5	61	1	1.008	8	15.999	500.892629
5	62	1	1.008	8	15.999	224.834092
5	63	1	1.008	8	15.999	60.073120
5	64	1	1.008	8	15.999	-11.500905
5	65	1	1.008	8	15.999	-60.144769
5	66	1	1.008	8	15.999	-167.240713
5	67	1	1.008	8	15.999	-949.649419
5	68	1	1.008	8	15.999	6836.878157
5	69	1	1.008	8	15.999	1463.343877
5	70	1	1.008	8	15.999	4508.525993
5	71	1	1.008	8	15.999	5750.574422
5	72	1	1.008	8	15.999	7189.420712
5	73	1	1.008	8	15.999	1788.318462
5	74	1	1.008	8	15.999	3256.428589
5	75	1	1.008	8	15.999	2289.779842
5	76	1	1.008	8	15.999	3800.785156
5	77	1	1.008	8	15.999	9235.573867
5	78	1	1.008	8	15.999	7347.635613
5	79	1	1.008	8	15.999	1040.548993
5	84	1	1.008	26	55.845	86.226340
5	85	1	1.008	26	55.845	50.893526
5	86	1	1.008	26	55.845	36.342998
5	87	1	1.008	26	55.845	-2.425352
5	88	1	1.008	26	55.845	35.249667
5	89	1	1.008	26	55.845	-85.226297
5	90	1	1.008	26	55.845	443.193992
5	91	1	1.008	26	55.845	-241.265943
5	92	1	1.008	26	55.845	473.763417
5	93	1	1.008	26	55.845	159.040949
5	94	1	1.008	26	55.845	933.846541
5	95	1	1.008	26	55.845	586.865022
5	96	1	1.008	26	55.845	948.079616
5	97	1	1.008	26	55.845	8.645073
5	98	1	1.008	26	55.845	0.295616
5	100	1	1.008	26	55.845	178.976232
5	101	1	1.008	26	55.845	1242.013340
6	6	1	1.008	1	1.008	82114.489523
6	7	1	1.008	1	1.008	1645.765470
6	8	1	1.008	1	1.008	164661.128385
6	9	1	1.008	1	1.008	196299.678589
6	10	1	1.008	1	1.008	213409.900794
6	11	1	1.008	1	1.008	470410.020392
6	12	1	1.008	1	1.008	672058.003226
6	13	1	1.008	1	1.008	212408.950397
6	14	1	1.008	1	1.008	561555.353994
6	15	1	1.008	1	1.008	834952.047050
6	16	1	1.008	1	1.008	958896.876222
6	17	1	1.008	1	1.008	195876.500408
6	18	1	1.008	1	1.008	432898.192654
6	19	1	1.008	1	1.008	352934.081923
6	20	1	1.008	1	1.008	381044.264310
6	21	1	1.008	1	1.008	601287.382151
6	22	1	1.008	1	1.008	301017.744351
6	23	1	1.008	1	1.008	434193.955135
6	24	1	1.008	1	1.008	91770.902860
6	30	1	1.008	2	4.003	19523.570573
6	31	1	1.008	2	4.003	17746.248364
6	32	1	1.008	2	4.003	10916.257490
6	33	1	1.008	2	4.003	6842.004570
6	34	1	1.008	2	4.003	2818.637806
6	35	1	1.008	2	4.003	1188.093745
6	36	1	1.008	2	4.003	326.339077
6	37	1	1.008	2	4.003	5623.269444
6	38	1	1.008	2	4.003	12775.931208
6	39	1	1.008	2	4.003	21450.521238
6	40	1	1.008	2	4.003	194593.828410
6	41	1	1.008	2	4.003	71141.088266
6	42	1	1.008	2	4.003	302021.889156
6	43	1	1.008	2	4.003	167142.180170
6	44	1	1.008	2	4.003	35175.696259
6	46	1	1.008	2	4.003	45734.776821
6	47	1	1.008	2	4.003	17638.544586
6	48	1	1.008	2	4.003	110570.289816
6	49	1	1.008	2	4.003	-31980.492900
6	50	1	1.008	2	4.003	56195.223165
6	51	1	1.008	2	4.003	-1489.257328
6	52	1	1.008	2	4.003	9497.267121
6	57	1	1.008	8	15.999	102.155724
6	58	1	1.008	8	15.999	339.568817
6	59	1	1.008	8	15.999	415.232491
6	60	1	1.008	8	15.999	300.115476
6	61	1	1.008	8	15.999	203.170555
6	62	1	1.008	8	15.999	101.911111
6	63	1	1.008	8	15.999	44.095465
6	64	1	1.008	8	15.999	57.273679
6	65	1	1.008	8	15.999	17.767367
6	66	1	1.008	8	15.999	-22.075712
6	67	1	1.008	8	15.999	-1150.679884
6	68	1	1.008	8	15.999	8130.658750
6	69	1	1.008	8	15.999	3115.600804
6	70	1	1.008	8	15.999	6313.690072
6	71	1	1.008	8	15.999	9140.181869
6	72	1	1.008	8	15.999	10376.865350
6	73	1	1.008	8	15.999	2917.144483
6	74	1	1.008	8	15.999	4897.117584
6	75	1	1.008	8	15.999	3498.045641
6	76	1	1.008	8	15.999	5946.475251
6	77	1	1.008	8	15.999	13740.018795
6	78	1	1.008	8	15.999	11398.671289
6	79	1	1.008	8	15.999	1567.204911
6	84	1	1.008	26	55.845	34.434714
6	85	1	1.008	26	55.845	20.108864
6	86	1	1.008	26	55.845	17.153889
6	87	1	1.008	26	55.845	1.855490
6	88	1	1.008	26	55.845	38.371051
6	89	1	1.008	26	55.845	-23.978287
6	90	1	1.008	26	55.845	538.792514
6	91	1	1.008	26	55.845	-108.583322
6	92	1	1.008	26	55.845	550.538469
6	93	1	1.008	26	55.845	274.329133
6	94	1	1.008	26	55.845	1258.105965
6	95	1	1.008	26	55.845	843.951203
6	96	1	1.008	26	55.845	1360.992004
6	97	1	1.008	26	55.845	18.724609
6	98	1	1.008	26	55.845	-4.512638
6	100	1	1.008	26	55.845	183.480252
6	101	1	1.008	26	55.845	1825.418051
7	7	1	1.008	1	1.008	210894.386235
7	8	1	1.008	1	1.008	-129085.381205
7	9	1	1.008	1	1.008	1052835.261080
7	10	1	1.008	1	1.008	-264843.997962
7	11	1	1.008	1	1.008	1694057.363987
7	12	1	1.008	1	1.008	754805.284030
7	13	1	1.008	1	1.008	686745.230366
7	14	1	1.008	1	1.008	801939.450526
7	15	1	1.008	1	1.008	1769923.508299
7	16	1	1.008	1	1.008	1724614.436439
7	17	1	1.008	1	1.008	416617.543177
7	18	1	1.008	1	1.008	818406.898542
7	19	1	1.008	1	1.008	658648.380904
7	20	1	1.008	1	1.008	737121.328138
7	21	1	1.008	1	1.008	1140721.799921
7	22	1	1.008	1	1.008	585587.353546
7	23	1	1.008	1	1.008	828839.349257
7	24	1	1.008	1	1.008	176859.052940
7	30	1	1.008	2	4.003	4312.064877
7	31	1	1.008	2	4.003	3556.651300
7	32	1	1.008	2	4.003	2197.277268
7	33	1	1.008	2	4.003	1782.150547
7	34	1	1.008	2	4.003	903.575142
7	35	1	1.008	2	4.003	1339.887359
7	36	1	1.008	2	4.003	1114.820150
7	37	1	1.008	2	4.003	13549.471825
7	38	1	1.008	2	4.003	26598.270399
7	39	1	1.008	2	4.003	24998.319458
7	40	1	1.008	2	4.003	385682.870529
7	41	1	1.008	2	4.003	129443.548461
7	42	1	1.008	2	4.003	573422.415863
7	43	1	1.008	2	4.003	330949.141616
7	44	1	1.008	2	4.003	62312.427461
7	46	1	1.008	2	4.003	86363.109495
7	47	1	1.008	2	4.003	37734.099266
7	48	1	1.008	2	4.003	209187.646751
7	49	1	1.008	2	4.003	-56507.871801
7	50	1	1.008	2	4.003	103742.768280
7	51	1	1.008	2	4.003	-450.284762
7	52	1	1.008	2	4.003	15572.064828
7	57	1	1.008	8	15.999	17.428708
7	58	1	1.008	8	15.999	58.025821
7	59	1	1.008	8	15.999	74.778232
7	60	1	1.008	8	15.999	58.670010
7	61	1	1.008	8	15.999	46.566917
7	62	1	1.008	8	15.999	44.957443
7	63	1	1.008	8	15.999	39.916218
7	64	1	1.008	8	15.999	151.432456
7	65	1	1.008	8	15.999	54.288431
7	66	1	1.008	8	15.999	530.845197
7	67	1	1.008	8	15.999	-1578.795005
7	68	1	1.008	8	15.999	17414.032752
7	69	1	1.008	8	15.999	6043.515066
7	70	1	1.008	8	15.999	12649.938701
7	71	1	1.008	8	15.999	18064.097652
7	72	1	1.008	8	15.999	20763.670996
7	73	1	1.008	8	15.999	5559.900981
7	74	1	1.008	8	15.999	9914.992029
7	75	1	1.008	8	15.999	6899.728400
7	76	1	1.008	8	15.999	12513.492084
7	77	1	1.008	8	15.999	26909.634064
7	78	1	1.008	8	15.999	22881.009083
7	79	1	1.008	8	15.999	3114.132282
7	84	1	1.008	26	55.845	6.998292
7	85	1	1.008	26	55.845	3.731099
7	86	1	1.008	26	55.845	8.491205
7	87	1	1.008	26	55.845	6.691903
7	88	1	1.008	26	55.845	50.482578
7	89	1	1.008	26	55.845	-17.562446
7	90	1	1.008	26	55.845	993.836123
7	91	1	1.008	26	55.845	-255.754566
7	92	1	1.008	26	55.845	1049.331518
7	93	1	1.008	26	55.845	503.192481
7	94	1	1.008	26	55.845	2333.163991
7	95	1	1.008	26	55.845	1536.984231
7	96	1	1.008	26	55.845	2598.386883
7	97	1	1.008	26	55.845	29.391907
7	98	1	1.008	26	55.845	-6.907309
7	100	1	1.008	26	55.845	256.011571
7	101	1	1.008	26	55.845	3477.854122
8	8	1	1.008	1	1.008	1014210.804085
8	9	1	1.008	1	1.008	-874519.458986
8	10	1	1.008	1	1.008	1805682.980480
8	11	1	1.008	1	1.008	-537080.187480
8	12	1	1.008	1	1.008	2522359.567650
8	13	1	1.008	1	1.008	-62676.109958
8	14	1	1.008	1	1.008	1790376.801916
8	15	1	1.008	1	1.008	1577127.547557
8	16	1	1.008	1	1.008	2406990.086819
8	17	1	1.008	1	1.008	327708.510924
8	18	1	1.008	1	1.008	1031159.506873
8	19	1	1.008	1	1.008	827571.404761
8	20	1	1.008	1	1.008	861782.848472
8	21	1	1.008	1	1.008	1405406.434134
8	22	1	1.008	1	1.008	671540.899352
8	23	1	1.008	1	1.008	1005655.146696
8	24	1	1.008	1	1.008	208496.595048
8	30	1	1.008	2	4.003	2933.834120
8	31	1	1.008	2	4.003	2218.412038
8	32	1	1.008	2	4.003	1402.461302
8	33	1	1.008	2	4.003	1205.221589
8	34	1	1.008	2	4.003	726.084447
8	35	1	1.008	2	4.003	1035.006397
8	36	1	1.008	2	4.003	1577.693127
8	37	1	1.008	2	4.003	9848.410426
8	38	1	1.008	2	4.003	28389.598770
8	39	1	1.008	2	4.003	94412.841218
8	40	1	1.008	2	4.003	413318.068921
8	41	1	1.008	2	4.003	187410.801891
8	42	1	1.008	2	4.003	698992.048688
8	43	1	1.008	2	4.003	372033.677332
8	44	1	1.008	2	4.003	90165.387415
8	46	1	1.008	2	4.003	108341.128786
8	47	1	1.008	2	4.003	33371.359965
8	48	1	1.008	2	4.003	260582.321997
8	49	1	1.008	2	4.003	-80806.702552
8	50	1	1.008	2	4.003	134705.954063
8	51	1	1.008	2	4.003	-6220.441149
8	52	1	1.008	2	4.003	24517.473815
8	57	1	1.008	8	15.999	10.985601
8	58	1	1.008	8	15.999	35.622642
8	59	1	1.008	8	15.999	57.258220
8	60	1	1.008	8	15.999	49.251939
8	61	1	1.008	8	15.999	50.844975
8	62	1	1.008	8	15.999	65.389373
8	63	1	1.008	8	15.999	99.234411
8	64	1	1.008	8	15.999	221.536966
8	65	1	1.008	8	15.999	210.784546
8	66	1	1.008	8	15.999	-642.398688
8	67	1	1.008	8	15.999	-3291.534124
8	68	1	1.008	8	15.999	12809.009778
8	69	1	1.008	8	15.999	8671.079350
8	70	1	1.008	8	15.999	12956.298893
8	71	1	1.008	8	15.999	21240.226878
8	72	1	1.008	8	15.999	22042.335395
8	73	1	1.008	8	15.999	7210.572726
8	74	1	1.008	8	15.999	10583.960375
8	75	1	1.008	8	15.999	7920.632253
8	76	1	1.008	8	15.999	12477.038451
8	77	1	1.008	8	15.999	30879.442830
8	78	1	1.008	8	15.999	25484.312056
8	79	1	1.008	8	15.999	3485.946041
8	84	1	1.008	26	55.845	6.368021
8	85	1	1.008	26	55.845	2.795098
8	86	1	1.008	26	55.845	13.714777
8	87	1	1.008	26	55.845	10.202259
8	88	1	1.008	26	55.845	109.250822
8	89	1	1.008	26	55.845	87.302613
8	90	1	1.008	26	55.845	1156.534926
8	91	1	1.008	26	55.845	231.848909
8	92	1	1.008	26	55.845	1042.296719
8	93	1	1.008	26	55.845	745.198294
8	94	1	1.008	26	55.845	2809.357528
8	95	1	1.008	26	55.845	2039.777860
8	96	1	1.008	26	55.845	3075.878950
8	97	1	1.008	26	55.845	65.040606
8	98	1	1.008	26	55.845	-22.273926
8	100	1	1.008	26	55.845	438.196279
8	101	1	1.008	26	55.845	4216.708839
9	9	1	1.008	1	1.008	14115661.740830
9	10	1	1.008	1	1.008	-5777373.362916
9	11	1	1.008	1	1.008	22131119.810811
9	12	1	1.008	1	1.008	6009201.010602
9	13	1	1.008	1	1.008	8715518.156028
9	14	1	1.008	1	1.008	7581164.473237
9	15	1	1.008	1	1.008	20015026.827771
9	16	1	1.008	1	1.008	18292420.731329
9	17	1	1.008	1	1.008	4807870.551270
9	18	1	1.008	1	1.008	8813164.700897
9	19	1	1.008	1	1.008	7101325.818319
9	20	1	1.008	1	1.008	8047173.893658
9	21	1	1.008	1	1.008	12341952.646923
9	22	1	1.008	1	1.008	6417170.455250
9	23	1	1.008	1	1.008	8989616.284794
9	24	1	1.008	1	1.008	1928902.559253
9	30	1	1.008	2	4.003	10217.638098
9	31	1	1.008	2	4.003	8325.594594
9	32	1	1.008	2	4.003	4879.498131
9	33	1	1.008	2	4.003	8229.493554
9	34	1	1.008	2	4.003	5123.215627
9	35	1	1.008	2	4.003	13717.150110
9	36	1	1.008	2	4.003	11126.104307
9	37	1	1.008	2	4.003	152766.893963
9	38	1	1.008	2	4.003	294094.339890
9	39	1	1.008	2	4.003	113711.110817
9	40	1	1.008	2	4.003	4310285.632861
9	41	1	1.008	2	4.003	1335836.338140
9	42	1	1.008	2	4.003	6242369.557286
9	43	1	1.008	2	4.003	3621965.290890
9	44	1	1.008	2	4.003	659186.659951
9	46	1	1.008	2	4.003	930585.818028
9	47	1	1.008	2	4.003	429775.783993
9	48	1	1.008	2	4.003	2258373.679152
9	49	1	1.008	2	4.003	-591041.634841
9	50	1	1.008	2	4.003	1108490.431636
9	51	1	1.008	2	4.003	6257.397738
9	52	1	1.008	2	4.003	157277.177483
9	57	1	1.008	8	15.999	7.269938
9	58	1	1.008	8	15.999	22.980872
9	59	1	1.008	8	15.999	80.681810
9	60	1	1.008	8	15.999	98.571242
9	61	1	1.008	8	15.999	127.237004
9	62	1	1.008	8	15.999	269.936835
9	63	1	1.008	8	15.999	252.989859
9	64	1	1.008	8	15.999	1477.157544
9	65	1	1.008	8	15.999	308.453346
9	66	1	1.008	8	15.999	9393.726485
9	67	1	1.008	8	15.999	-13527.110939
9	68	1	1.008	8	15.999	201666.255126
9	69	1	1.008	8	15.999	64020.570858
9	70	1	1.008	8	15.999	142150.386418
9	71	1	1.008	8	15.999	198212.304082
9	72	1	1.008	8	15.999	231230.685161
9	73	1	1.008	8	15.999	59905.575513
9	74	1	1.008	8	15.999	110496.682708
9	75	1	1.008	8	15.999	75976.688895
9	76	1	1.008	8	15.999	141510.650692
9	77	1	1.008	8	15.999	295571.289670
9	78	1	1.008	8	15.999	253406.502000
9	79	1	1.008	8	15.999	34382.731287
9	84	1	1.008	26	55.845	14.086866
9	85	1	1.008	26	55.845	5.541540
9	86	1	1.008	26	55.845	54.539657
9	87	1	1.008	26	55.845	70.593081
9	88	1	1.008	26	55.845	384.804481
9	89	1	1.008	26	55.845	-354.645118
9	90	1	1.008	26	55.845	10449.539642
9	91	1	1.008	26	55.845	-3503.811808
9	92	1	1.008	26	55.845	11551.721364
9	93	1	1.008	26	55.845	5155.121341
9	94	1	1.008	26	55.845	25169.503940
9	95	1	1.008	26	55.845	16187.491019
9	96	1	1.008	26	55.845	28263.541773
9	97	1	1.008	26	55.845	255.312093
9	98	1	1.008	26	55.845	-45.751571
9	100	1	1.008	26	55.845	2394.135710
9	101	1	1.008	26	55.845	37680.632478
10	10	1	1.008	1	1.008	86149046.076620
10	11	1	1.008	1	1.008	-57498481.342521
10	12	1	1.008	1	1.008	106335570.651704
10	13	1	1.008	1	1.008	-19419300.312229
10	14	1	1.008	1	1.008	67467793.582240
10	15	1	1.008	1	1.008	29330959.581584
10	16	1	1.008	1	1.008	72069830.233903
10	17	1	1.008	1	1.008	6977890.151488
10	18	1	1.008	1	1.008	27243075.937532
10	19	1	1.008	1	1.008	22373868.794871
10	20	1	1.008	1	1.008	21755018.864997
10	21	1	1.008	1	1.008	37136442.311808
10	22	1	1.008	1	1.008	17075979.777908
10	23	1	1.008	1	1.008	26337981.295811
10	24	1	1.008	1	1.008	5355847.204981
10	30	1	1.008	2	4.003	7180.028511
10	31	1	1.008	2	4.003	9921.554773
10	32	1	1.008	2	4.003	6120.468178
10	33	1	1.008	2	4.003	8258.129199
10	34	1	1.008	2	4.003	7788.749212
10	35	1	1.008	2	4.003	9317.469383
10	36	1	1.008	2	4.003	32052.477995
10	37	1	1.008	2	4.003	64010.748847
10	38	1	1.008	2	4.003	424633.978793
10	39	1	1.008	2	4.003	1902569.489801
10	40	1	1.008	2	4.003	10489489.445694
10	41	1	1.008	2	4.003	4911821.814550
10	42	1	1.008	2	4.003	19662860.185302
10	43	1	1.008	2	4.003	8786287.024597
10	44	1	1.008	2	4.003	2781950.415004
10	46	1	1.008	2	4.003	2897564.348129
10	47	1	1.008	2	4.003	724601.598412
10	48	1	1.008	2	4.003	6966389.435046
10	49	1	1.008	2	4.003	-2207458.198912
10	50	1	1.008	2	4.003	3546034.952564
10	51	1	1.008	2	4.003	-146260.212698
10	52	1	1.008	2	4.003	594190.048190
10	57	1	1.008	8	15.999	0.866750
10	58	1	1.008	8	15.999	-17.924081
10	59	1	1.008	8	15.999	103.554702
10	60	1	1.008	8	15.999	56.295026
10	61	1	1.008	8	15.999	115.214615
10	62	1	1.008	8	15.999	86.727751
10	63	1	1.008	8	15.999	110.093251
10	64	1	1.008	8	15.999	193.629200
10	65	1	1.008	8	15.999	8538.964177
10	66	1	1.008	8	15.999	43640.467594
10	67	1	1.008	8	15.999	-3570.591869
10	68	1	1.008	8	15.999	233966.057430
10	69	1	1.008	8	15.999	256117.486681
10	70	1	1.008	8	15.999	376474.884060
10	71	1	1.008	8	15.999	598134.850932
10	72	1	1.008	8	15.999	602279.038568
10	73	1	1.008	8	15.999	204033.428262
10	74	1	1.008	8	15.999	291357.663355
10	75	1	1.008	8	15.999	222513.629276
10	76	1	1.008	8	15.999	360926.136272
10	77	1	1.008	8	15.999	829858.449479
10	78	1	1.008	8	15.999	719969.162655
10	79	1	1.008	8	15.999	93957.179535
10	84	1	1.008	26	55.845	-26.198672
10	85	1	1.008	26	55.845	-7.996659
10	86	1	1.008	26	55.845	-102.193159
10	87	1	1.008	26	55.845	-70.406862
10	88	1	1.008	26	55.845	-1065.493026
10	89	1	1.008	26	55.845	4.122790
10	90	1	1.008	26	55.845	10388.498812
10	91	1	1.008	26	55.845	12996.544012
10	92	1	1.008	26	55.845	18523.841764
10	93	1	1.008	26	55.845	15848.787901
10	94	1	1.008	26	55.845	70363.416306
10	95	1	1.008	26	55.845	47630.616814
10	96	1	1.008	26	55.845	81375.979359
10	97	1	1.008	26	55.845	956.597304
10	98	1	1.008	26	55.845	-260.157591
10	100	1	1.008	26	55.845	6410.635709
10	101	1	1.008	26	55.845	110598.934437
11	11	1	1.008	1	1.008	310440625.258915
11	12	1	1.008	1	1.008	-194024003.912751
11	13	1	1.008	1	1.008	143629463.630627
11	14	1	1.008	1	1.008	-89357043.352235
11	15	1	1.008	1	1.008	144639429.138504
11	16	1	1.008	1	1.008	23362741.382714
11	17	1	1.008	1	1.008	30133480.142313
11	18	1	1.008	1	1.008	32650938.605543
11	19	1	1.008	1	1.008	20707571.455776
11	20	1	1.008	1	1.008	33261528.593409
11	21	1	1.008	1	1.008	43362012.834126
11	22	1	1.008	1	1.008	27671282.426974
11	23	1	1.008	1	1.008	33088096.907762
11	24	1	1.008	1	1.008	7788476.963964
11	30	1	1.008	2	4.003	13347.434304
11	31	1	1.008	2	4.003	8509.914074
11	32	1	1.008	2	4.003	2627.932410
11	33	1	1.008	2	4.003	10783.666987
11	34	1	1.008	2	4.003	-4110.803138
11	35	1	1.008	2	4.003	32064.150803
11	36	1	1.008	2	4.003	-79390.954742
11	37	1	1.008	2	4.003	511386.721109
11	38	1	1.008	2	4.003	-4699360.161363
11	39	1	1.008	2	4.003	6199710.722516
11	40	1	1.008	2	4.003	14103906.664571
11	41	1	1.008	2	4.003	6908160.682806
11	42	1	1.008	2	4.003	16832347.023923
11	43	1	1.008	2	4.003	19877904.574747
11	44	1	1.008	2	4.003	-456269.621716
11	46	1	1.008	2	4.003	3339311.260482
11	47	1	1.008	2	4.003	2636182.267500
11	48	1	1.008	2	4.003	7669758.233851
11	49	1	1.008	2	4.003	-1054211.341482
11	50	1	1.008	2	4.003	3351479.170388
11	51	1	1.008	2	4.003	465659.032517
11	52	1	1.008	2	4.003	165146.958424
11	57	1	1.008	8	15.999	-16.809155
11	58	1	1.008	8	15.999	-11.139007
11	59	1	1.008	8	15.999	-78.237678
11	60	1	1.008	8	15.999	55.061205
11	61	1	1.008	8	15.999	-261.486175
11	62	1	1.008	8	15.999	450.767793
11	63	1	1.008	8	15.999	-1971.001965
11	64	1	1.008	8	15.999	8717.487102
11	65	1	1.008	8	15.999	-44109.947247
11	66	1	1.008	8	15.999	294950.798749
11	67	1	1.008	8	15.999	-217677.541418
11	68	1	1.008	8	15.999	1894225.522384
11	69	1	1.008	8	15.999	-6254.533629
11	70	1	1.008	8	15.999	659953.938745
11	71	1	1.008	8	15.999	672130.840366
11	72	1	1.008	8	15.999	1090188.745649
11	73	1	1.008	8	15.999	127607.932482
11	74	1	1.008	8	15.999	509964.396395
11	75	1	1.008	8	15.999	289613.036349
11	76	1	1.008	8	15.999	680001.510517
11	77	1	1.008	8	15.999	1187169.931411
11	78	1	1.008	8	15.999	1059677.910151
11	79	1	1.008	8	15.999	145027.207486
11	84	1	1.008	26	55.845	-15.337646
11	85	1	1.008	26	55.845	8.006173
11	86	1	1.008	26	55.845	-35.372923
11	87	1	1.008	26	55.845	88.500874
11	88	1	1.008	26	55.845	-467.921195
11	89	1	1.008	26	55.845	-4627.664455
11	90	1	1.008	26	55.845	87794.812757
11	91	1	1.008	26	55.845	-89939.406952
11	92	1	1.008	26	55.845	90084.502591
11	93	1	1.008	26	55.845	11846.874241
11	94	1	1.008	26	55.845	107601.345666
11	95	1	1.008	26	55.845	57129.028457
11	96	1	1.008	26	55.845	116875.990787
11	97	1	1.008	26	55.845	-1595.974278
11	98	1	1.008	26	55.845	1060.855004
11	100	1	1.008	26	55.845	6224.771526
11	101	1	1.008	26	55.845	142820.384896
12	12	1	1.008	1	1.008	1151900757.892581
12	13	1	1.008	1	1.008	-376880826.791404
12	14	1	1.008	1	1.008	823287110.506028
12	15	1	1.008	1	1.008	141067561.713056
12	16	1	1.008	1	1.008	701784920.570630
12	17	1	1.008	1	1.008	65790700.301888
12	18	1	1.008	1	1.008	222327530.117174
12	19	1	1.008	1	1.008	217920280.411167
12	20	1	1.008	1	1.008	188920726.450641
12	21	1	1.008	1	1.008	335865686.154728
12	22	1	1.008	1	1.008	149976888.521548
12	23	1	1.008	1	1.008	236741347.224398
12	24	1	1.008	1	1.008	47389581.104711
12	30	1	1.008	2	4.003	28821.012202
12	31	1	1.008	2	4.003	26726.459195
12	32	1	1.008	2	4.003	20823.332569
12	33	1	1.008	2	4.003	17309.660185
12	34	1	1.008	2	4.003	32447.560661
12	35	1	1.008	2	4.003	-2601.439144
12	36	1	1.008	2	4.003	213642.239962
12	37	1	1.008	2	4.003	-447371.790809
12	38	1	1.008	2	4.003	14367694.635964
12	39	1	1.008	2	4.003	-41492544.316269
12	40	1	1.008	2	4.003	147583035.440688
12	41	1	1.008	2	4.003	8686150.722685
12	42	1	1.008	2	4.003	203410460.029322
12	43	1	1.008	2	4.003	55950045.702540
12	44	1	1.008	2	4.003	36019823.040814
12	46	1	1.008	2	4.003	25191389.932474
12	47	1	1.008	2	4.003	6081937.636172
12	48	1	1.008	2	4.003	62951735.805164
12	49	1	1.008	2	4.003	-20861529.136957
12	50	1	1.008	2	4.003	32251969.425481
12	51	1	1.008	2	4.003	-1519006.342609
12	52	1	1.008	2	4.003	5437064.158178
12	57	1	1.008	8	15.999	-34.733822
12	58	1	1.008	8	15.999	-124.056831
12	59	1	1.008	8	15.999	-606.084468
12	60	1	1.008	8	15.999	-821.162316
12	61	1	1.008	8	15.999	-873.046948
12	62	1	1.008	8	15.999	-2424.364941
12	63	1	1.008	8	15.999	-1613.305488
12	64	1	1.008	8	15.999	-16759.803700
12	65	1	1.008	8	15.999	54173.293935
12	66	1	1.008	8	15.999	-394306.169648
12	67	1	1.008	8	15.999	343297.838190
12	68	1	1.008	8	15.999	1514034.258779
12	69	1	1.008	8	15.999	2327302.584672
12	70	1	1.008	8	15.999	3833238.647081
12	71	1	1.008	8	15.999	5405891.115279
12	72	1	1.008	8	15.999	5428548.598511
12	73	1	1.008	8	15.999	1966863.720097
12	74	1	1.008	8	15.999	2617257.684538
12	75	1	1.008	8	15.999	2075249.317883
12	76	1	1.008	8	15.999	3330707.979354
12	77	1	1.008	8	15.999	7543694.310133
12	78	1	1.008	8	15.999	6563159.265719
12	79	1	1.008	8	15.999	847259.507614
12	84	1	1.008	26	55.845	87.294945
12	85	1	1.008	26	55.845	-115.276385
12	86	1	1.008	26	55.845	107.815415
12	87	1	1.008	26	55.845	-660.582786
12	88	1	1.008	26	55.845	2436.264085
12	89	1	1.008	26	55.845	-18857.907682
12	90	1	1.008	26	55.845	52015.794999
12	91	1	1.008	26	55.845	157439.207834
12	92	1	1.008	26	55.845	151162.004145
12	93	1	1.008	26	55.845	108714.006955
12	94	1	1.008	26	55.845	645286.128915
12	95	1	1.008	26	55.845	402747.277862
12	96	1	1.008	26	55.845	729836.109992
12	97	1	1.008	26	55.845	6185.324569
12	98	1	1.008	26	55.845	-831.374185
12	100	1	1.008	26	55.845	49052.588620
12	101	1	1.008	26	55.845	988304.723228
13	13	1	1.008	1	1.008	1446224655.403045
13	14	1	1.008	1	1.008	-626719285.371076
13	15	1	1.008	1	1.008	1658179112.967661
13	16	1	1.008	1	1.008	614818608.060108
13	17	1	1.008	1	1.008	420650646.822677
13	18	1	1.008	1	1.008	418579460.449231
13	19	1	1.008	1	1.008	260917632.117429
13	20	1	1.008	1	1.008	431489328.876630
13	21	1	1.008	1	1.008	526983981.857968
13	22	1	1.008	1	1.008	323468680.109758
13	23	1	1.008	1	1.008	409174647.173121
13	24	1	1.008	1	1.008	91649288.064247
13	30	1	1.008	2	4.003	64346.102165
13	31	1	1.008	2	4.003	109888.474857
13	32	1	1.008	2	4.003	63130.430851
13	33	1	1.008	2	4.003	108498.803542
13	34	1	1.008	2	4.003	87104.357218
13	35	1	1.008	2	4.003	154216.689888
13	36	1	1.008	2	4.003	322747.359878
13	37	1	1.008	2	4.003	1273809.523480
13	38	1	1.008	2	4.003	10232114.634961
13	39	1	1.008	2	4.003	-1146663.361548
13	40	1	1.008	2	4.003	188013815.299652
13	41	1	1.008	2	4.003	115764595.490714
13	42	1	1.008	2	4.003	256598566.987687
13	43	1	1.008	2	4.003	225674750.933186
13	44	1	1.008	2	4.003	-10364049.930616
13	46	1	1.008	2	4.003	36486408.139146
13	47	1	1.008	2	4.003	32111625.386503
13	48	1	1.008	2	4.003	93952557.316591
13	49	1	1.008	2	4.003	-16901696.941202
13	50	1	1.008	2	4.003	44888785.595628
13	51	1	1.008	2	4.003	3214677.322927
13	52	1	1.008	2	4.003	4839347.706684
13	57	1	1.008	8	15.999	2.752250
13	58	1	1.008	8	15.999	-104.103047
13	59	1	1.008	8	15.999	158.181159
13	60	1	1.008	8	15.999	-114.442385
13	61	1	1.008	8	15.999	636.242475
13	62	1	1.008	8	15.999	-736.821205
13	63	1	1.008	8	15.999	4234.967145
13	64	1	1.008	8	15.999	-16612.702502
13	65	1	1.008	8	15.999	93059.555965
13	66	1	1.008	8	15.999	-382100.484422
13	67	1	1.008	8	15.999	-815103.700625
13	68	1	1.008	8	15.999	5188016.529052
13	69	1	1.008	8	15.999	4135257.083049
13	70	1	1.008	8	15.999	4561470.480883
13	71	1	1.008	8	15.999	9472025.284930
13	72	1	1.008	8	15.999	11163120.986433
13	73	1	1.008	8	15.999	2101841.640852
13	74	1	1.008	8	15.999	4914786.608151
13	75	1	1.008	8	15.999	2881304.651864
13	76	1	1.008	8	15.999	5946754.887005
13	77	1	1.008	8	15.999	12680214.982052
13	78	1	1.008	8	15.999	10856535.679734
13	79	1	1.008	8	15.999	1576900.001407
13	84	1	1.008	26	55.845	91.757627
13	85	1	1.008	26	55.845	46.899153
13	86	1	1.008	26	55.845	377.263088
13	87	1	1.008	26	55.845	624.118297
13	88	1	1.008	26	55.845	1267.413287
13	89	1	1.008	26	55.845	9702.283924
13	90	1	1.008	26	55.845	-17066.754007
13	91	1	1.008	26	55.845	175462.957991
13	92	1	1.008	26	55.845	111448.370398
13	93	1	1.008	26	55.845	487820.236208
13	94	1	1.008	26	55.845	907433.765552
13	95	1	1.008	26	55.845	860142.676090
13	96	1	1.008	26	55.845	1223227.844601
13	97	1	1.008	26	55.845	64330.460615
13	98	1	1.008	26	55.845	-36439.727069
13	100	1	1.008	26	55.845	160738.204650
13	101	1	1.008	26	55.845	1754874.704037
14	14	1	1.008	1	1.008	2831118769.864811
14	15	1	1.008	1	1.008	-795097782.026367
14	16	1	1.008	1	1.008	2171682266.663494
14	17	1	1.008	1	1.008	-228810353.367607
14	18	1	1.008	1	1.008	634626136.840616
14	19	1	1.008	1	1.008	500758219.695644
14	20	1	1.008	1	1.008	373078682.513468
14	21	1	1.008	1	1.008	815638441.101532
14	22	1	1.008	1	1.008	294187068.908439
14	23	1	1.008	1	1.008	543996978.097178
14	24	1	1.008	1	1.008	99703552.654206
14	30	1	1.008	2	4.003	73087.415145
14	31	1	1.008	2	4.003	118117.822844
14	32	1	1.008	2	4.003	67485.812715
14	33	1	1.008	2	4.003	115051.083284
14	34	1	1.008	2	4.003	89033.317260
14	35	1	1.008	2	4.003	165732.151106
14	36	1	1.008	2	4.003	314137.010537
14	37	1	1.008	2	4.003	1383557.632358
14	38	1	1.008	2	4.003	12114139.914141
14	39	1	1.008	2	4.003	-13128233.459471
14	40	1	1.008	2	4.003	229601197.768535
14	41	1	1.008	2	4.003	52926482.583236
14	42	1	1.008	2	4.003	460804577.099738
14	43	1	1.008	2	4.003	82458519.353666
14	44	1	1.008	2	4.003	112234297.469004
14	46	1	1.008	2	4.003	69923974.073029
14	47	1	1.008	2	4.003	-10159664.928384
14	48	1	1.008	2	4.003	160632612.222298
14	49	1	1.008	2	4.003	-67154647.484045
14	50	1	1.008	2	4.003	89316696.075827
14	51	1	1.008	2	4.003	-11658535.232547
14	52	1	1.008	2	4.003	20174869.807544
14	57	1	1.008	8	15.999	-26.500985
14	58	1	1.008	8	15.999	-97.815549
14	59	1	1.008	8	15.999	117.996247
14	60	1	1.008	8	15.999	155.222448
14	61	1	1.008	8	15.999	83.316155
14	62	1	1.008	8	15.999	630.697365
14	63	1	1.008	8	15.999	-970.471569
14	64	1	1.008	8	15.999	6052.950656
14	65	1	1.008	8	15.999	991.294389
14	66	1	1.008	8	15.999	423546.263714
14	67	1	1.008	8	15.999	-3775890.861617
14	68	1	1.008	8	15.999	10988171.925737
14	69	1	1.008	8	15.999	1347224.362931
14	70	1	1.008	8	15.999	9982775.075336
14	71	1	1.008	8	15.999	9008971.713259
14	72	1	1.008	8	15.999	10670819.820687
14	73	1	1.008	8	15.999	4265444.187486
14	74	1	1.008	8	15.999	4774883.081984
14	75	1	1.008	8	15.999	4363460.988689
14	76	1	1.008	8	15.999	4273002.315674
14	77	1	1.008	8	15.999	15531986.816347
14	78	1	1.008	8	15.999	13043484.248696
14	79	1	1.008	8	15.999	1595959.023033
14	84	1	1.008	26	55.845	204.592245
14	85	1	1.008	26	55.845	-50.085977
14	86	1	1.008	26	55.845	599.461927
14	87	1	1.008	26	55.845	123.644621
14	88	1	1.008	26	55.845	5002.223258
14	89	1	1.008	26	55.845	-15685.889850
14	90	1	1.008	26	55.845	230562.152142
14	91	1	1.008	26	55.845	-158432.205152
14	92	1	1.008	26	55.845	598883.543880
14	93	1	1.008	26	55.845	-56846.102236
14	94	1	1.008	26	55.845	1685269.990972
14	95	1	1.008	26	55.845	766756.297431
14	96	1	1.008	26	55.845	1737796.539152
14	97	1	1.008	26	55.845	-44998.235112
14	98	1	1.008	26	55.845	34824.367097
14	100	1	1.008	26	55.845	155795.278941
14	101	1	1.008	26	55.845	2263057.411743
15	15	1	1.008	1	1.008	8898959241.308090
15	16	1	1.008	1	1.008	238568623.470533
15	17	1	1.008	1	1.008	3274872658.958590
15	18	1	1.008	1	1.008	634812941.551992
15	19	1	1.008	1	1.008	1238768201.640223
15	20	1	1.008	1	1.008	1592356850.377716
15	21	1	1.008	1	1.008	1700322350.871588
15	22	1	1.008	1	1.008	1258252181.571593
15	23	1	1.008	1	1.008	1444530548.050003
15	24	1	1.008	1	1.008	323425724.994152
15	30	1	1.008	2	4.003	209262.043697
15	31	1	1.008	2	4.003	353314.450187
15	32	1	1.008	2	4.003	207278.531690
15	33	1	1.008	2	4.003	344114.948714
15	34	1	1.008	2	4.003	294263.827051
15	35	1	1.008	2	4.003	465965.442120
15	36	1	1.008	2	4.003	1178642.267893
15	37	1	1.008	2	4.003	3467767.142882
15	38	1	1.008	2	4.003	44669582.754286
15	39	1	1.008	2	4.003	-66308209.723786
15	40	1	1.008	2	4.003	881123623.852344
15	41	1	1.008	2	4.003	183032114.232852
15	42	1	1.008	2	4.003	1010800244.959695
15	43	1	1.008	2	4.003	830836993.145341
15	44	1	1.008	2	4.003	-102751320.517427
15	46	1	1.008	2	4.003	75420633.219589
15	47	1	1.008	2	4.003	193982788.563330
15	48	1	1.008	2	4.003	274027627.974890
15	49	1	1.008	2	4.003	-21963923.296312
15	50	1	1.008	2	4.003	126791837.123215
15	51	1	1.008	2	4.003	27517254.488196
15	52	1	1.008	2	4.003	921126.211794
15	57	1	1.008	8	15.999	14.851757
15	58	1	1.008	8	15.999	-496.665244
15	59	1	1.008	8	15.999	2527.906306
15	60	1	1.008	8	15.999	1685.297640
15	61	1	1.008	8	15.999	4638.733729
15	62	1	1.008	8	15.999	3369.788249
15	63	1	1.008	8	15.999	17006.063094
15	64	1	1.008	8	15.999	-18574.814424
15	65	1	1.008	8	15.999	288122.676422
15	66	1	1.008	8	15.999	-556363.290370
15	67	1	1.008	8	15.999	4604536.510482
15	68	1	1.008	8	15.999	-24535965.292584
15	69	1	1.008	8	15.999	32457585.733895
15	70	1	1.008	8	15.999	6318409.314715
15	71	1	1.008	8	15.999	41434315.548157
15	72	1	1.008	8	15.999	41714488.352688
15	73	1	1.008	8	15.999	6522002.964823
15	74	1	1.008	8	15.999	18044887.058859
15	75	1	1.008	8	15.999	9538206.881423
15	76	1	1.008	8	15.999	23187917.930153
15	77	1	1.008	8	15.999	44684815.522626
15	78	1	1.008	8	15.999	38290551.782582
15	79	1	1.008	8	15.999	5992546.566399
15	84	1	1.008	26	55.845	580.041424
15	85	1	1.008	26	55.845	81.091185
15	86	1	1.008	26	55.845	2039.574663
15	87	1	1.008	26	55.845	2153.958301
15	88	1	1.008	26	55.845	11673.943305
15	89	1	1.008	26	55.845	-1245.476316
15	90	1	1.008	26	55.845	387982.994344
15	91	1	1.008	26	55.845	1819099.328636
15	92	1	1.008	26	55.845	-170584.922386
15	93	1	1.008	26	55.845	2142002.396788
15	94	1	1.008	26	55.845	2747965.740279
15	95	1	1.008	26	55.845	3104993.191455
15	96	1	1.008	26	55.845	4106421.594782
15	97	1	1.008	26	55.845	373149.985349
15	98	1	1.008	26	55.845	-234382.368559
15	100	1	1.008	26	55.845	591356.370874
15	101	1	1.008	26	55.845	6155508.967868
16	16	1	1.008	1	1.008	9295446239.108986
16	17	1	1.008	1	1.008	-4647932213.151437
16	18	1	1.008	1	1.008	4308890070.717684
16	19	1	1.008	1	1.008	556253335.006810
16	20	1	1.008	1	1.008	1207122112.895254
16	21	1	1.008	1	1.008	2919573261.043492
16	22	1	1.008	1	1.008	694333279.896466
16	23	1	1.008	1	1.008	1712527269.998759
16	24	1	1.008	1	1.008	344789028.938634
16	30	1	1.008	2	4.003	218990.045619
16	31	1	1.008	2	4.003	373510.066080
16	32	1	1.008	2	4.003	213356.141760
16	33	1	1.008	2	4.003	367873.821339
16	34	1	1.008	2	4.003	289582.417982
16	35	1	1.008	2	4.003	527773.803737
16	36	1	1.008	2	4.003	1045254.876885
16	37	1	1.008	2	4.003	4401337.421781
16	38	1	1.008	2	4.003	36573390.824423
16	39	1	1.008	2	4.003	-31546915.748994
16	40	1	1.008	2	4.003	750077364.737348
16	41	1	1.008	2	4.003	473120228.059222
16	42	1	1.008	2	4.003	694829422.299470
16	43	1	1.008	2	4.003	620494523.535911
16	44	1	1.008	2	4.003	278097543.363951
16	46	1	1.008	2	4.003	355833040.487328
16	47	1	1.008	2	4.003	-204340046.146994
16	48	1	1.008	2	4.003	629034035.171920
16	49	1	1.008	2	4.003	-257917640.667010
16	50	1	1.008	2	4.003	322993526.362876
16	51	1	1.008	2	4.003	-58880684.077822
16	52	1	1.008	2	4.003	88483674.647317
16	57	1	1.008	8	15.999	-31.980313
16	58	1	1.008	8	15.999	-361.669324
16	59	1	1.008	8	15.999	1587.414584
16	60	1	1.008	8	15.999	1382.920195
16	61	1	1.008	8	15.999	2574.453443
16	62	1	1.008	8	15.999	3705.639498
16	63	1	1.008	8	15.999	6527.964048
16	64	1	1.008	8	15.999	10307.189666
16	65	1	1.008	8	15.999	100206.711132
16	66	1	1.008	8	15.999	825294.738396
16	67	1	1.008	8	15.999	-9006532.754807
16	68	1	1.008	8	15.999	52052656.135839
16	69	1	1.008	8	15.999	-5139962.751830
16	70	1	1.008	8	15.999	38570712.345748
16	71	1	1.008	8	15.999	27883666.632495
16	72	1	1.008	8	15.999	26988628.567502
16	73	1	1.008	8	15.999	20136034.527302
16	74	1	1.008	8	15.999	15339809.380015
16	75	1	1.008	8	15.999	16379639.687791
16	76	1	1.008	8	15.999	17176091.700606
16	77	1	1.008	8	15.999	53570387.888896
16	78	1	1.008	8	15.999	46027210.520692
16	79	1	1.008	8	15.999	4781275.483527
16	84	1	1.008	26	55.845	578.768287
16	85	1	1.008	26	55.845	2.441916
16	86	1	1.008	26	55.845	1919.044720
16	87	1	1.008	26	55.845	1475.070764
16	88	1	1.008	26	55.845	12947.406543
16	89	1	1.008	26	55.845	-17415.457132
16	90	1	1.008	26	55.845	585673.748822
16	91	1	1.008	26	55.845	-613655.312595
16	92	1	1.008	26	55.845	101664.051301
16	93	1	1.008	26	55.845	1014587.487323
16	94	1	1.008	26	55.845	4706921.505452
16	95	1	1.008	26	55.845	3394192.417883
16	96	1	1.008	26	55.845	5264448.295391
16	97	1	1.008	26	55.845	-128460.326039
16	98	1	1.008	26	55.845	166541.393343
16	100	1	1.008	26	55.845	378771.643044
16	101	1	1.008	26	55.845	7233129.160085
17	17	1	1.008	1	1.008	18651623977.323612
17	18	1	1.008	1	1.008	-9092701747.998760
17	19	1	1.008	1	1.008	3799172465.049562
17	20	1	1.008	1	1.008	681186471.861641
17	21	1	1.008	1	1.008	-1963026300.271942
17	22	1	1.008	1	1.008	1336845778.095745
17	23	1	1.008	1	1.008	-203852323.876233
17	24	1	1.008	1	1.008	-50022277.499397
17	30	1	1.008	2	4.003	31560.294480
17	31	1	1.008	2	4.003	38772.234010
17	32	1	1.008	2	4.003	29394.852013
17	33	1	1.008	2	4.003	27824.125522
17	34	1	1.008	2	4.003	49506.265200
17	35	1	1.008	2	4.003	1453.970941
17	36	1	1.008	2	4.003	318017.959371
17	37	1	1.008	2	4.003	-533726.025840
17	38	1	1.008	2	4.003	16815080.075988
17	39	1	1.008	2	4.003	-59523131.009954
17	40	1	1.008	2	4.003	325037139.537334
17	41	1	1.008	2	4.003	-261747683.875342
17	42	1	1.008	2	4.003	1184313605.803962
17	43	1	1.008	2	4.003	-1843780336.331451
17	44	1	1.008	2	4.003	-1434721.896564
17	46	1	1.008	2	4.003	-697794780.265451
17	47	1	1.008	2	4.003	842160510.323207
17	48	1	1.008	2	4.003	-648206387.930635
17	49	1	1.008	2	4.003	364323216.717714
17	50	1	1.008	2	4.003	-304399043.810141
17	51	1	1.008	2	4.003	153196412.593677
17	52	1	1.008	2	4.003	-159812118.446962
17	57	1	1.008	8	15.999	21.763896
17	58	1	1.008	8	15.999	-74.472251
17	59	1	1.008	8	15.999	-22.334059
17	60	1	1.008	8	15.999	-534.971992
17	61	1	1.008	8	15.999	356.964170
17	62	1	1.008	8	15.999	-2364.398976
17	63	1	1.008	8	15.999	4714.909675
17	64	1	1.008	8	15.999	-30987.297753
17	65	1	1.008	8	15.999	135721.621853
17	66	1	1.008	8	15.999	-1073165.001836
17	67	1	1.008	8	15.999	6244770.552976
17	68	1	1.008	8	15.999	-25685867.356500
17	69	1	1.008	8	15.999	28862080.303133
17	70	1	1.008	8	15.999	7951229.746936
17	71	1	1.008	8	15.999	16686558.712611
17	72	1	1.008	8	15.999	68533399.212477
17	73	1	1.008	8	15.999	-27895962.334699
17	74	1	1.008	8	15.999	8967024.790565
17	75	1	1.008	8	15.999	-8762703.125612
17	76	1	1.008	8	15.999	10140651.313951
17	77	1	1.008	8	15.999	-8023421.620708
17	78	1	1.008	8	15.999	-7446040.188992
17	79	1	1.008	8	15.999	3119391.121868
17	84	1	1.008	26	55.845	-198.317289
17	85	1	1.008	26	55.845	-82.599578
17	86	1	1.008	26	55.845	-761.581281
17	87	1	1.008	26	55.845	-1160.438952
17	88	1	1.008	26	55.845	-4040.261275
17	89	1	1.008	26	55.845	6275.406559
17	90	1	1.008	26	55.845	-261951.603149
17	91	1	1.008	26	55.845	-2352998.618548
17	92	1	1.008	26	55.845	2385792.400410
17	93	1	1.008	26	55.845	-6928389.533266
17	94	1	1.008	26	55.845	259312.402267
17	95	1	1.008	26	55.845	-6363845.064437
17	96	1	1.008	26	55.845	147779.721522
17	97	1	1.008	26	55.845	122997.495289
17	98	1	1.008	26	55.845	-336416.976625
17	100	1	1.008	26	55.845	237594.720091
17	101	1	1.008	26	55.845	-967184.551132
18	18	1	1.008	1	1.008	28686871273.386551
18	19	1	1.008	1	1.008	-12589755653.150892
18	20	1	1.008	1	1.008	4379538621.824739
18	21	1	1.008	1	1.008	5532880958.318954
18	22	1	1.008	1	1.008	-607331247.949169
18	23	1	1.008	1	1.008	1223591000.603055
18	24	1	1.008	1	1.008	786674726.788715
18	30	1	1.008	2	4.003	113145.914839
18	31	1	1.008	2	4.003	201154.821638
18	32	1	1.008	2	4.003	111781.489006
18	33	1	1.008	2	4.003	203440.045835
18	34	1	1.008	2	4.003	148805.359830
18	35	1	1.008	2	4.003	308674.835722
18	36	1	1.008	2	4.003	479630.675851
18	37	1	1.008	2	4.003	2809348.472326
18	38	1	1.008	2	4.003	14148348.011643
18	39	1	1.008	2	4.003	9141717.598414
18	40	1	1.008	2	4.003	288882065.823396
18	41	1	1.008	2	4.003	432393255.768064
18	42	1	1.008	2	4.003	-330789593.227544
18	43	1	1.008	2	4.003	2050121148.987603
18	44	1	1.008	2	4.003	-2434270132.787435
18	46	1	1.008	2	4.003	1844556146.324759
18	47	1	1.008	2	4.003	-1806628908.884485
18	48	1	1.008	2	4.003	1555657896.331476
18	49	1	1.008	2	4.003	-249115030.540715
18	50	1	1.008	2	4.003	472928008.066056
18	51	1	1.008	2	4.003	-179316884.416514
18	52	1	1.008	2	4.003	260463285.781875
18	57	1	1.008	8	15.999	-22.888860
18	58	1	1.008	8	15.999	-242.616942
18	59	1	1.008	8	15.999	1577.845986
18	60	1	1.008	8	15.999	1628.988782
18	61	1	1.008	8	15.999	2305.905080
18	62	1	1.008	8	15.999	4713.127988
18	63	1	1.008	8	15.999	4169.658188
18	64	1	1.008	8	15.999	25352.058712
18	65	1	1.008	8	15.999	14811.001256
18	66	1	1.008	8	15.999	1057970.463772
18	67	1	1.008	8	15.999	-6918198.496910
18	68	1	1.008	8	15.999	38683985.508146
18	69	1	1.008	8	15.999	-10797867.775543
18	70	1	1.008	8	15.999	18899523.968354
18	71	1	1.008	8	15.999	3097931.533799
18	72	1	1.008	8	15.999	-19699604.548529
18	73	1	1.008	8	15.999	64545743.051819
18	74	1	1.008	8	15.999	18223007.522032
18	75	1	1.008	8	15.999	8765036.145037
18	76	1	1.008	8	15.999	25696380.296104
18	77	1	1.008	8	15.999	58518370.852287
18	78	1	1.008	8	15.999	59135266.224567
18	79	1	1.008	8	15.999	1166136.301888
18	84	1	1.008	26	55.845	497.043814
18	85	1	1.008	26	55.845	95.828937
18	86	1	1.008	26	55.845	1767.053305
18	87	1	1.008	26	55.845	2042.813683
18	88	1	1.008	26	55.845	10034.819718
18	89	1	1.008	26	55.845	-7350.725496
18	90	1	1.008	26	55.845	511040.138243
18	91	1	1.008	26	55.845	1453638.250364
18	92	1	1.008	26	55.845	-1821518.288454
18	93	1	1.008	26	55.845	6650081.940148
18	94	1	1.008	26	55.845	-9456628.102121
18	95	1	1.008	26	55.845	15460333.684024
18	96	1	1.008	26	55.845	-1855174.885599
18	97	1	1.008	26	55.845	1292153.281691
18	98	1	1.008	26	55.845	-16614.598739
18	100	1	1.008	26	55.845	413015.137894
18	101	1	1.008	26	55.845	8185692.655131
19	19	1	1.008	1	1.008	57845759536.630501
19	20	1	1.008	1	1.008	-14712750212.759102
19	21	1	1.008	1	1.008	-181770678.990568
19	22	1	1.008	1	1.008	621123861.817662
19	23	1	1.008	1	1.008	4539058282.781766
19	24	1	1.008	1	1.008	-1555720238.261583
19	30	1	1.008	2	4.003	74925.100034
19	31	1	1.008	2	4.003	122611.557964
19	32	1	1.008	2	4.003	72132.270153
19	33	1	1.008	2	4.003	117546.490421
19	34	1	1.008	2	4.003	100264.299046
19	35	1	1.008	2	4.003	157522.651451
19	36	1	1.008	2	4.003	400754.132180
19	37	1	1.008	2	4.003	1163712.354687
19	38	1	1.008	2	4.003	15616122.050555
19	39	1	1.008	2	4.003	-20345508.527590
19	40	1	1.008	2	4.003	270337427.406214
19	41	1	1.008	2	4.003	182136592.477537
19	42	1	1.008	2	4.003	330907639.512923
19	43	1	1.008	2	4.003	194575345.740507
19	44	1	1.008	2	4.003	655100129.592909
19	46	1	1.008	2	4.003	-3397141352.796433
19	47	1	1.008	2	4.003	3704828918.480553
19	48	1	1.008	2	4.003	-1475364225.597230
19	49	1	1.008	2	4.003	-1574031794.674179
19	50	1	1.008	2	4.003	551183021.575802
19	51	1	1.008	2	4.003	-27291366.352786
19	52	1	1.008	2	4.003	-132480200.743212
19	57	1	1.008	8	15.999	14.389656
19	58	1	1.008	8	15.999	-218.288076
19	59	1	1.008	8	15.999	1003.106616
19	60	1	1.008	8	15.999	476.834649
19	61	1	1.008	8	15.999	1894.811937
19	62	1	1.008	8	15.999	440.616875
19	63	1	1.008	8	15.999	8057.645272
19	64	1	1.008	8	15.999	-17917.214166
19	65	1	1.008	8	15.999	157549.642641
19	66	1	1.008	8	15.999	-725679.703500
19	67	1	1.008	8	15.999	5105465.274232
19	68	1	1.008	8	15.999	-21181838.203256
19	69	1	1.008	8	15.999	47223211.356428
19	70	1	1.008	8	15.999	-69509190.555692
19	71	1	1.008	8	15.999	166795927.538429
19	72	1	1.008	8	15.999	-402827520.148425
19	73	1	1.008	8	15.999	154607278.523439
19	74	1	1.008	8	15.999	-86417205.681881
19	75	1	1.008	8	15.999	92156665.932951
19	76	1	1.008	8	15.999	-33330312.142233
19	77	1	1.008	8	15.999	36839592.207573
19	78	1	1.008	8	15.999	-21576948.788418
19	79	1	1.008	8	15.999	8642903.886983
19	84	1	1.008	26	55.845	427.897619
19	85	1	1.008	26	55.845	-107.422406
19	86	1	1.008	26	55.845	1241.378678
19	87	1	1.008	26	55.845	32.064247
19	88	1	1.008	26	55.845	11956.607728
19	89	1	1.008	26	55.845	-33743.042961
19	90	1	1.008	26	55.845	553218.828601
19	91	1	1.008	26	55.845	-1183065.446508
19	92	1	1.008	26	55.845	3327281.994150
19	93	1	1.008	26	55.845	-4347820.933191
19	94	1	1.008	26	55.845	13175597.055931
19	95	1	1.008	26	55.845	-10000956.572178
19	96	1	1.008	26	55.845	375728.946697
19	97	1	1.008	26	55.845	1975453.705210
19	98	1	1.008	26	55.845	-2758061.558335
19	100	1	1.008	26	55.845	2550102.518438
19	101	1	1.008	26	55.845	2342353.060895
20	20	1	1.008	1	1.008	47520030016.191017
20	21	1	1.008	1	1.008	-6092875334.969238
20	22	1	1.008	1	1.008	6718980980.771209
20	23	1	1.008	1	1.008	-5314157267.643902
20	24	1	1.008	1	1.008	3656364813.216489
20	30	1	1.008	2	4.003	84957.584093
20	31	1	1.008	2	4.003	144111.530555
20	32	1	1.008	2	4.003	84417.603008
20	33	1	1.008	2	4.003	141309.533227
20	34	1	1.008	2	4.003	120596.925317
20	35	1	1.008	2	4.003	192639.231917
20	36	1	1.008	2	4.003	481788.426952
20	37	1	1.008	2	4.003	1439701.555460
20	38	1	1.008	2	4.003	18546616.535223
20	39	1	1.008	2	4.003	-28322828.748292
20	40	1	1.008	2	4.003	363326504.058564
20	41	1	1.008	2	4.003	3658415.378090
20	42	1	1.008	2	4.003	633736238.281260
20	43	1	1.008	2	4.003	-93610804.791654
20	44	1	1.008	2	4.003	-46369279.111939
20	46	1	1.008	2	4.003	-4308091418.823046
20	47	1	1.008	2	4.003	-1237339399.377810
20	48	1	1.008	2	4.003	247660449.561500
20	49	1	1.008	2	4.003	3926486599.686032
20	50	1	1.008	2	4.003	-1684272660.841857
20	51	1	1.008	2	4.003	606278667.741522
20	52	1	1.008	2	4.003	-228796336.489221
20	57	1	1.008	8	15.999	-17.204326
20	58	1	1.008	8	15.999	-240.670014
20	59	1	1.008	8	15.999	1230.162845
20	60	1	1.008	8	15.999	1101.682465
20	61	1	1.008	8	15.999	1949.605743
20	62	1	1.008	8	15.999	2953.916254
20	63	1	1.008	8	15.999	4935.801414
20	64	1	1.008	8	15.999	9805.127120
20	65	1	1.008	8	15.999	55826.721065
20	66	1	1.008	8	15.999	476845.728233
20	67	1	1.008	8	15.999	-2574720.074102
20	68	1	1.008	8	15.999	12715368.583792
20	69	1	1.008	8	15.999	1596543.795108
20	70	1	1.008	8	15.999	35206786.462250
20	71	1	1.008	8	15.999	-13615280.826582
20	72	1	1.008	8	15.999	148318373.538182
20	73	1	1.008	8	15.999	56447450.694788
20	74	1	1.008	8	15.999	91506278.511139
20	75	1	1.008	8	15.999	-146298700.327626
20	76	1	1.008	8	15.999	143986600.400428
20	77	1	1.008	8	15.999	-5928134.032690
20	78	1	1.008	8	15.999	50987156.166393
20	79	1	1.008	8	15.999	10500184.867862
20	84	1	1.008	26	55.845	283.413422
20	85	1	1.008	26	55.845	126.710886
20	86	1	1.008	26	55.845	1109.294251
20	87	1	1.008	26	55.845	1841.028052
20	88	1	1.008	26	55.845	3979.414812
20	89	1	1.008	26	55.845	10591.322740
20	90	1	1.008	26	55.845	161690.235138
20	91	1	1.008	26	55.845	2149740.623057
20	92	1	1.008	26	55.845	-2411487.021452
20	93	1	1.008	26	55.845	5151700.765214
20	94	1	1.008	26	55.845	-11551267.895715
20	95	1	1.008	26	55.845	28652897.561632
20	96	1	1.008	26	55.845	-34371352.023947
20	97	1	1.008	26	55.845	15098554.872248
20	98	1	1.008	26	55.845	-5756021.609456
20	100	1	1.008	26	55.845	214019.429076
20	101	1	1.008	26	55.845	7098787.548830
21	21	1	1.008	1	1.008	56212877217.885582
21	22	1	1.008	1	1.008	-30546434211.834412
21	23	1	1.008	1	1.008	9018192283.955782
21	24	1	1.008	1	1.008	-4113499470.053141
21	30	1	1.008	2	4.003	136142.514085
21	31	1	1.008	2	4.003	231704.637234
21	32	1	1.008	2	4.003	133889.929119
21	33	1	1.008	2	4.003	228040.595223
21	34	1	1.008	2	4.003	186444.704089
21	35	1	1.008	2	4.003	319959.951701
21	36	1	1.008	2	4.003	707138.694182
21	37	1	1.008	2	4.003	2550653.098118
21	38	1	1.008	2	4.003	25957105.210500
21	39	1	1.008	2	4.003	-25610749.840310
21	40	1	1.008	2	4.003	475995814.879554
21	41	1	1.008	2	4.003	278898999.297763
21	42	1	1.008	2	4.003	437385282.905545
21	43	1	1.008	2	4.003	836248125.032472
21	44	1	1.008	2	4.003	-218487169.167093
21	46	1	1.008	2	4.003	3259411153.548196
21	47	1	1.008	2	4.003	-15839365788.440123
21	48	1	1.008	2	4.003	9719814596.419924
21	49	1	1.008	2	4.003	-2445671993.265888
21	50	1	1.008	2	4.003	286193227.088108
21	51	1	1.008	2	4.003	-374294718.452251
21	52	1	1.008	2	4.003	77638121.693767
21	57	1	1.008	8	15.999	-5.748434
21	58	1	1.008	8	15.999	-361.700403
21	59	1	1.008	8	15.999	1939.806600
21	60	1	1.008	8	15.999	1536.621779
21	61	1	1.008	8	15.999	3242.755635
21	62	1	1.008	8	15.999	3685.481843
21	63	1	1.008	8	15.999	9893.350441
21	64	1	1.008	8	15.999	2336.027588
21	65	1	1.008	8	15.999	146132.481582
21	66	1	1.008	8	15.999	146438.116042
21	67	1	1.008	8	15.999	-700372.286905
21	68	1	1.008	8	15.999	10235228.416403
21	69	1	1.008	8	15.999	22986128.733961
21	70	1	1.008	8	15.999	-7533036.742614
21	71	1	1.008	8	15.999	82340606.219501
21	72	1	1.008	8	15.999	-65118084.411945
21	73	1	1.008	8	15.999	163693594.763368
21	74	1	1.008	8	15.999	187283196.861182
21	75	1	1.008	8	15.999	-122538102.634737
21	76	1	1.008	8	15.999	59850803.181534
21	77	1	1.008	8	15.999	92253339.234382
21	78	1	1.008	8	15.999	189136538.898835
21	79	1	1.008	8	15.999	2348369.668744
21	84	1	1.008	26	55.845	716.116859
21	85	1	1.008	26	55.845	-13.453056
21	86	1	1.008	26	55.845	2329.116809
21	87	1	1.008	26	55.845	1588.351516
21	88	1	1.008	26	55.845	17099.734268
21	89	1	1.008	26	55.845	-33044.980684
21	90	1	1.008	26	55.845	822307.324698
21	91	1	1.008	26	55.845	495238.447149
21	92	1	1.008	26	55.845	1494431.513980
21	93	1	1.008	26	55.845	220143.962251
21	94	1	1.008	26	55.845	4779309.730946
21	95	1	1.008	26	55.845	5556176.556046
21	96	1	1.008	26	55.845	3940185.748987
21	97	1	1.008	26	55.845	-18332503.347600
21	98	1	1.008	26	55.845	14198328.148801
21	100	1	1.008	26	55.845	-13017364.352947
21	101	1	1.008	26	55.845	7503870.857332
22	22	1	1.008	1	1.008	82003699572.062149
22	23	1	1.008	1	1.008	-25846323056.970322
22	24	1	1.008	1	1.008	12356944311.076857
22	30	1	1.008	2	4.003	65384.960189
22	31	1	1.008	2	4.003	109894.722864
22	32	1	1.008	2	4.003	64909.852147
22	33	1	1.008	2	4.003	107079.041049
22	34	1	1.008	2	4.003	93515.443214
22	35	1	1.008	2	4.003	143124.288947
22	36	1	1.008	2	4.003	383483.706430
22	37	1	1.008	2	4.003	1025739.541667
22	38	1	1.008	2	4.003	15149637.368737
22	39	1	1.008	2	4.003	-23927319.420409
22	40	1	1.008	2	4.003	280921545.012428
22	41	1	1.008	2	4.003	7430085.355243
22	42	1	1.008	2	4.003	491353581.392608
22	43	1	1.008	2	4.003	-7781017.754310
22	44	1	1.008	2	4.003	211695541.119442
22	46	1	1.008	2	4.003	-1295896746.035455
22	47	1	1.008	2	4.003	10136511827.842867
22	48	1	1.008	2	4.003	-19327568987.998436
22	49	1	1.008	2	4.003	10410357627.004156
22	50	1	1.008	2	4.003	-1736830917.520230
22	51	1	1.008	2	4.003	1621044114.572569
22	52	1	1.008	2	4.003	-838005823.407675
22	57	1	1.008	8	15.999	4.866091
22	58	1	1.008	8	15.999	-163.449411
22	59	1	1.008	8	15.999	1106.680654
22	60	1	1.008	8	15.999	917.900515
22	61	1	1.008	8	15.999	1828.157835
22	62	1	1.008	8	15.999	2260.958049
22	63	1	1.008	8	15.999	5323.757584
22	64	1	1.008	8	15.999	3407.740070
22	65	1	1.008	8	15.999	73436.832788
22	66	1	1.008	8	15.999	166712.192827
22	67	1	1.008	8	15.999	-1071936.610701
22	68	1	1.008	8	15.999	17853850.262135
22	69	1	1.008	8	15.999	-9330606.640193
22	70	1	1.008	8	15.999	32715868.650389
22	71	1	1.008	8	15.999	-50166941.873033
22	72	1	1.008	8	15.999	207779829.279530
22	73	1	1.008	8	15.999	-274367986.703996
22	74	1	1.008	8	15.999	325079489.909631
22	75	1	1.008	8	15.999	48521079.369402
22	76	1	1.008	8	15.999	-65626327.451240
22	77	1	1.008	8	15.999	-7295192.244184
22	78	1	1.008	8	15.999	-82074097.381245
22	79	1	1.008	8	15.999	23097107.654088
22	84	1	1.008	26	55.845	292.583732
22	85	1	1.008	26	55.845	-20.355289
22	86	1	1.008	26	55.845	942.477725
22	87	1	1.008	26	55.845	550.233891
22	88	1	1.008	26	55.845	7194.991272
22	89	1	1.008	26	55.845	-15127.298024
22	90	1	1.008	26	55.845	363879.511356
22	91	1	1.008	26	55.845	-351296.256058
22	92	1	1.008	26	55.845	1370367.113323
22	93	1	1.008	26	55.845	-993123.501898
22	94	1	1.008	26	55.845	4275219.142508
22	95	1	1.008	26	55.845	-6756399.695842
22	96	1	1.008	26	55.845	22958511.856105
22	97	1	1.008	26	55.845	-30102912.176249
22	98	1	1.008	26	55.845	8511433.002396
22	100	1	1.008	26	55.845	11015547.111464
22	101	1	1.008	26	55.845	6411449.417729
23	23	1	1.008	1	1.008	126383423080.133301
23	24	1	1.008	1	1.008	-52736012115.627914
23	30	1	1.008	2	4.003	97875.887257
23	31	1	1.008	2	4.003	165146.787421
23	32	1	1.008	2	4.003	96105.906570
23	33	1	1.008	2	4.003	161568.489204
23	34	1	1.008	2	4.003	134697.593459
23	35	1	1.008	2	4.003	223086.136600
23	36	1	1.008	2	4.003	523488.275878
23	37	1	1.008	2	4.003	1725397.930722
23	38	1	1.008	2	4.003	19754908.100105
23	39	1	1.008	2	4.003	-24141722.278351
23	40	1	1.008	2	4.003	366278473.210518
23	41	1	1.008	2	4.003	148785827.661558
23	42	1	1.008	2	4.003	440122299.382833
23	43	1	1.008	2	4.003	410736310.440387
23	44	1	1.008	2	4.003	56674241.704251
23	46	1	1.008	2	4.003	-492161297.724642
23	47	1	1.008	2	4.003	1686678251.755179
23	48	1	1.008	2	4.003	1671163724.661738
23	49	1	1.008	2	4.003	-38062624839.937149
23	50	1	1.008	2	4.003	4226370753.296930
23	51	1	1.008	2	4.003	-2602392122.751645
23	52	1	1.008	2	4.003	-1087362313.741956
23	57	1	1.008	8	15.999	-16.305611
23	58	1	1.008	8	15.999	-260.502055
23	59	1	1.008	8	15.999	1073.946330
23	60	1	1.008	8	15.999	819.238379
23	61	1	1.008	8	15.999	1831.700623
23	62	1	1.008	8	15.999	1956.261579
23	63	1	1.008	8	15.999	5757.311456
23	64	1	1.008	8	15.999	-177.733465
23	65	1	1.008	8	15.999	90752.854018
23	66	1	1.008	8	15.999	124421.648880
23	67	1	1.008	8	15.999	-1485377.430211
23	68	1	1.008	8	15.999	5494654.653205
23	69	1	1.008	8	15.999	15654994.610258
23	70	1	1.008	8	15.999	-4702071.995027
23	71	1	1.008	8	15.999	47400865.917600
23	72	1	1.008	8	15.999	-38718824.165100
23	73	1	1.008	8	15.999	123936041.824103
23	74	1	1.008	8	15.999	-221100090.671274
23	75	1	1.008	8	15.999	378410683.904618
23	76	1	1.008	8	15.999	438654816.310892
23	77	1	1.008	8	15.999	368853898.658793
23	78	1	1.008	8	15.999	316071848.001607
23	79	1	1.008	8	15.999	54126084.649094
23	84	1	1.008	26	55.845	503.406929
23	85	1	1.008	26	55.845	13.441635
23	86	1	1.008	26	55.845	1663.555733
23	87	1	1.008	26	55.845	1305.559678
23	88	1	1.008	26	55.845	11572.720793
23	89	1	1.008	26	55.845	-19206.120726
23	90	1	1.008	26	55.845	537214.840150
23	91	1	1.008	26	55.845	753565.036400
23	92	1	1.008	26	55.845	477803.937781
23	93	1	1.008	26	55.845	1232870.689880
23	94	1	1.008	26	55.845	1334878.563047
23	95	1	1.008	26	55.845	9621266.885079
23	96	1	1.008	26	55.845	-3448483.250452
23	97	1	1.008	26	55.845	17119634.019561
23	98	1	1.008	26	55.845	-32571561.556042
23	100	1	1.008	26	55.845	644446.524195
23	101	1	1.008	26	55.845	5249782.713799
24	24	1	1.008	1	1.008	87435474348.550583
24	30	1	1.008	2	4.003	20723.870506
24	31	1	1.008	2	4.003	35538.907787
24	32	1	1.008	2	4.003	20609.082884
24	33	1	1.008	2	4.003	35070.366746
24	34	1	1.008	2	4.003	29090.136978
24	35	1	1.008	2	4.003	48883.066252
24	36	1	1.008	2	4.003	112303.869659
24	37	1	1.008	2	4.003	382746.489982
24	38	1	1.008	2	4.003	4137879.502117
24	39	1	1.008	2	4.003	-4556418.758862
24	40	1	1.008	2	4.003	77407250.809370
24	41	1	1.008	2	4.003	19487472.784655
24	42	1	1.008	2	4.003	108976313.230176
24	43	1	1.008	2	4.003	62120158.739860
24	44	1	1.008	2	4.003	-13641624.095338
24	46	1	1.008	2	4.003	151868570.767517
24	47	1	1.008	2	4.003	-164468661.763423
24	48	1	1.008	2	4.003	-283700466.152844
24	49	1	1.008	2	4.003	13763151761.619452
24	50	1	1.008	2	4.003	-27329586318.483547
24	51	1	1.008	2	4.003	11805239937.422211
24	52	1	1.008	2	4.003	-4933874538.738499
24	57	1	1.008	8	15.999	9.328409
24	58	1	1.008	8	15.999	-55.672271
24	59	1	1.008	8	15.999	603.526649
24	60	1	1.008	8	15.999	520.667380
24	61	1	1.008	8	15.999	952.411423
24	62	1	1.008	8	15.999	1285.906557
24	63	1	1.008	8	15.999	2615.948882
24	64	1	1.008	8	15.999	3102.884239
24	65	1	1.008	8	15.999	30999.633970
24	66	1	1.008	8	15.999	63070.184025
24	67	1	1.008	8	15.999	469712.689259
24	68	1	1.008	8	15.999	4069774.248562
24	69	1	1.008	8	15.999	917727.035907
24	70	1	1.008	8	15.999	5127848.685729
24	71	1	1.008	8	15.999	434129.366809
24	72	1	1.008	8	15.999	24652900.240960
24	73	1	1.008	8	15.999	-10110046.821519
24	74	1	1.008	8	15.999	31654997.147377
24	75	1	1.008	8	15.999	-41580502.910919
24	76	1	1.008	8	15.999	346380440.119202
24	77	1	1.008	8	15.999	-781026705.195902
24	78	1	1.008	8	15.999	-390235661.829863
24	79	1	1.008	8	15.999	65051383.045679
24	84	1	1.008	26	55.845	86.069786
24	85	1	1.008	26	55.845	13.738309
24	86	1	1.008	26	55.845	303.284884
24	87	1	1.008	26	55.845	334.987590
24	88	1	1.008	26	55.845	1723.375850
24	89	1	1.008	26	55.845	-986.026363
24	90	1	1.008	26	55.845	83704.078086
24	91	1	1.008	26	55.845	159758.604840
24	92	1	1.008	26	55.845	-1424.357423
24	93	1	1.008	26	55.845	445509.936088
24	94	1	1.008	26	55.845	-427603.191339
24	95	1	1.008	26	55.845	2946118.894897
24	96	1	1.008	26	55.845	-3238832.991996
24	97	1	1.008	26	55.845	5285224.094354
24	98	1	1.008	26	55.845	-6686465.797550
24	100	1	1.008	26	55.845	3115901.691610
24	101	1	1.008	26	55.845	-4578176.801353
30	30	2	4.003	2	4.003	43913.980126
30	31	2	4.003	2	4.003	22529.120762
30	32	2	4.003	2	4.003	19747.725316
30	33	2	4.003	2	4.003	10875.985616
30	34	2	4.003	2	4.003	7211.513226
30	35	2	4.003	2	4.003	4209.325655
30	36	2	4.003	2	4.003	10710.138511
30	37	2	4.003	2	4.003	21171.017474
30	38	2	4.003	2	4.003	14358.104422
30	39	2	4.003	2	4.003	89054.230555
30	40	2	4.003	2	4.003	7985.168114
30	41	2	4.003	2	4.003	42848.905079
30	42	2	4.003	2	4.003	52925.377451
30	43	2	4.003	2	4.003	49828.817364
30	44	2	4.003	2	4.003	2057.999205
30	46	2	4.003	2	4.003	11283.598352
30	47	2	4.003	2	4.003	3284.224284
30	48	2	4.003	2	4.003	25599.428247
30	49	2	4.003	2	4.003	-7382.646370
30	50	2	4.003	2	4.003	12908.625220
30	51	2	4.003	2	4.003	-529.639484
30	52	2	4.003	2	4.003	2506.594552
30	57	2	4.003	8	15.999	141.752014
30	58	2	4.003	8	15.999	471.766218
30	59	2	4.003	8	15.999	569.413679
30	60	2	4.003	8	15.999	408.619980
30	61	2	4.003	8	15.999	269.970584
30	62	2	4.003	8	15.999	118.424821
30	63	2	4.003	8	15.999	28.332914
30	64	2	4.003	8	15.999	-25.957364
30	65	2	4.003	8	15.999	-14.289639
30	66	2	4.003	8	15.999	-249.650222
30	67	2	4.003	8	15.999	181.207658
30	68	2	4.003	8	15.999	1425.141969
30	69	2	4.003	8	15.999	998.931694
30	70	2	4.003	8	15.999	1139.673150
30	71	2	4.003	8	15.999	2326.494970
30	72	2	4.003	8	15.999	2249.952143
30	73	2	4.003	8	15.999	741.525788
30	74	2	4.003	8	15.999	1107.339495
30	75	2	4.003	8	15.999	821.267680
30	76	2	4.003	8	15.999	1432.608442
30	77	2	4.003	8	15.999	3230.760272
30	78	2	4.003	8	15.999	2538.022052
30	79	2	4.003	8	15.999	357.130619
30	84	2	4.003	26	55.845	46.574473
30	85	2	4.003	26	55.845	27.530642
30	86	2	4.003	26	55.845	18.879028
30	87	2	4.003	26	55.845	-2.226870
30	88	2	4.003	26	55.845	12.300541
30	89	2	4.003	26	55.845	-48.301283
30	90	2	4.003	26	55.845	127.188114
30	91	2	4.003	26	55.845	-18.282526
30	92	2	4.003	26	55.845	124.175807
30	93	2	4.003	26	55.845	96.892768
30	94	2	4.003	26	55.845	299.313417
30	95	2	4.003	26	55.845	235.992061
30	96	2	4.003	26	55.845	312.164557
30	97	2	4.003	26	55.845	8.465691
30	98	2	4.003	26	55.845	-2.222297
30	100	2	4.003	26	55.845	70.530608
30	101	2	4.003	26	55.845	420.759109
31	31	2	4.003	2	4.003	35326.660088
31	32	2	4.003	2	4.003	13407.149161
31	33	2	4.003	2	4.003	16349.672173
31	34	2	4.003	2	4.003	6622.961004
31	35	2	4.003	2	4.003	10221.521425
31	36	2	4.003	2	4.003	14229.905694
31	37	2	4.003	2	4.003	46709.945455
31	38	2	4.003	2	4.003	13346.857465
31	39	2	4.003	2	4.003	179454.430658
31	40	2	4.003	2	4.003	-5907.446352
31	41	2	4.003	2	4.003	86512.409045
31	42	2	4.003	2	4.003	81324.390190
31	43	2	4.003	2	4.003	90078.811891
31	44	2	4.003	2	4.003	999.519471
31	46	2	4.003	2	4.003	19475.055967
31	47	2	4.003	2	4.003	5235.261462
31	48	2	4.003	2	4.003	43444.477773
31	49	2	4.003	2	4.003	-11849.184755
31	50	2	4.003	2	4.003	21002.199642
31	51	2	4.003	2	4.003	-399.842543
31	52	2	4.003	2	4.003	3609.286863
31	57	2	4.003	8	15.999	129.680942
31	58	2	4.003	8	15.999	431.176722
31	59	2	4.003	8	15.999	523.429469
31	60	2	4.003	8	15.999	375.309052
31	61	2	4.003	8	15.999	248.901361
31	62	2	4.003	8	15.999	110.144949
31	63	2	4.003	8	15.999	28.997194
31	64	2	4.003	8	15.999	-18.280156
31	65	2	4.003	8	15.999	24.114081
31	66	2	4.003	8	15.999	-351.808591
31	67	2	4.003	8	15.999	650.557152
31	68	2	4.003	8	15.999	1409.254986
31	69	2	4.003	8	15.999	2333.565270
31	70	2	4.003	8	15.999	1687.424475
31	71	2	4.003	8	15.999	4451.884072
31	72	2	4.003	8	15.999	3730.726898
31	73	2	4.003	8	15.999	1428.336186
31	74	2	4.003	8	15.999	1978.751778
31	75	2	4.003	8	15.999	1487.919302
31	76	2	4.003	8	15.999	2785.563241
31	77	2	4.003	8	15.999	5630.336440
31	78	2	4.003	8	15.999	4655.969897
31	79	2	4.003	8	15.999	631.801146
31	84	2	4.003	26	55.845	42.815030
31	85	2	4.003	26	55.845	25.275322
31	86	2	4.003	26	55.845	17.650329
31	87	2	4.003	26	55.845	-1.700121
31	88	2	4.003	26	55.845	13.786481
31	89	2	4.003	26	55.845	-46.791740
31	90	2	4.003	26	55.845	169.308036
31	91	2	4.003	26	55.845	83.604678
31	92	2	4.003	26	55.845	136.896520
31	93	2	4.003	26	55.845	192.506125
31	94	2	4.003	26	55.845	441.237822
31	95	2	4.003	26	55.845	392.907956
31	96	2	4.003	26	55.845	504.863903
31	97	2	4.003	26	55.845	17.764065
31	98	2	4.003	26	55.845	-6.105031
31	100	2	4.003	26	55.845	79.751822
31	101	2	4.003	26	55.845	700.842980
32	32	2	4.003	2	4.003	15077.138046
32	33	2	4.003	2	4.003	5396.297398
32	34	2	4.003	2	4.003	6475.405397
32	35	2	4.003	2	4.003	2770.462477
32	36	2	4.003	2	4.003	12522.489188
32	37	2	4.003	2	4.003	19588.254202
32	38	2	4.003	2	4.003	17527.524553
32	39	2	4.003	2	4.003	85680.185515
32	40	2	4.003	2	4.003	10196.304342
32	41	2	4.003	2	4.003	41057.498298
32	42	2	4.003	2	4.003	52486.123487
32	43	2	4.003	2	4.003	48889.489107
32	44	2	4.003	2	4.003	2227.081805
32	46	2	4.003	2	4.003	11010.239524
32	47	2	4.003	2	4.003	3401.887862
32	48	2	4.003	2	4.003	25037.079737
32	49	2	4.003	2	4.003	-6833.894315
32	50	2	4.003	2	4.003	12243.127339
32	51	2	4.003	2	4.003	-234.671919
32	52	2	4.003	2	4.003	2104.009826
32	57	2	4.003	8	15.999	79.760843
32	58	2	4.003	8	15.999	265.249100
32	59	2	4.003	8	15.999	321.639107
32	60	2	4.003	8	15.999	230.651079
32	61	2	4.003	8	15.999	152.794047
32	62	2	4.003	8	15.999	67.483763
32	63	2	4.003	8	15.999	17.143584
32	64	2	4.003	8	15.999	-11.444196
32	65	2	4.003	8	15.999	4.356369
32	66	2	4.003	8	15.999	-166.638086
32	67	2	4.003	8	15.999	228.173962
32	68	2	4.003	8	15.999	1247.110647
32	69	2	4.003	8	15.999	1120.571669
32	70	2	4.003	8	15.999	1132.592758
32	71	2	4.003	8	15.999	2423.718808
32	72	2	4.003	8	15.999	2243.946535
32	73	2	4.003	8	15.999	771.438588
32	74	2	4.003	8	15.999	1144.004062
32	75	2	4.003	8	15.999	842.343390
32	76	2	4.003	8	15.999	1556.337548
32	77	2	4.003	8	15.999	3235.118964
32	78	2	4.003	8	15.999	2661.043439
32	79	2	4.003	8	15.999	364.227576
32	84	2	4.003	26	55.845	26.308033
32	85	2	4.003	26	55.845	15.537589
32	86	2	4.003	26	55.845	10.799190
32	87	2	4.003	26	55.845	-1.086713
32	88	2	4.003	26	55.845	8.060184
32	89	2	4.003	26	55.845	-28.641373
32	90	2	4.003	26	55.845	102.494309
32	91	2	4.003	26	55.845	18.345841
32	92	2	4.003	26	55.845	97.391325
32	93	2	4.003	26	55.845	98.742820
32	94	2	4.003	26	55.845	268.835023
32	95	2	4.003	26	55.845	221.099783
32	96	2	4.003	26	55.845	298.992278
32	97	2	4.003	26	55.845	8.707642
32	98	2	4.003	26	55.845	-2.790334
32	100	2	4.003	26	55.845	48.931623
32	101	2	4.003	26	55.845	409.051976
33	33	2	4.003	2	4.003	14218.426581
33	34	2	4.003	2	4.003	1919.630472
33	35	2	4.003	2	4.003	12637.493462
33	36	2	4.003	2	4.003	9369.936307
33	37	2	4.003	2	4.003	53157.452435
33	38	2	4.003	2	4.003	2543.502513
33	39	2	4.003	2	4.003	192730.138239
33	40	2	4.003	2	4.003	-19286.908600
33	41	2	4.003	2	4.003	94107.740359
33	42	2	4.003	2	4.003	74060.017692
33	43	2	4.003	2	4.003	92015.114635
33	44	2	4.003	2	4.003	-617.760875
33	46	2	4.003	2	4.003	19343.011820
33	47	2	4.003	2	4.003	4862.368104
33	48	2	4.003	2	4.003	42679.719918
33	49	2	4.003	2	4.003	-11282.444073
33	50	2	4.003	2	4.003	20100.264115
33	51	2	4.003	2	4.003	-101.580678
33	52	2	4.003	2	4.003	3146.018258
33	57	2	4.003	8	15.999	48.568237
33	58	2	4.003	8	15.999	161.379056
33	59	2	4.003	8	15.999	196.903332
33	60	2	4.003	8	15.999	141.466649
33	61	2	4.003	8	15.999	94.833609
33	62	2	4.003	8	15.999	43.842003
33	63	2	4.003	8	15.999	15.272686
33	64	2	4.003	8	15.999	2.360600
33	65	2	4.003	8	15.999	57.307791
33	66	2	4.003	8	15.999	-288.172322
33	67	2	4.003	8	15.999	878.332870
33	68	2	4.003	8	15.999	679.869761
33	69	2	4.003	8	15.999	2714.208557
33	70	2	4.003	8	15.999	1464.822700
33	71	2	4.003	8	15.999	4680.001694
33	72	2	4.003	8	15.999	3580.219343
33	73	2	4.003	8	15.999	1506.731442
33	74	2	4.003	8	15.999	1994.160917
33	75	2	4.003	8	15.999	1512.522586
33	76	2	4.003	8	15.999	2928.956223
33	77	2	4.003	8	15.999	5594.691522
33	78	2	4.003	8	15.999	4778.349574
33	79	2	4.003	8	15.999	634.064414
33	84	2	4.003	26	55.845	16.155503
33	85	2	4.003	26	55.845	9.487980
33	86	2	4.003	26	55.845	7.101768
33	87	2	4.003	26	55.845	-0.131872
33	88	2	4.003	26	55.845	8.907715
33	89	2	4.003	26	55.845	-20.247856
33	90	2	4.003	26	55.845	135.034334
33	91	2	4.003	26	55.845	159.373526
33	92	2	4.003	26	55.845	84.781446
33	93	2	4.003	26	55.845	207.075551
33	94	2	4.003	26	55.845	387.293193
33	95	2	4.003	26	55.845	379.482937
33	96	2	4.003	26	55.845	478.308512
33	97	2	4.003	26	55.845	19.646294
33	98	2	4.003	26	55.845	-7.589343
33	100	2	4.003	26	55.845	51.107689
33	101	2	4.003	26	55.845	679.040327
34	34	2	4.003	2	4.003	9950.324391
34	35	2	4.003	2	4.003	-2094.754289
34	36	2	4.003	2	4.003	25179.015713
34	37	2	4.003	2	4.003	13172.820687
34	38	2	4.003	2	4.003	42628.122164
34	39	2	4.003	2	4.003	83807.086645
34	40	2	4.003	2	4.003	39944.094048
34	41	2	4.003	2	4.003	40564.861488
34	42	2	4.003	2	4.003	82730.288461
34	43	2	4.003	2	4.003	62490.217605
34	44	2	4.003	2	4.003	6228.257589
34	46	2	4.003	2	4.003	14786.712634
34	47	2	4.003	2	4.003	5575.536251
34	48	2	4.003	2	4.003	34538.812422
34	49	2	4.003	2	4.003	-8922.179652
34	50	2	4.003	2	4.003	16587.843682
34	51	2	4.003	2	4.003	76.984167
34	52	2	4.003	2	4.003	2419.280267
34	57	2	4.003	8	15.999	19.362196
34	58	2	4.003	8	15.999	64.347931
34	59	2	4.003	8	15.999	78.642316
34	60	2	4.003	8	15.999	56.709492
34	61	2	4.003	8	15.999	38.250182
34	62	2	4.003	8	15.999	18.679249
34	63	2	4.003	8	15.999	6.997147
34	64	2	4.003	8	15.999	8.219745
34	65	2	4.003	8	15.999	20.665369
34	66	2	4.003	8	15.999	-35.822063
34	67	2	4.003	8	15.999	163.366768
34	68	2	4.003	8	15.999	2175.687488
34	69	2	4.003	8	15.999	1397.429850
34	70	2	4.003	8	15.999	1827.391762
34	71	2	4.003	8	15.999	3312.518921
34	72	2	4.003	8	15.999	3293.270814
34	73	2	4.003	8	15.999	1041.209051
34	74	2	4.003	8	15.999	1664.261182
34	75	2	4.003	8	15.999	1186.409044
34	76	2	4.003	8	15.999	2266.175658
34	77	2	4.003	8	15.999	4529.394338
34	78	2	4.003	8	15.999	3889.504280
34	79	2	4.003	8	15.999	522.428355
34	84	2	4.003	26	55.845	6.479789
34	85	2	4.003	26	55.845	3.791696
34	86	2	4.003	26	55.845	3.034814
34	87	2	4.003	26	55.845	0.206620
34	88	2	4.003	26	55.845	5.062231
34	89	2	4.003	26	55.845	-10.289718
34	90	2	4.003	26	55.845	114.313294
34	91	2	4.003	26	55.845	34.282070
34	92	2	4.003	26	55.845	126.288028
34	93	2	4.003	26	55.845	121.469367
34	94	2	4.003	26	55.845	355.308689
34	95	2	4.003	26	55.845	279.236740
34	96	2	4.003	26	55.845	414.793201
34	97	2	4.003	26	55.845	10.073592
34	98	2	4.003	26	55.845	-3.663425
34	100	2	4.003	26	55.845	39.866079
34	101	2	4.003	26	55.845	568.356822
35	35	2	4.003	2	4.003	28566.480842
35	36	2	4.003	2	4.003	-10102.943193
35	37	2	4.003	2	4.003	111605.100720
35	38	2	4.003	2	4.003	-48127.726182
35	39	2	4.003	2	4.003	360988.755518
35	40	2	4.003	2	4.003	-97047.283994
35	41	2	4.003	2	4.003	177854.172443
35	42	2	4.003	2	4.003	75472.142710
35	43	2	4.003	2	4.003	145353.891678
35	44	2	4.003	2	4.003	-9277.387534
35	46	2	4.003	2	4.003	28351.496351
35	47	2	4.003	2	4.003	4913.179054
35	48	2	4.003	2	4.003	60158.354706
35	49	2	4.003	2	4.003	-15741.874014
35	50	2	4.003	2	4.003	27450.585846
35	51	2	4.003	2	4.003	4.112201
35	52	2	4.003	2	4.003	4136.637002
35	57	2	4.003	8	15.999	4.982672
35	58	2	4.003	8	15.999	16.320030
35	59	2	4.003	8	15.999	22.074766
35	60	2	4.003	8	15.999	16.536336
35	61	2	4.003	8	15.999	13.598933
35	62	2	4.003	8	15.999	10.476676
35	63	2	4.003	8	15.999	12.906524
35	64	2	4.003	8	15.999	18.565111
35	65	2	4.003	8	15.999	141.243557
35	66	2	4.003	8	15.999	-546.709640
35	67	2	4.003	8	15.999	2042.519687
35	68	2	4.003	8	15.999	-1421.409314
35	69	2	4.003	8	15.999	5071.121082
35	70	2	4.003	8	15.999	1217.003194
35	71	2	4.003	8	15.999	7393.123141
35	72	2	4.003	8	15.999	4560.157756
35	73	2	4.003	8	15.999	2410.005531
35	74	2	4.003	8	15.999	2812.040611
35	75	2	4.003	8	15.999	2222.271169
35	76	2	4.003	8	15.999	4432.545030
35	77	2	4.003	8	15.999	7947.352778
35	78	2	4.003	8	15.999	6928.335303
35	79	2	4.003	8	15.999	898.205211
35	84	2	4.003	26	55.845	1.925880
35	85	2	4.003	26	55.845	1.004150
35	86	2	4.003	26	55.845	1.869803
35	87	2	4.003	26	55.845	1.076220
35	88	2	4.003	26	55.845	9.866038
35	89	2	4.003	26	55.845	-7.529086
35	90	2	4.003	26	55.845	151.939466
35	91	2	4.003	26	55.845	401.414959
35	92	2	4.003	26	55.845	9.132868
35	93	2	4.003	26	55.845	357.153317
35	94	2	4.003	26	55.845	455.607976
35	95	2	4.003	26	55.845	556.405422
35	96	2	4.003	26	55.845	628.282107
35	97	2	4.003	26	55.845	35.872486
35	98	2	4.003	26	55.845	-14.899005
35	100	2	4.003	26	55.845	44.888902
35	101	2	4.003	26	55.845	928.724999
36	36	2	4.003	2	4.003	152356.651130
36	37	2	4.003	2	4.003	-90657.714448
36	38	2	4.003	2	4.003	355380.719841
36	39	2	4.003	2	4.003	-37710.534489
36	40	2	4.003	2	4.003	420495.539897
36	41	2	4.003	2	4.003	-21854.472889
36	42	2	4.003	2	4.003	421096.894166
36	43	2	4.003	2	4.003	175424.867152
36	44	2	4.003	2	4.003	56107.286306
36	46	2	4.003	2	4.003	51131.282219
36	47	2	4.003	2	4.003	28859.045497
36	48	2	4.003	2	4.003	129312.534249
36	49	2	4.003	2	4.003	-32476.957116
36	50	2	4.003	2	4.003	63796.375282
36	51	2	4.003	2	4.003	978.990716
36	52	2	4.003	2	4.003	8560.546400
36	57	2	4.003	8	15.999	-1.863433
36	58	2	4.003	8	15.999	-6.109629
36	59	2	4.003	8	15.999	-6.473503
36	60	2	4.003	8	15.999	-3.347126
36	61	2	4.003	8	15.999	-1.124030
36	62	2	4.003	8	15.999	5.981131
36	63	2	4.003	8	15.999	2.888274
36	64	2	4.003	8	15.999	52.329268
36	65	2	4.003	8	15.999	-61.906770
36	66	2	4.003	8	15.999	827.397065
36	67	2	4.003	8	15.999	-2100.187454
36	68	2	4.003	8	15.999	16175.043749
36	69	2	4.003	8	15.999	1269.084502
36	70	2	4.003	8	15.999	9989.272468
36	71	2	4.003	8	15.999	10038.373047
36	72	2	4.003	8	15.999	14261.862864
36	73	2	4.003	8	15.999	3015.203648
36	74	2	4.003	8	15.999	6463.575657
36	75	2	4.003	8	15.999	4248.241475
36	76	2	4.003	8	15.999	7936.118688
36	77	2	4.003	8	15.999	16956.616471
36	78	2	4.003	8	15.999	14614.631157
36	79	2	4.003	8	15.999	1998.011993
36	84	2	4.003	26	55.845	-0.331689
36	85	2	4.003	26	55.845	-0.254419
36	86	2	4.003	26	55.845	1.111750
36	87	2	4.003	26	55.845	2.022564
36	88	2	4.003	26	55.845	9.034337
36	89	2	4.003	26	55.845	-16.290634
36	90	2	4.003	26	55.845	458.498967
36	91	2	4.003	26	55.845	-348.808017
36	92	2	4.003	26	55.845	762.473282
36	93	2	4.003	26	55.845	226.833609
36	94	2	4.003	26	55.845	1541.650253
36	95	2	4.003	26	55.845	909.948142
36	96	2	4.003	26	55.845	1689.099919
36	97	2	4.003	26	55.845	8.904694
36	98	2	4.003	26	55.845	-1.216695
36	100	2	4.003	26	55.845	148.187463
36	101	2	4.003	26	55.845	2219.433801
37	37	2	4.003	2	4.003	1391480.464993
37	38	2	4.003	2	4.003	-1129660.202517
37	39	2	4.003	2	4.003	4315006.469416
37	40	2	4.003	2	4.003	-1868062.751228
37	41	2	4.003	2	4.003	2132819.596721
37	42	2	4.003	2	4.003	161129.733451
37	43	2	4.003	2	4.003	1411201.069215
37	44	2	4.003	2	4.003	-206115.444089
37	46	2	4.003	2	4.003	245766.832348
37	47	2	4.003	2	4.003	8440.318931
37	48	2	4.003	2	4.003	485576.705557
37	49	2	4.003	2	4.003	-128787.756846
37	50	2	4.003	2	4.003	212756.425461
37	51	2	4.003	2	4.003	-1271.316970
37	52	2	4.003	2	4.003	33599.046852
37	57	2	4.003	8	15.999	0.203958
37	58	2	4.003	8	15.999	-2.603191
37	59	2	4.003	8	15.999	24.241842
37	60	2	4.003	8	15.999	24.273428
37	61	2	4.003	8	15.999	47.528679
37	62	2	4.003	8	15.999	67.280976
37	63	2	4.003	8	15.999	143.149453
37	64	2	4.003	8	15.999	164.846030
37	65	2	4.003	8	15.999	1853.661692
37	66	2	4.003	8	15.999	-8028.302494
37	67	2	4.003	8	15.999	28070.255106
37	68	2	4.003	8	15.999	-44817.527739
37	69	2	4.003	8	15.999	57836.204650
37	70	2	4.003	8	15.999	-2905.690637
37	71	2	4.003	8	15.999	70066.865260
37	72	2	4.003	8	15.999	29131.579434
37	73	2	4.003	8	15.999	23304.793264
37	74	2	4.003	8	15.999	22080.831691
37	75	2	4.003	8	15.999	18929.707779
37	76	2	4.003	8	15.999	38823.960333
37	77	2	4.003	8	15.999	64573.234861
37	78	2	4.003	8	15.999	56634.783453
37	79	2	4.003	8	15.999	7162.185871
37	84	2	4.003	26	55.845	3.203671
37	85	2	4.003	26	55.845	0.370064
37	86	2	4.003	26	55.845	13.070440
37	87	2	4.003	26	55.845	11.798709
37	88	2	4.003	26	55.845	103.734396
37	89	2	4.003	26	55.845	-40.906675
37	90	2	4.003	26	55.845	1001.046618
37	91	2	4.003	26	55.845	5372.558757
37	92	2	4.003	26	55.845	-1225.451331
37	93	2	4.003	26	55.845	3825.101275
37	94	2	4.003	26	55.845	2675.312185
37	95	2	4.003	26	55.845	4973.851758
37	96	2	4.003	26	55.845	4469.400221
37	97	2	4.003	26	55.845	408.431353
37	98	2	4.003	26	55.845	-173.893385
37	100	2	4.003	26	55.845	250.341483
37	101	2	4.003	26	55.845	7100.517632
38	38	2	4.003	2	4.003	15835690.317204
38	39	2	4.003	2	4.003	-16382266.311938
38	40	2	4.003	2	4.003	26709194.227286
38	41	2	4.003	2	4.003	-8076094.198458
38	42	2	4.003	2	4.003	19831624.524075
38	43	2	4.003	2	4.003	3846737.888649
38	44	2	4.003	2	4.003	3416997.481321
38	46	2	4.003	2	4.003	1690342.214390
38	47	2	4.003	2	4.003	1332459.214794
38	48	2	4.003	2	4.003	4704927.258658
38	49	2	4.003	2	4.003	-1223222.045404
38	50	2	4.003	2	4.003	2470513.708423
38	51	2	4.003	2	4.003	11378.171266
38	52	2	4.003	2	4.003	347458.759445
38	57	2	4.003	8	15.999	1.007332
38	58	2	4.003	8	15.999	4.543040
38	59	2	4.003	8	15.999	79.244580
38	60	2	4.003	8	15.999	109.227387
38	61	2	4.003	8	15.999	94.297291
38	62	2	4.003	8	15.999	346.145799
38	63	2	4.003	8	15.999	-33.388287
38	64	2	4.003	8	15.999	2899.661252
38	65	2	4.003	8	15.999	-7689.357164
38	66	2	4.003	8	15.999	89855.818517
38	67	2	4.003	8	15.999	-235514.030247
38	68	2	4.003	8	15.999	956164.716830
38	69	2	4.003	8	15.999	-150094.064305
38	70	2	4.003	8	15.999	485424.486061
38	71	2	4.003	8	15.999	229441.832977
38	72	2	4.003	8	15.999	584652.391605
38	73	2	4.003	8	15.999	60981.458812
38	74	2	4.003	8	15.999	230366.979738
38	75	2	4.003	8	15.999	135837.536122
38	76	2	4.003	8	15.999	225553.988326
38	77	2	4.003	8	15.999	590873.810272
38	78	2	4.003	8	15.999	498155.494732
38	79	2	4.003	8	15.999	70858.933269
38	84	2	4.003	26	55.845	2.325979
38	85	2	4.003	26	55.845	10.839967
38	86	2	4.003	26	55.845	23.494567
38	87	2	4.003	26	55.845	105.094940
38	88	2	4.003	26	55.845	-64.224088
38	89	2	4.003	26	55.845	300.785602
38	90	2	4.003	26	55.845	20198.883339
38	91	2	4.003	26	55.845	-37615.974499
38	92	2	4.003	26	55.845	42672.728666
38	93	2	4.003	26	55.845	-2573.549928
38	94	2	4.003	26	55.845	66827.779250
38	95	2	4.003	26	55.845	27295.599113
38	96	2	4.003	26	55.845	67297.634460
38	97	2	4.003	26	55.845	-1055.560153
38	98	2	4.003	26	55.845	586.526091
38	100	2	4.003	26	55.845	7288.252134
38	101	2	4.003	26	55.845	84365.952388
39	39	2	4.003	2	4.003	105929224.991157
39	40	2	4.003	2	4.003	-107949080.723969
39	41	2	4.003	2	4.003	60460356.683381
39	42	2	4.003	2	4.003	-54279458.813484
39	43	2	4.003	2	4.003	14923849.795684
39	44	2	4.003	2	4.003	-12763430.360446
39	46	2	4.003	2	4.003	-36351.729244
39	47	2	4.003	2	4.003	-3724222.083363
39	48	2	4.003	2	4.003	-4238536.907061
39	49	2	4.003	2	4.003	1114988.324660
39	50	2	4.003	2	4.003	-3204808.161170
39	51	2	4.003	2	4.003	41831.711816
39	52	2	4.003	2	4.003	-491944.175835
39	57	2	4.003	8	15.999	6.666898
39	58	2	4.003	8	15.999	-16.934636
39	59	2	4.003	8	15.999	226.439091
39	60	2	4.003	8	15.999	174.296089
39	61	2	4.003	8	15.999	403.352056
39	62	2	4.003	8	15.999	337.523274
39	63	2	4.003	8	15.999	1541.361169
39	64	2	4.003	8	15.999	-1414.978582
39	65	2	4.003	8	15.999	25570.893575
39	66	2	4.003	8	15.999	-283650.942084
39	67	2	4.003	8	15.999	1200005.578545
39	68	2	4.003	8	15.999	-3005573.161378
39	69	2	4.003	8	15.999	1409164.905593
39	70	2	4.003	8	15.999	-1280468.232500
39	71	2	4.003	8	15.999	664441.123639
39	72	2	4.003	8	15.999	-1030450.606012
39	73	2	4.003	8	15.999	265701.701954
39	74	2	4.003	8	15.999	-177650.898322
39	75	2	4.003	8	15.999	14922.295383
39	76	2	4.003	8	15.999	225563.856398
39	77	2	4.003	8	15.999	-364577.298067
39	78	2	4.003	8	15.999	-232393.986948
39	79	2	4.003	8	15.999	-57067.221028
39	84	2	4.003	26	55.845	71.206422
39	85	2	4.003	26	55.845	-26.879423
39	86	2	4.003	26	55.845	198.259238
39	87	2	4.003	26	55.845	-159.653798
39	88	2	4.003	26	55.845	2771.958552
39	89	2	4.003	26	55.845	-5407.355750
39	90	2	4.003	26	55.845	12293.394101
39	91	2	4.003	26	55.845	159411.159395
39	92	2	4.003	26	55.845	-103438.195228
39	93	2	4.003	26	55.845	62783.526475
39	94	2	4.003	26	55.845	-120120.511799
39	95	2	4.003	26	55.845	8085.467376
39	96	2	4.003	26	55.845	-97744.360910
39	97	2	4.003	26	55.845	6750.043412
39	98	2	4.003	26	55.845	-2595.925454
39	100	2	4.003	26	55.845	-20614.486202
39	101	2	4.003	26	55.845	-107467.311866
40	40	2	4.003	2	4.003	450191196.615689
40	41	2	4.003	2	4.003	-120069710.526339
40	42	2	4.003	2	4.003	369620583.415496
40	43	2	4.003	2	4.003	79576014.863435
40	44	2	4.003	2	4.003	54761543.963743
40	46	2	4.003	2	4.003	29889576.325290
40	47	2	4.003	2	4.003	25859392.324814
40	48	2	4.003	2	4.003	86159927.418877
40	49	2	4.003	2	4.003	-21357015.325468
40	50	2	4.003	2	4.003	45024568.340717
40	51	2	4.003	2	4.003	444833.337938
40	52	2	4.003	2	4.003	6364002.411655
40	57	2	4.003	8	15.999	-17.901463
40	58	2	4.003	8	15.999	-64.093776
40	59	2	4.003	8	15.999	-292.261965
40	60	2	4.003	8	15.999	-361.721013
40	61	2	4.003	8	15.999	-287.180223
40	62	2	4.003	8	15.999	-993.489654
40	63	2	4.003	8	15.999	21.188625
40	64	2	4.003	8	15.999	-8030.390600
40	65	2	4.003	8	15.999	22248.291449
40	66	2	4.003	8	15.999	120008.797985
40	67	2	4.003	8	15.999	-3317147.545674
40	68	2	4.003	8	15.999	12366676.429938
40	69	2	4.003	8	15.999	-1248576.049054
40	70	2	4.003	8	15.999	7848055.917970
40	71	2	4.003	8	15.999	5018847.279177
40	72	2	4.003	8	15.999	10353416.859772
40	73	2	4.003	8	15.999	1366900.406418
40	74	2	4.003	8	15.999	4024755.673741
40	75	2	4.003	8	15.999	2370025.226912
40	76	2	4.003	8	15.999	3929772.876704
40	77	2	4.003	8	15.999	10596843.455700
40	78	2	4.003	8	15.999	8925029.969582
40	79	2	4.003	8	15.999	1292451.698040
40	84	2	4.003	26	55.845	-2.871085
40	85	2	4.003	26	55.845	29.960474
40	86	2	4.003	26	55.845	41.696796
40	87	2	4.003	26	55.845	341.440545
40	88	2	4.003	26	55.845	-1277.628949
40	89	2	4.003	26	55.845	9006.062276
40	90	2	4.003	26	55.845	-42662.254312
40	91	2	4.003	26	55.845	-219988.696298
40	92	2	4.003	26	55.845	420664.128705
40	93	2	4.003	26	55.845	119274.016766
40	94	2	4.003	26	55.845	1063297.435808
40	95	2	4.003	26	55.845	595340.372916
40	96	2	4.003	26	55.845	1171621.453693
40	97	2	4.003	26	55.845	16220.449279
40	98	2	4.003	26	55.845	-10120.913724
40	100	2	4.003	26	55.845	150674.905395
40	101	2	4.003	26	55.845	1569204.186371
41	41	2	4.003	2	4.003	686910996.650770
41	42	2	4.003	2	4.003	-359723279.362949
41	43	2	4.003	2	4.003	348307869.349872
41	44	2	4.003	2	4.003	-133282694.826708
41	46	2	4.003	2	4.003	42953730.539378
41	47	2	4.003	2	4.003	-27995514.889377
41	48	2	4.003	2	4.003	59127919.733265
41	49	2	4.003	2	4.003	-33487868.921364
41	50	2	4.003	2	4.003	32828152.768577
41	51	2	4.003	2	4.003	-8522221.104921
41	52	2	4.003	2	4.003	10346495.944570
41	57	2	4.003	8	15.999	13.911136
41	58	2	4.003	8	15.999	-47.420178
41	59	2	4.003	8	15.999	744.481118
41	60	2	4.003	8	15.999	681.824995
41	61	2	4.003	8	15.999	1149.444681
41	62	2	4.003	8	15.999	1731.672859
41	63	2	4.003	8	15.999	2982.287268
41	64	2	4.003	8	15.999	5663.272279
41	65	2	4.003	8	15.999	29923.688719
41	66	2	4.003	8	15.999	-15278.841376
41	67	2	4.003	8	15.999	2907603.257319
41	68	2	4.003	8	15.999	-21713102.206500
41	69	2	4.003	8	15.999	16821593.920855
41	70	2	4.003	8	15.999	-11588874.474597
41	71	2	4.003	8	15.999	11218455.641513
41	72	2	4.003	8	15.999	-2755340.193472
41	73	2	4.003	8	15.999	3062434.134706
41	74	2	4.003	8	15.999	395039.226248
41	75	2	4.003	8	15.999	1524103.426112
41	76	2	4.003	8	15.999	579514.773812
41	77	2	4.003	8	15.999	3928186.295278
41	78	2	4.003	8	15.999	3152336.747836
41	79	2	4.003	8	15.999	279022.538297
41	84	2	4.003	26	55.845	94.794584
41	85	2	4.003	26	55.845	11.065195
41	86	2	4.003	26	55.845	330.477341
41	87	2	4.003	26	55.845	297.061761
41	88	2	4.003	26	55.845	2325.313961
41	89	2	4.003	26	55.845	-2559.326606
41	90	2	4.003	26	55.845	65666.539443
41	91	2	4.003	26	55.845	585234.133982
41	92	2	4.003	26	55.845	-336718.551758
41	93	2	4.003	26	55.845	510169.457788
41	94	2	4.003	26	55.845	-14311.491357
41	95	2	4.003	26	55.845	489228.315536
41	96	2	4.003	26	55.845	299281.426191
41	97	2	4.003	26	55.845	24497.441415
41	98	2	4.003	26	55.845	-6163.783962
41	100	2	4.003	26	55.845	35739.319901
41	101	2	4.003	26	55.845	563521.985985
42	42	2	4.003	2	4.003	1213611796.304900
42	43	2	4.003	2	4.003	-479799841.204011
42	44	2	4.003	2	4.003	342494205.616041
42	46	2	4.003	2	4.003	-22846566.631554
42	47	2	4.003	2	4.003	95989918.757997
42	48	2	4.003	2	4.003	62733743.389103
42	49	2	4.003	2	4.003	11783200.426722
42	50	2	4.003	2	4.003	29087639.891535
42	51	2	4.003	2	4.003	15167940.203853
42	52	2	4.003	2	4.003	-6067932.760649
42	57	2	4.003	8	15.999	-10.719286
42	58	2	4.003	8	15.999	-141.188463
42	59	2	4.003	8	15.999	367.089659
42	60	2	4.003	8	15.999	184.215726
42	61	2	4.003	8	15.999	740.530265
42	62	2	4.003	8	15.999	297.536444
42	63	2	4.003	8	15.999	2948.919232
42	64	2	4.003	8	15.999	-5757.393440
42	65	2	4.003	8	15.999	62006.070902
42	66	2	4.003	8	15.999	-1623.079720
42	67	2	4.003	8	15.999	-1865142.728960
42	68	2	4.003	8	15.999	14676848.586371
42	69	2	4.003	8	15.999	-20080755.805598
42	70	2	4.003	8	15.999	32005731.722510
42	71	2	4.003	8	15.999	-5338621.605133
42	72	2	4.003	8	15.999	23376441.891205
42	73	2	4.003	8	15.999	-1004332.923171
42	74	2	4.003	8	15.999	6974660.809241
42	75	2	4.003	8	15.999	2618032.227279
42	76	2	4.003	8	15.999	7912529.272497
42	77	2	4.003	8	15.999	14349858.600486
42	78	2	4.003	8	15.999	12566112.096227
42	79	2	4.003	8	15.999	2051871.041716
42	84	2	4.003	26	55.845	184.687474
42	85	2	4.003	26	55.845	2.592738
42	86	2	4.003	26	55.845	613.373790
42	87	2	4.003	26	55.845	504.418271
42	88	2	4.003	26	55.845	3902.419532
42	89	2	4.003	26	55.845	-4527.607050
42	90	2	4.003	26	55.845	173391.706378
42	91	2	4.003	26	55.845	1241.818054
42	92	2	4.003	26	55.845	986279.151905
42	93	2	4.003	26	55.845	-597793.177593
42	94	2	4.003	26	55.845	1905142.585086
42	95	2	4.003	26	55.845	278158.165285
42	96	2	4.003	26	55.845	1613508.759956
42	97	2	4.003	26	55.845	13757.626971
42	98	2	4.003	26	55.845	-21725.912943
42	100	2	4.003	26	55.845	167964.625722
42	101	2	4.003	26	55.845	1962454.740255
43	43	2	4.003	2	4.003	1515066361.114106
43	44	2	4.003	2	4.003	-557224353.032717
43	46	2	4.003	2	4.003	196200107.550311
43	47	2	4.003	2	4.003	-112266962.620284
43	48	2	4.003	2	4.003	187433736.493276
43	49	2	4.003	2	4.003	-94788467.049616
43	50	2	4.003	2	4.003	94831737.279708
43	51	2	4.003	2	4.003	-25581220.169071
43	52	2	4.003	2	4.003	31190443.256398
43	57	2	4.003	8	15.999	0.458130
43	58	2	4.003	8	15.999	-112.098392
43	59	2	4.003	8	15.999	784.675150
43	60	2	4.003	8	15.999	694.699697
43	61	2	4.003	8	15.999	1242.298704
43	62	2	4.003	8	15.999	1788.536324
43	63	2	4.003	8	15.999	3310.670577
43	64	2	4.003	8	15.999	5175.188101
43	65	2	4.003	8	15.999	37884.454871
43	66	2	4.003	8	15.999	147235.758089
43	67	2	4.003	8	15.999	-109147.746325
43	68	2	4.003	8	15.999	737262.187856
43	69	2	4.003	8	15.999	19361501.345447
43	70	2	4.003	8	15.999	-45349247.436426
43	71	2	4.003	8	15.999	32028799.824714
43	72	2	4.003	8	15.999	-17928430.057143
43	73	2	4.003	8	15.999	7194327.247634
43	74	2	4.003	8	15.999	2150918.909907
43	75	2	4.003	8	15.999	4516438.738838
43	76	2	4.003	8	15.999	2904171.899506
43	77	2	4.003	8	15.999	12173946.503669
43	78	2	4.003	8	15.999	10315496.506855
43	79	2	4.003	8	15.999	803875.545815
43	84	2	4.003	26	55.845	231.165791
43	85	2	4.003	26	55.845	13.711688
43	86	2	4.003	26	55.845	777.630012
43	87	2	4.003	26	55.845	658.630718
43	88	2	4.003	26	55.845	5332.590307
43	89	2	4.003	26	55.845	-8205.163891
43	90	2	4.003	26	55.845	248867.518827
43	91	2	4.003	26	55.845	444985.558285
43	92	2	4.003	26	55.845	-477011.744519
43	93	2	4.003	26	55.845	2719522.272694
43	94	2	4.003	26	55.845	-35052.296859
43	95	2	4.003	26	55.845	2514158.786543
43	96	2	4.003	26	55.845	1065360.646613
43	97	2	4.003	26	55.845	-3253.232093
43	98	2	4.003	26	55.845	32470.629663
43	100	2	4.003	26	55.845	53603.024628
43	101	2	4.003	26	55.845	1601204.620368
44	44	2	4.003	2	4.003	1021051853.019586
44	46	2	4.003	2	4.003	-149078817.933003
44	47	2	4.003	2	4.003	137400356.936763
44	48	2	4.003	2	4.003	-65370117.545258
44	49	2	4.003	2	4.003	3279122.439280
44	50	2	4.003	2	4.003	-4283932.064398
44	51	2	4.003	2	4.003	9547999.097225
44	52	2	4.003	2	4.003	-12570049.020542
44	57	2	4.003	8	15.999	-1.512442
44	58	2	4.003	8	15.999	-21.383379
44	59	2	4.003	8	15.999	48.690849
44	60	2	4.003	8	15.999	16.825336
44	61	2	4.003	8	15.999	103.306089
44	62	2	4.003	8	15.999	6.367410
44	63	2	4.003	8	15.999	458.561536
44	64	2	4.003	8	15.999	-1183.252831
44	65	2	4.003	8	15.999	9932.634310
44	66	2	4.003	8	15.999	-13072.118730
44	67	2	4.003	8	15.999	-310645.138333
44	68	2	4.003	8	15.999	3792494.445031
44	69	2	4.003	8	15.999	-8501353.411856
44	70	2	4.003	8	15.999	17529003.137618
44	71	2	4.003	8	15.999	-34513195.016076
44	72	2	4.003	8	15.999	11403415.505993
44	73	2	4.003	8	15.999	-7739952.584939
44	74	2	4.003	8	15.999	1947951.960086
44	75	2	4.003	8	15.999	770498.822779
44	76	2	4.003	8	15.999	-165067.883507
44	77	2	4.003	8	15.999	1599814.837507
44	78	2	4.003	8	15.999	1176082.433632
44	79	2	4.003	8	15.999	458979.695397
44	84	2	4.003	26	55.845	62.787619
44	85	2	4.003	26	55.845	-9.070165
44	86	2	4.003	26	55.845	191.604513
44	87	2	4.003	26	55.845	70.017666
44	88	2	4.003	26	55.845	1629.576953
44	89	2	4.003	26	55.845	-4584.513931
44	90	2	4.003	26	55.845	86654.785661
44	91	2	4.003	26	55.845	-50813.365299
44	92	2	4.003	26	55.845	598888.906145
44	93	2	4.003	26	55.845	-779987.803149
44	94	2	4.003	26	55.845	3213462.188492
44	95	2	4.003	26	55.845	-907685.084463
44	96	2	4.003	26	55.845	1317206.635606
44	97	2	4.003	26	55.845	-337867.909126
44	98	2	4.003	26	55.845	143674.291745
44	100	2	4.003	26	55.845	-57702.368750
44	101	2	4.003	26	55.845	170611.279706
46	46	2	4.003	2	4.003	4213894552.251798
46	47	2	4.003	2	4.003	-1515464715.347364
46	48	2	4.003	2	4.003	486986416.849587
46	49	2	4.003	2	4.003	988037814.389056
46	50	2	4.003	2	4.003	-713666129.896377
46	51	2	4.003	2	4.003	248021025.853467
46	52	2	4.003	2	4.003	-212890695.531337
46	57	2	4.003	8	15.999	-0.091451
46	58	2	4.003	8	15.999	-25.277677
46	59	2	4.003	8	15.999	157.949357
46	60	2	4.003	8	15.999	132.719032
46	61	2	4.003	8	15.999	252.619808
46	62	2	4.003	8	15.999	329.159019
46	63	2	4.003	8	15.999	708.037594
46	64	2	4.003	8	15.999	665.402611
46	65	2	4.003	8	15.999	9545.395513
46	66	2	4.003	8	15.999	29365.127145
46	67	2	4.003	8	15.999	-275515.682314
46	68	2	4.003	8	15.999	2530440.549273
46	69	2	4.003	8	15.999	25158.484531
46	70	2	4.003	8	15.999	-156798.514581
46	71	2	4.003	8	15.999	1256460.060123
46	72	2	4.003	8	15.999	19018188.962331
46	73	2	4.003	8	15.999	-55946843.291478
46	74	2	4.003	8	15.999	52419843.184503
46	75	2	4.003	8	15.999	-61252378.872979
46	76	2	4.003	8	15.999	44737811.247401
46	77	2	4.003	8	15.999	-10062798.965163
46	78	2	4.003	8	15.999	15453041.147822
46	79	2	4.003	8	15.999	5051652.058102
46	84	2	4.003	26	55.845	74.176244
46	85	2	4.003	26	55.845	-9.212443
46	86	2	4.003	26	55.845	229.234032
46	87	2	4.003	26	55.845	88.258955
46	88	2	4.003	26	55.845	1959.300071
46	89	2	4.003	26	55.845	-4982.649252
46	90	2	4.003	26	55.845	99955.865711
46	91	2	4.003	26	55.845	-136789.455515
46	92	2	4.003	26	55.845	437622.620122
46	93	2	4.003	26	55.845	-404853.571575
46	94	2	4.003	26	55.845	1601688.758726
46	95	2	4.003	26	55.845	-2158511.182603
46	96	2	4.003	26	55.845	-2611034.533311
46	97	2	4.003	26	55.845	1410109.143505
46	98	2	4.003	26	55.845	-359718.016321
46	100	2	4.003	26	55.845	-1520427.896462
46	101	2	4.003	26	55.845	287105.098395
47	47	2	4.003	2	4.003	7635378261.515813
47	48	2	4.003	2	4.003	-3847240031.230021
47	49	2	4.003	2	4.003	-1607760239.867584
47	50	2	4.003	2	4.003	1367951899.053627
47	51	2	4.003	2	4.003	-297892021.533678
47	52	2	4.003	2	4.003	222349974.256087
47	57	2	4.003	8	15.999	2.517751
47	58	2	4.003	8	15.999	-14.838044
47	59	2	4.003	8	15.999	145.640765
47	60	2	4.003	8	15.999	118.357736
47	61	2	4.003	8	15.999	237.399010
47	62	2	4.003	8	15.999	279.403682
47	63	2	4.003	8	15.999	710.900471
47	64	2	4.003	8	15.999	313.952489
47	65	2	4.003	8	15.999	9232.707750
47	66	2	4.003	8	15.999	-2371.430237
47	67	2	4.003	8	15.999	334536.815316
47	68	2	4.003	8	15.999	-89697.478625
47	69	2	4.003	8	15.999	261790.043479
47	70	2	4.003	8	15.999	1047996.423005
47	71	2	4.003	8	15.999	-5042091.409337
47	72	2	4.003	8	15.999	8243356.624649
47	73	2	4.003	8	15.999	-19249544.528505
47	74	2	4.003	8	15.999	-102432308.934405
47	75	2	4.003	8	15.999	155056428.259763
47	76	2	4.003	8	15.999	-84404379.840601
47	77	2	4.003	8	15.999	36380587.645529
47	78	2	4.003	8	15.999	-49657332.957722
47	79	2	4.003	8	15.999	-1377627.111981
47	84	2	4.003	26	55.845	-3.785616
47	85	2	4.003	26	55.845	10.688460
47	86	2	4.003	26	55.845	4.060060
47	87	2	4.003	26	55.845	93.997388
47	88	2	4.003	26	55.845	-342.892436
47	89	2	4.003	26	55.845	2390.821817
47	90	2	4.003	26	55.845	-20913.696245
47	91	2	4.003	26	55.845	149404.966567
47	92	2	4.003	26	55.845	-205090.598831
47	93	2	4.003	26	55.845	446413.092933
47	94	2	4.003	26	55.845	-720228.415954
47	95	2	4.003	26	55.845	1877701.775958
47	96	2	4.003	26	55.845	796209.614851
47	97	2	4.003	26	55.845	1508252.257449
47	98	2	4.003	26	55.845	-2672747.847774
47	100	2	4.003	26	55.845	6406282.109721
47	101	2	4.003	26	55.845	1792238.465904
48	48	2	4.003	2	4.003	6712811855.948695
48	49	2	4.003	2	4.003	-830234064.021531
48	50	2	4.003	2	4.003	-194446764.893371
48	51	2	4.003	2	4.003	-267108615.385684
48	52	2	4.003	2	4.003	330012844.087477
48	57	2	4.003	8	15.999	-4.276407
48	58	2	4.003	8	15.999	-65.935510
48	59	2	4.003	8	15.999	277.097868
48	60	2	4.003	8	15.999	215.038290
48	61	2	4.003	8	15.999	463.937333
48	62	2	4.003	8	15.999	518.494217
48	63	2	4.003	8	15.999	1420.825245
48	64	2	4.003	8	15.999	223.909263
48	65	2	4.003	8	15.999	22015.653889
48	66	2	4.003	8	15.999	40099.114167
48	67	2	4.003	8	15.999	-501239.193750
48	68	2	4.003	8	15.999	2270238.582278
48	69	2	4.003	8	15.999	3669899.614352
48	70	2	4.003	8	15.999	-950741.716045
48	71	2	4.003	8	15.999	14785871.611406
48	72	2	4.003	8	15.999	-12202030.584374
48	73	2	4.003	8	15.999	51288373.101511
48	74	2	4.003	8	15.999	-24591674.794315
48	75	2	4.003	8	15.999	-72668365.738717
48	76	2	4.003	8	15.999	61736494.387486
48	77	2	4.003	8	15.999	390148.695381
48	78	2	4.003	8	15.999	63641402.577641
48	79	2	4.003	8	15.999	-8066585.109289
48	84	2	4.003	26	55.845	144.929617
48	85	2	4.003	26	55.845	-2.055344
48	86	2	4.003	26	55.845	469.445735
48	87	2	4.003	26	55.845	318.606552
48	88	2	4.003	26	55.845	3463.972545
48	89	2	4.003	26	55.845	-6712.222725
48	90	2	4.003	26	55.845	166875.824658
48	91	2	4.003	26	55.845	82563.905554
48	92	2	4.003	26	55.845	306907.464661
48	93	2	4.003	26	55.845	9630.810906
48	94	2	4.003	26	55.845	986582.415882
48	95	2	4.003	26	55.845	1264326.261134
48	96	2	4.003	26	55.845	-843048.722125
48	97	2	4.003	26	55.845	3348273.976260
48	98	2	4.003	26	55.845	483820.183889
48	100	2	4.003	26	55.845	-4641748.267109
48	101	2	4.003	26	55.845	578690.125179
49	49	2	4.003	2	4.003	18259693849.745827
49	50	2	4.003	2	4.003	-4533250968.786703
49	51	2	4.003	2	4.003	2743671646.879894
49	52	2	4.003	2	4.003	-1833364780.997132
49	57	2	4.003	8	15.999	12.747718
49	58	2	4.003	8	15.999	16.025197
49	59	2	4.003	8	15.999	274.325761
49	60	2	4.003	8	15.999	265.266048
49	61	2	4.003	8	15.999	406.818101
49	62	2	4.003	8	15.999	677.614426
49	63	2	4.003	8	15.999	949.465588
49	64	2	4.003	8	15.999	2834.098544
49	65	2	4.003	8	15.999	5492.000319
49	66	2	4.003	8	15.999	22207.131656
49	67	2	4.003	8	15.999	933029.859055
49	68	2	4.003	8	15.999	1512478.270028
49	69	2	4.003	8	15.999	-2778662.782499
49	70	2	4.003	8	15.999	5417171.565102
49	71	2	4.003	8	15.999	-13432124.509352
49	72	2	4.003	8	15.999	37606988.126529
49	73	2	4.003	8	15.999	-79436816.137632
49	74	2	4.003	8	15.999	183815067.808740
49	75	2	4.003	8	15.999	-322853414.310918
49	76	2	4.003	8	15.999	51320176.770824
49	77	2	4.003	8	15.999	-131924103.210355
49	78	2	4.003	8	15.999	-126967608.387420
49	79	2	4.003	8	15.999	37317183.782484
49	84	2	4.003	26	55.845	-65.673242
49	85	2	4.003	26	55.845	11.123239
49	86	2	4.003	26	55.845	-193.873386
49	87	2	4.003	26	55.845	-40.282315
49	88	2	4.003	26	55.845	-1787.176300
49	89	2	4.003	26	55.845	5028.880381
49	90	2	4.003	26	55.845	-84605.795093
49	91	2	4.003	26	55.845	42119.555344
49	92	2	4.003	26	55.845	-258896.663253
49	93	2	4.003	26	55.845	296881.637663
49	94	2	4.003	26	55.845	-1168627.301298
49	95	2	4.003	26	55.845	869153.310931
49	96	2	4.003	26	55.845	-2592184.994899
49	97	2	4.003	26	55.845	-639746.126398
49	98	2	4.003	26	55.845	4707324.431611
49	100	2	4.003	26	55.845	7441162.540061
49	101	2	4.003	26	55.845	-372480.698275
50	50	2	4.003	2	4.003	28285227976.736557
50	51	2	4.003	2	4.003	-13704504542.591311
50	52	2	4.003	2	4.003	11630416341.737488
50	57	2	4.003	8	15.999	-16.025432
50	58	2	4.003	8	15.999	-36.236221
50	59	2	4.003	8	15.999	-224.085204
50	60	2	4.003	8	15.999	-223.903410
50	61	2	4.003	8	15.999	-331.759384
50	62	2	4.003	8	15.999	-564.567815
50	63	2	4.003	8	15.999	-767.280946
50	64	2	4.003	8	15.999	-2448.638114
50	65	2	4.003	8	15.999	-3215.286711
50	66	2	4.003	8	15.999	8564.305452
50	67	2	4.003	8	15.999	-1255420.873900
50	68	2	4.003	8	15.999	-36488.981770
50	69	2	4.003	8	15.999	1695857.095248
50	70	2	4.003	8	15.999	-2023317.698043
50	71	2	4.003	8	15.999	7737733.345653
50	72	2	4.003	8	15.999	-14468205.660909
50	73	2	4.003	8	15.999	47647327.791266
50	74	2	4.003	8	15.999	-117744861.327526
50	75	2	4.003	8	15.999	247999874.331449
50	76	2	4.003	8	15.999	-867306967.342859
50	77	2	4.003	8	15.999	551719644.145823
50	78	2	4.003	8	15.999	147399830.786596
50	79	2	4.003	8	15.999	-239217197.917460
50	84	2	4.003	26	55.845	89.281728
50	85	2	4.003	26	55.845	-6.299506
50	86	2	4.003	26	55.845	276.835023
50	87	2	4.003	26	55.845	140.197016
50	88	2	4.003	26	55.845	2216.407090
50	89	2	4.003	26	55.845	-5075.169420
50	90	2	4.003	26	55.845	108653.616062
50	91	2	4.003	26	55.845	-2077.017516
50	92	2	4.003	26	55.845	273566.712998
50	93	2	4.003	26	55.845	-224459.147665
50	94	2	4.003	26	55.845	1129915.030830
50	95	2	4.003	26	55.845	-696065.474691
50	96	2	4.003	26	55.845	2807714.845714
50	97	2	4.003	26	55.845	-1527797.726930
50	98	2	4.003	26	55.845	1739361.098022
50	100	2	4.003	26	55.845	2112369.916071
50	101	2	4.003	26	55.845	9721684.437661
51	51	2	4.003	2	4.003	25685208568.943142
51	52	2	4.003	2	4.003	-28215556018.508701
51	57	2	4.003	8	15.999	7.991271
51	58	2	4.003	8	15.999	3.242249
51	59	2	4.003	8	15.999	196.674676
51	60	2	4.003	8	15.999	180.152139
51	61	2	4.003	8	15.999	311.246333
51	62	2	4.003	8	15.999	448.786469
51	63	2	4.003	8	15.999	829.624442
51	64	2	4.003	8	15.999	1331.729638
51	65	2	4.003	8	15.999	8224.469038
51	66	2	4.003	8	15.999	3633.326746
51	67	2	4.003	8	15.999	573650.933788
51	68	2	4.003	8	15.999	848336.813616
51	69	2	4.003	8	15.999	-449944.931404
51	70	2	4.003	8	15.999	1697261.338597
51	71	2	4.003	8	15.999	-2987662.586333
51	72	2	4.003	8	15.999	10611342.671178
51	73	2	4.003	8	15.999	-23730714.005898
51	74	2	4.003	8	15.999	53459100.215240
51	75	2	4.003	8	15.999	-103464465.082408
51	76	2	4.003	8	15.999	377435615.464484
51	77	2	4.003	8	15.999	-882929649.923664
51	78	2	4.003	8	15.999	-210041180.386598
51	79	2	4.003	8	15.999	628073675.489855
51	84	2	4.003	26	55.845	-14.937595
51	85	2	4.003	26	55.845	0.623468
51	86	2	4.003	26	55.845	-43.372022
51	87	2	4.003	26	55.845	-19.461423
51	88	2	4.003	26	55.845	-354.441616
51	89	2	4.003	26	55.845	810.861714
51	90	2	4.003	26	55.845	-18392.820137
51	91	2	4.003	26	55.845	3114.855810
51	92	2	4.003	26	55.845	-48522.336428
51	93	2	4.003	26	55.845	90280.202907
51	94	2	4.003	26	55.845	-276168.840807
51	95	2	4.003	26	55.845	363609.624527
51	96	2	4.003	26	55.845	-541240.269491
51	97	2	4.003	26	55.845	-8964.915257
51	98	2	4.003	26	55.845	-53144.128018
51	100	2	4.003	26	55.845	3735684.143151
51	101	2	4.003	26	55.845	-14989573.251526
52	52	2	4.003	2	4.003	61548593668.981239
52	57	2	4.003	8	15.999	-8.923259
52	58	2	4.003	8	15.999	-11.952947
52	59	2	4.003	8	15.999	-164.425724
52	60	2	4.003	8	15.999	-155.292055
52	61	2	4.003	8	15.999	-266.980627
52	62	2	4.003	8	15.999	-389.867850
52	63	2	4.003	8	15.999	-716.149248
52	64	2	4.003	8	15.999	-1175.062749
52	65	2	4.003	8	15.999	-6872.706886
52	66	2	4.003	8	15.999	3372.991430
52	67	2	4.003	8	15.999	-609898.477891
52	68	2	4.003	8	15.999	-732955.195967
52	69	2	4.003	8	15.999	699000.856924
52	70	2	4.003	8	15.999	-1575172.841221
52	71	2	4.003	8	15.999	3569049.365483
52	72	2	4.003	8	15.999	-10177317.295119
52	73	2	4.003	8	15.999	25352146.167962
52	74	2	4.003	8	15.999	-53755422.342059
52	75	2	4.003	8	15.999	102032712.715841
52	76	2	4.003	8	15.999	-339827768.298597
52	77	2	4.003	8	15.999	882041775.647660
52	78	2	4.003	8	15.999	-312175219.227831
52	79	2	4.003	8	15.999	-1493711651.050600
52	84	2	4.003	26	55.845	23.820242
52	85	2	4.003	26	55.845	4.592486
52	86	2	4.003	26	55.845	77.819963
52	87	2	4.003	26	55.845	84.784497
52	88	2	4.003	26	55.845	436.426389
52	89	2	4.003	26	55.845	-168.744937
52	90	2	4.003	26	55.845	23974.939463
52	91	2	4.003	26	55.845	37311.377118
52	92	2	4.003	26	55.845	13995.022081
52	93	2	4.003	26	55.845	4099.064097
52	94	2	4.003	26	55.845	114964.324672
52	95	2	4.003	26	55.845	205159.078548
52	96	2	4.003	26	55.845	-310335.258305
52	97	2	4.003	26	55.845	1321534.579857
52	98	2	4.003	26	55.845	-1690332.181038
52	100	2	4.003	26	55.845	8976803.824070
52	101	2	4.003	26	55.845	23488204.671901
57	57	8	15.999	8	15.999	3.842536
57	58	8	15.999	8	15.999	0.487576
57	59	8	15.999	8	15.999	3.833009
57	60	8	15.999	8	15.999	1.925461
57	61	8	15.999	8	15.999	1.862971
57	62	8	15.999	8	15.999	0.638029
57	63	8	15.999	8	15.999	0.735269
57	64	8	15.999	8	15.999	0.143063
57	65	8	15.999	8	15.999	2.240899
57	66	8	15.999	8	15.999	3.373150
57	67	8	15.999	8	15.999	3.529275
57	68	8	15.999	8	15.999	1.728764
57	69	8	15.999	8	15.999	2.929425
57	70	8	15.999	8	15.999	3.472509
57	71	8	15.999	8	15.999	5.278631
57	72	8	15.999	8	15.999	3.329078
57	73	8	15.999	8	15.999	1.617114
57	74	8	15.999	8	15.999	2.631166
57	75	8	15.999	8	15.999	1.977426
57	76	8	15.999	8	15.999	7.496358
57	77	8	15.999	8	15.999	4.710911
57	78	8	15.999	8	15.999	5.924990
57	79	8	15.999	8	15.999	0.488802
57	84	8	15.999	26	55.845	0.247913
57	85	8	15.999	26	55.845	0.145241
57	86	8	15.999	26	55.845	0.094273
57	87	8	15.999	26	55.845	-0.033979
57	88	8	15.999	26	55.845	0.052010
57	89	8	15.999	26	55.845	-0.137226
57	90	8	15.999	26	55.845	-0.046808
57	91	8	15.999	26	55.845	0.100714
57	92	8	15.999	26	55.845	0.032789
57	93	8	15.999	26	55.845	0.024296
57	94	8	15.999	26	55.845	0.133844
57	95	8	15.999	26	55.845	0.079002
57	96	8	15.999	26	55.845	0.166897
57	97	8	15.999	26	55.845	-0.020529
57	98	8	15.999	26	55.845	0.020580
57	100	8	15.999	26	55.845	-0.178668
57	101	8	15.999	26	55.845	0.043918
58	58	8	15.999	8	15.999	20.299987
58	59	8	15.999	8	15.999	6.747379
58	60	8	15.999	8	15.999	8.874707
58	61	8	15.999	8	15.999	3.550746
58	62	8	15.999	8	15.999	3.029478
58	63	8	15.999	8	15.999	-0.702343
58	64	8	15.999	8	15.999	1.363604
58	65	8	15.999	8	15.999	-4.566240
58	66	8	15.999	8	15.999	1.429130
58	67	8	15.999	8	15.999	-12.115712
58	68	8	15.999	8	15.999	-0.996129
58	69	8	15.999	8	15.999	-6.343549
58	70	8	15.999	8	15.999	-1.213330
58	71	8	15.999	8	15.999	-8.787601
58	72	8	15.999	8	15.999	-2.836288
58	73	8	15.999	8	15.999	-4.370943
58	74	8	15.999	8	15.999	-2.618669
58	75	8	15.999	8	15.999	-2.769261
58	76	8	15.999	8	15.999	-4.732968
58	77	8	15.999	8	15.999	-10.412776
58	78	8	15.999	8	15.999	-4.483746
58	79	8	15.999	8	15.999	-1.306334
58	84	8	15.999	26	55.845	0.823189
58	85	8	15.999	26	55.845	0.481003
58	86	8	15.999	26	55.845	0.307240
58	87	8	15.999	26	55.845	-0.131635
58	88	8	15.999	26	55.845	0.149961
58	89	8	15.999	26	55.845	-0.411149
58	90	8	15.999	26	55.845	-0.106997
58	91	8	15.999	26	55.845	-0.513267
58	92	8	15.999	26	55.845	-0.243552
58	93	8	15.999	26	55.845	-0.419062
58	94	8	15.999	26	55.845	-0.294589
58	95	8	15.999	26	55.845	-0.538150
58	96	8	15.999	26	55.845	-0.146942
58	97	8	15.999	26	55.845	-0.118192
58	98	8	15.999	26	55.845	0.060386
58	100	8	15.999	26	55.845	-0.330412
58	101	8	15.999	26	55.845	-0.628043
59	59	8	15.999	8	15.999	19.642140
59	60	8	15.999	8	15.999	8.723193
59	61	8	15.999	8	15.999	12.535951
59	62	8	15.999	8	15.999	7.134969
59	63	8	15.999	8	15.999	12.683531
59	64	8	15.999	8	15.999	18.604537
59	65	8	15.999	8	15.999	55.649050
59	66	8	15.999	8	15.999	171.328704
59	67	8	15.999	8	15.999	128.168041
59	68	8	15.999	8	15.999	87.904691
59	69	8	15.999	8	15.999	107.575570
59	70	8	15.999	8	15.999	100.613358
59	71	8	15.999	8	15.999	190.122418
59	72	8	15.999	8	15.999	101.015209
59	73	8	15.999	8	15.999	71.259687
59	74	8	15.999	8	15.999	84.759572
59	75	8	15.999	8	15.999	68.404708
59	76	8	15.999	8	15.999	228.549714
59	77	8	15.999	8	15.999	186.812786
59	78	8	15.999	8	15.999	181.718214
59	79	8	15.999	8	15.999	20.890393
59	84	8	15.999	26	55.845	1.008208
59	85	8	15.999	26	55.845	0.596770
59	86	8	15.999	26	55.845	0.422689
59	87	8	15.999	26	55.845	-0.031238
59	88	8	15.999	26	55.845	0.425231
59	89	8	15.999	26	55.845	-0.667919
59	90	8	15.999	26	55.845	-2.376374
59	91	8	15.999	26	55.845	7.724041
59	92	8	15.999	26	55.845	1.065600
59	93	8	15.999	26	55.845	4.423502
59	94	8	15.999	26	55.845	3.990780
59	95	8	15.999	26	55.845	6.236447
59	96	8	15.999	26	55.845	4.331899
59	97	8	15.999	26	55.845	0.452681
59	98	8	15.999	26	55.845	0.032687
59	100	8	15.999	26	55.845	-2.618177
59	101	8	15.999	26	55.845	4.553415
60	60	8	15.999	8	15.999	12.918248
60	61	8	15.999	8	15.999	4.545188
60	62	8	15.999	8	15.999	10.564338
60	63	8	15.999	8	15.999	5.864165
60	64	8	15.999	8	15.999	27.064889
60	65	8	15.999	8	15.999	33.334935
60	66	8	15.999	8	15.999	190.562428
60	67	8	15.999	8	15.999	90.738443
60	68	8	15.999	8	15.999	88.459842
60	69	8	15.999	8	15.999	90.582210
60	70	8	15.999	8	15.999	88.108179
60	71	8	15.999	8	15.999	164.033689
60	72	8	15.999	8	15.999	86.313975
60	73	8	15.999	8	15.999	61.982851
60	74	8	15.999	8	15.999	73.815762
60	75	8	15.999	8	15.999	59.007566
60	76	8	15.999	8	15.999	200.979793
60	77	8	15.999	8	15.999	159.835639
60	78	8	15.999	8	15.999	159.668249
60	79	8	15.999	8	15.999	17.976665
60	84	8	15.999	26	55.845	0.722496
60	85	8	15.999	26	55.845	0.425051
60	86	8	15.999	26	55.845	0.302333
60	87	8	15.999	26	55.845	-0.046168
60	88	8	15.999	26	55.845	0.367791
60	89	8	15.999	26	55.845	-0.250523
60	90	8	15.999	26	55.845	-3.250141
60	91	8	15.999	26	55.845	8.025797
60	92	8	15.999	26	55.845	-0.160148
60	93	8	15.999	26	55.845	4.299621
60	94	8	15.999	26	55.845	2.418385
60	95	8	15.999	26	55.845	5.463221
60	96	8	15.999	26	55.845	3.294773
60	97	8	15.999	26	55.845	0.465141
60	98	8	15.999	26	55.845	-0.015291
60	100	8	15.999	26	55.845	-2.767301
60	101	8	15.999	26	55.845	3.600984
61	61	8	15.999	8	15.999	17.032856
61	62	8	15.999	8	15.999	3.725558
61	63	8	15.999	8	15.999	23.760839
61	64	8	15.999	8	15.999	18.125699
61	65	8	15.999	8	15.999	100.557386
61	66	8	15.999	8	15.999	219.347165
61	67	8	15.999	8	15.999	217.182374
61	68	8	15.999	8	15.999	102.355952
61	69	8	15.999	8	15.999	179.250910
61	70	8	15.999	8	15.999	151.661569
61	71	8	15.999	8	15.999	301.598194
61	72	8	15.999	8	15.999	159.250534
61	73	8	15.999	8	15.999	110.651693
61	74	8	15.999	8	15.999	133.423185
61	75	8	15.999	8	15.999	107.039526
61	76	8	15.999	8	15.999	355.199405
61	77	8	15.999	8	15.999	290.852241
61	78	8	15.999	8	15.999	290.694952
61	79	8	15.999	8	15.999	32.889080
61	84	8	15.999	26	55.845	0.481470
61	85	8	15.999	26	55.845	0.283276
61	86	8	15.999	26	55.845	0.219301
61	87	8	15.999	26	55.845	-0.009253
61	88	8	15.999	26	55.845	0.427107
61	89	8	15.999	26	55.845	0.095170
61	90	8	15.999	26	55.845	-4.045380
61	91	8	15.999	26	55.845	13.417844
61	92	8	15.999	26	55.845	0.616986
61	93	8	15.999	26	55.845	6.531780
61	94	8	15.999	26	55.845	5.334385
61	95	8	15.999	26	55.845	8.645292
61	96	8	15.999	26	55.845	7.011749
61	97	8	15.999	26	55.845	0.589100
61	98	8	15.999	26	55.845	0.071266
61	100	8	15.999	26	55.845	-5.358662
61	101	8	15.999	26	55.845	7.541854
62	62	8	15.999	8	15.999	27.776222
62	63	8	15.999	8	15.999	3.159846
62	64	8	15.999	8	15.999	86.078252
62	65	8	15.999	8	15.999	49.413623
62	66	8	15.999	8	15.999	545.507009
62	67	8	15.999	8	15.999	181.182306
62	68	8	15.999	8	15.999	233.974526
62	69	8	15.999	8	15.999	216.578893
62	70	8	15.999	8	15.999	211.467416
62	71	8	15.999	8	15.999	396.660108
62	72	8	15.999	8	15.999	204.800581
62	73	8	15.999	8	15.999	151.725434
62	74	8	15.999	8	15.999	178.653537
62	75	8	15.999	8	15.999	141.948874
62	76	8	15.999	8	15.999	487.826453
62	77	8	15.999	8	15.999	383.889432
62	78	8	15.999	8	15.999	389.487496
62	79	8	15.999	8	15.999	43.678353
62	84	8	15.999	26	55.845	0.217573
62	85	8	15.999	26	55.845	0.123129
62	86	8	15.999	26	55.845	0.129345
62	87	8	15.999	26	55.845	-0.006548
62	88	8	15.999	26	55.845	0.609008
62	89	8	15.999	26	55.845	0.842697
62	90	8	15.999	26	55.845	-10.882479
62	91	8	15.999	26	55.845	23.131742
62	92	8	15.999	26	55.845	-3.129850
62	93	8	15.999	26	55.845	11.643999
62	94	8	15.999	26	55.845	3.163761
62	95	8	15.999	26	55.845	13.301882
62	96	8	15.999	26	55.845	6.791502
62	97	8	15.999	26	55.845	1.378313
62	98	8	15.999	26	55.845	-0.203174
62	100	8	15.999	26	55.845	-7.745442
62	101	8	15.999	26	55.845	8.331464
63	63	8	15.999	8	15.999	86.510239
63	64	8	15.999	8	15.999	-39.352234
63	65	8	15.999	8	15.999	397.323305
63	66	8	15.999	8	15.999	241.357909
63	67	8	15.999	8	15.999	753.057480
63	68	8	15.999	8	15.999	111.653685
63	69	8	15.999	8	15.999	542.755934
63	70	8	15.999	8	15.999	397.097612
63	71	8	15.999	8	15.999	849.461173
63	72	8	15.999	8	15.999	447.142457
63	73	8	15.999	8	15.999	301.775544
63	74	8	15.999	8	15.999	369.046593
63	75	8	15.999	8	15.999	297.449685
63	76	8	15.999	8	15.999	965.365949
63	77	8	15.999	8	15.999	807.147174
63	78	8	15.999	8	15.999	810.416990
63	79	8	15.999	8	15.999	91.432101
63	84	8	15.999	26	55.845	0.069578
63	85	8	15.999	26	55.845	0.035784
63	86	8	15.999	26	55.845	0.113529
63	87	8	15.999	26	55.845	0.056818
63	88	8	15.999	26	55.845	1.003020
63	89	8	15.999	26	55.845	1.435236
63	90	8	15.999	26	55.845	-4.764718
63	91	8	15.999	26	55.845	33.803017
63	92	8	15.999	26	55.845	4.638014
63	93	8	15.999	26	55.845	14.554389
63	94	8	15.999	26	55.845	17.765479
63	95	8	15.999	26	55.845	20.646061
63	96	8	15.999	26	55.845	22.299703
63	97	8	15.999	26	55.845	0.857329
63	98	8	15.999	26	55.845	0.534171
63	100	8	15.999	26	55.845	-15.833976
63	101	8	15.999	26	55.845	23.076498
64	64	8	15.999	8	15.999	661.726051
64	65	8	15.999	8	15.999	-606.345893
64	66	8	15.999	8	15.999	3600.929420
64	67	8	15.999	8	15.999	-533.401525
64	68	8	15.999	8	15.999	1487.710348
64	69	8	15.999	8	15.999	282.765458
64	70	8	15.999	8	15.999	590.075365
64	71	8	15.999	8	15.999	868.084291
64	72	8	15.999	8	15.999	406.970271
64	73	8	15.999	8	15.999	394.390952
64	74	8	15.999	8	15.999	420.561371
64	75	8	15.999	8	15.999	324.966279
64	76	8	15.999	8	15.999	1270.634804
64	77	8	15.999	8	15.999	866.748244
64	78	8	15.999	8	15.999	903.567314
64	79	8	15.999	8	15.999	99.926803
64	84	8	15.999	26	55.845	-0.010246
64	85	8	15.999	26	55.845	-0.036705
64	86	8	15.999	26	55.845	0.151517
64	87	8	15.999	26	55.845	-0.052857
64	88	8	15.999	26	55.845	2.290763
64	89	8	15.999	26	55.845	4.368558
64	90	8	15.999	26	55.845	-73.154039
64	91	8	15.999	26	55.845	95.535912
64	92	8	15.999	26	55.845	-38.298729
64	93	8	15.999	26	55.845	53.653145
64	94	8	15.999	26	55.845	-24.275733
64	95	8	15.999	26	55.845	49.543399
64	96	8	15.999	26	55.845	-7.557549
64	97	8	15.999	26	55.845	8.755288
64	98	8	15.999	26	55.845	-3.137761
64	100	8	15.999	26	55.845	-19.307636
64	101	8	15.999	26	55.845	2.629490
65	65	8	15.999	8	15.999	6137.311922
65	66	8	15.999	8	15.999	-4456.858671
65	67	8	15.999	8	15.999	11235.437908
65	68	8	15.999	8	15.999	-1242.692413
65	69	8	15.999	8	15.999	6660.527303
65	70	8	15.999	8	15.999	4348.472906
65	71	8	15.999	8	15.999	9764.701084
65	72	8	15.999	8	15.999	5528.040914
65	73	8	15.999	8	15.999	3251.346324
65	74	8	15.999	8	15.999	4223.499104
65	75	8	15.999	8	15.999	3400.984908
65	76	8	15.999	8	15.999	10398.559869
65	77	8	15.999	8	15.999	9378.256763
65	78	8	15.999	8	15.999	9335.593247
65	79	8	15.999	8	15.999	1061.427337
65	84	8	15.999	26	55.845	-0.101903
65	85	8	15.999	26	55.845	0.035852
65	86	8	15.999	26	55.845	0.010098
65	87	8	15.999	26	55.845	0.540357
65	88	8	15.999	26	55.845	-0.467998
65	89	8	15.999	26	55.845	5.505840
65	90	8	15.999	26	55.845	95.535830
65	91	8	15.999	26	55.845	218.411898
65	92	8	15.999	26	55.845	163.400550
65	93	8	15.999	26	55.845	69.316236
65	94	8	15.999	26	55.845	324.174003
65	95	8	15.999	26	55.845	171.577925
65	96	8	15.999	26	55.845	359.221744
65	97	8	15.999	26	55.845	-10.728699
65	98	8	15.999	26	55.845	15.582051
65	100	8	15.999	26	55.845	-177.837163
65	101	8	15.999	26	55.845	356.599259
66	66	8	15.999	8	15.999	110237.278737
66	67	8	15.999	8	15.999	-61295.411139
66	68	8	15.999	8	15.999	67866.146457
66	69	8	15.999	8	15.999	-20601.030073
66	70	8	15.999	8	15.999	9899.052555
66	71	8	15.999	8	15.999	-7673.899800
66	72	8	15.999	8	15.999	3733.049519
66	73	8	15.999	8	15.999	-334.198722
66	74	8	15.999	8	15.999	942.436469
66	75	8	15.999	8	15.999	-739.453421
66	76	8	15.999	8	15.999	45.790707
66	77	8	15.999	8	15.999	1855.552718
66	78	8	15.999	8	15.999	1371.415833
66	79	8	15.999	8	15.999	347.203742
66	84	8	15.999	26	55.845	-0.515781
66	85	8	15.999	26	55.845	-1.311116
66	86	8	15.999	26	55.845	-2.153655
66	87	8	15.999	26	55.845	-9.225601
66	88	8	15.999	26	55.845	6.282011
66	89	8	15.999	26	55.845	-97.171533
66	90	8	15.999	26	55.845	-1507.882688
66	91	8	15.999	26	55.845	588.022056
66	92	8	15.999	26	55.845	-594.042467
66	93	8	15.999	26	55.845	1063.840829
66	94	8	15.999	26	55.845	-365.317872
66	95	8	15.999	26	55.845	1216.938556
66	96	8	15.999	26	55.845	67.808204
66	97	8	15.999	26	55.845	219.310368
66	98	8	15.999	26	55.845	-115.044097
66	100	8	15.999	26	55.845	224.164128
66	101	8	15.999	26	55.845	726.792085
67	67	8	15.999	8	15.999	798890.719619
67	68	8	15.999	8	15.999	-878901.915301
67	69	8	15.999	8	15.999	657397.412815
67	70	8	15.999	8	15.999	5249.331938
67	71	8	15.999	8	15.999	620289.358526
67	72	8	15.999	8	15.999	75405.371225
67	73	8	15.999	8	15.999	223647.268821
67	74	8	15.999	8	15.999	168239.819108
67	75	8	15.999	8	15.999	164353.920846
67	76	8	15.999	8	15.999	588474.643415
67	77	8	15.999	8	15.999	371040.592499
67	78	8	15.999	8	15.999	400054.845134
67	79	8	15.999	8	15.999	42151.560951
67	84	8	15.999	26	55.845	-14.157383
67	85	8	15.999	26	55.845	5.555885
67	86	8	15.999	26	55.845	-37.056332
67	87	8	15.999	26	55.845	21.412368
67	88	8	15.999	26	55.845	-455.786360
67	89	8	15.999	26	55.845	1659.287112
67	90	8	15.999	26	55.845	-23531.217026
67	91	8	15.999	26	55.845	74449.135997
67	92	8	15.999	26	55.845	-27970.742720
67	93	8	15.999	26	55.845	18160.585152
67	94	8	15.999	26	55.845	-15599.440137
67	95	8	15.999	26	55.845	9213.049864
67	96	8	15.999	26	55.845	-9489.916187
67	97	8	15.999	26	55.845	2931.634002
67	98	8	15.999	26	55.845	-1039.408482
67	100	8	15.999	26	55.845	-13561.578779
67	101	8	15.999	26	55.845	-9302.176775
68	68	8	15.999	8	15.999	9806480.986320
68	69	8	15.999	8	15.999	-3603463.666805
68	70	8	15.999	8	15.999	2905657.512606
68	71	8	15.999	8	15.999	-1169029.042990
68	72	8	15.999	8	15.999	1962383.225198
68	73	8	15.999	8	15.999	-529539.430975
68	74	8	15.999	8	15.999	647721.776347
68	75	8	15.999	8	15.999	209088.802076
68	76	8	15.999	8	15.999	761158.644418
68	77	8	15.999	8	15.999	815040.896029
68	78	8	15.999	8	15.999	903609.908172
68	79	8	15.999	8	15.999	87168.361141
68	84	8	15.999	26	55.845	44.578212
68	85	8	15.999	26	55.845	-25.543796
68	86	8	15.999	26	55.845	107.704713
68	87	8	15.999	26	55.845	-129.922273
68	88	8	15.999	26	55.845	1548.920323
68	89	8	15.999	26	55.845	-6348.870739
68	90	8	15.999	26	55.845	103685.095077
68	91	8	15.999	26	55.845	-712465.840205
68	92	8	15.999	26	55.845	327402.397100
68	93	8	15.999	26	55.845	-207932.647962
68	94	8	15.999	26	55.845	195007.070759
68	95	8	15.999	26	55.845	-129602.999801
68	96	8	15.999	26	55.845	139707.560905
68	97	8	15.999	26	55.845	-46252.966731
68	98	8	15.999	26	55.845	26658.574458
68	100	8	15.999	26	55.845	-22785.283618
68	101	8	15.999	26	55.845	42894.756294
69	69	8	15.999	8	15.999	4908286.791531
69	70	8	15.999	8	15.999	-3421634.721026
69	71	8	15.999	8	15.999	3109105.003139
69	72	8	15.999	8	15.999	-1938300.758411
69	73	8	15.999	8	15.999	1254245.547184
69	74	8	15.999	8	15.999	-295478.983017
69	75	8	15.999	8	15.999	209242.073072
69	76	8	15.999	8	15.999	292036.378521
69	77	8	15.999	8	15.999	330814.134936
69	78	8	15.999	8	15.999	168735.682868
69	79	8	15.999	8	15.999	40230.708340
69	84	8	15.999	26	55.845	-10.949123
69	85	8	15.999	26	55.845	12.152595
69	86	8	15.999	26	55.845	-17.000540
69	87	8	15.999	26	55.845	88.018243
69	88	8	15.999	26	55.845	-497.581898
69	89	8	15.999	26	55.845	2594.829304
69	90	8	15.999	26	55.845	-34232.429558
69	91	8	15.999	26	55.845	303041.644647
69	92	8	15.999	26	55.845	-358582.103309
69	93	8	15.999	26	55.845	294721.355995
69	94	8	15.999	26	55.845	-217476.794348
69	95	8	15.999	26	55.845	240071.813603
69	96	8	15.999	26	55.845	-119543.783319
69	97	8	15.999	26	55.845	65521.635033
69	98	8	15.999	26	55.845	-36218.216558
69	100	8	15.999	26	55.845	13828.463566
69	101	8	15.999	26	55.845	36788.619404
70	70	8	15.999	8	15.999	6438795.823418
70	71	8	15.999	8	15.999	-3458851.614541
70	72	8	15.999	8	15.999	5011402.976223
70	73	8	15.999	8	15.999	-1495307.023768
70	74	8	15.999	8	15.999	933207.797407
70	75	8	15.999	8	15.999	-12059.230753
70	76	8	15.999	8	15.999	581192.614116
70	77	8	15.999	8	15.999	597847.386431
70	78	8	15.999	8	15.999	793631.631647
70	79	8	15.999	8	15.999	73836.947283
70	84	8	15.999	26	55.845	8.757996
70	85	8	15.999	26	55.845	-7.032755
70	86	8	15.999	26	55.845	19.286219
70	87	8	15.999	26	55.845	-40.886663
70	88	8	15.999	26	55.845	333.522369
70	89	8	15.999	26	55.845	-1453.135047
70	90	8	15.999	26	55.845	23173.477589
70	91	8	15.999	26	55.845	-214327.561181
70	92	8	15.999	26	55.845	304455.200210
70	93	8	15.999	26	55.845	-451355.055840
70	94	8	15.999	26	55.845	327639.069834
70	95	8	15.999	26	55.845	-423388.197222
70	96	8	15.999	26	55.845	223692.264269
70	97	8	15.999	26	55.845	-90121.105171
70	98	8	15.999	26	55.845	51125.682946
70	100	8	15.999	26	55.845	-26062.102312
70	101	8	15.999	26	55.845	29970.861009
71	71	8	15.999	8	15.999	9683360.174631
71	72	8	15.999	8	15.999	-6705053.250594
71	73	8	15.999	8	15.999	4612907.448654
71	74	8	15.999	8	15.999	-1233259.842428
71	75	8	15.999	8	15.999	823322.766846
71	76	8	15.999	8	15.999	815619.048570
71	77	8	15.999	8	15.999	962874.703376
71	78	8	15.999	8	15.999	432924.528929
71	79	8	15.999	8	15.999	79396.583464
71	84	8	15.999	26	55.845	-1.731935
71	85	8	15.999	26	55.845	7.335709
71	86	8	15.999	26	55.845	6.527134
71	87	8	15.999	26	55.845	67.313774
71	88	8	15.999	26	55.845	-195.618358
71	89	8	15.999	26	55.845	1471.793577
71	90	8	15.999	26	55.845	-13383.484483
71	91	8	15.999	26	55.845	139434.681975
71	92	8	15.999	26	55.845	-208897.235106
71	93	8	15.999	26	55.845	336011.575870
71	94	8	15.999	26	55.845	-642753.813291
71	95	8	15.999	26	55.845	726990.216153
71	96	8	15.999	26	55.845	-438189.708506
71	97	8	15.999	26	55.845	218673.580781
71	98	8	15.999	26	55.845	-120302.880738
71	100	8	15.999	26	55.845	38778.854395
71	101	8	15.999	26	55.845	90322.865734
72	72	8	15.999	8	15.999	24267680.272790
72	73	8	15.999	8	15.999	-11423978.850308
72	74	8	15.999	8	15.999	5428944.753504
72	75	8	15.999	8	15.999	-1298832.435899
72	76	8	15.999	8	15.999	1025238.500791
72	77	8	15.999	8	15.999	1629220.537815
72	78	8	15.999	8	15.999	2896034.717694
72	79	8	15.999	8	15.999	288244.330552
72	84	8	15.999	26	55.845	9.630745
72	85	8	15.999	26	55.845	-6.034927
72	86	8	15.999	26	55.845	24.224507
72	87	8	15.999	26	55.845	-28.946801
72	88	8	15.999	26	55.845	340.841344
72	89	8	15.999	26	55.845	-1318.328775
72	90	8	15.999	26	55.845	20038.388389
72	91	8	15.999	26	55.845	-157567.168724
72	92	8	15.999	26	55.845	245337.014497
72	93	8	15.999	26	55.845	-454014.850689
72	94	8	15.999	26	55.845	787944.517733
72	95	8	15.999	26	55.845	-2068656.397507
72	96	8	15.999	26	55.845	1464401.141051
72	97	8	15.999	26	55.845	-602471.456050
72	98	8	15.999	26	55.845	340178.188953
72	100	8	15.999	26	55.845	-125110.917740
72	101	8	15.999	26	55.845	166928.521548
73	73	8	15.999	8	15.999	17392169.916004
73	74	8	15.999	8	15.999	-7908381.595674
73	75	8	15.999	8	15.999	3837089.772060
73	76	8	15.999	8	15.999	-399449.507231
73	77	8	15.999	8	15.999	516529.740925
73	78	8	15.999	8	15.999	-1980471.270657
73	79	8	15.999	8	15.999	-335875.090239
73	84	8	15.999	26	55.845	-0.378231
73	85	8	15.999	26	55.845	4.591421
73	86	8	15.999	26	55.845	5.435092
73	87	8	15.999	26	55.845	41.686462
73	88	8	15.999	26	55.845	-106.136155
73	89	8	15.999	26	55.845	846.161388
73	90	8	15.999	26	55.845	-6446.731370
73	91	8	15.999	26	55.845	79441.854904
73	92	8	15.999	26	55.845	-115594.133216
73	93	8	15.999	26	55.845	211088.005828
73	94	8	15.999	26	55.845	-467643.440705
73	95	8	15.999	26	55.845	1307101.096906
73	96	8	15.999	26	55.845	-1853267.881611
73	97	8	15.999	26	55.845	911143.141793
73	98	8	15.999	26	55.845	-525830.450634
73	100	8	15.999	26	55.845	243798.681902
73	101	8	15.999	26	55.845	52445.288998
74	74	8	15.999	8	15.999	13168758.045364
74	75	8	15.999	8	15.999	-9821451.937494
74	76	8	15.999	8	15.999	4056067.855210
74	77	8	15.999	8	15.999	-298647.388307
74	78	8	15.999	8	15.999	5284614.142305
74	79	8	15.999	8	15.999	972778.674470
74	84	8	15.999	26	55.845	3.635720
74	85	8	15.999	26	55.845	-1.168621
74	86	8	15.999	26	55.845	11.253740
74	87	8	15.999	26	55.845	0.659680
74	88	8	15.999	26	55.845	105.763108
74	89	8	15.999	26	55.845	-304.084297
74	90	8	15.999	26	55.845	6434.300760
74	91	8	15.999	26	55.845	-36670.288235
74	92	8	15.999	26	55.845	61027.697172
74	93	8	15.999	26	55.845	-74561.630599
74	94	8	15.999	26	55.845	200100.598661
74	95	8	15.999	26	55.845	-432589.715073
74	96	8	15.999	26	55.845	819805.571828
74	97	8	15.999	26	55.845	-1103223.667069
74	98	8	15.999	26	55.845	814778.354519
74	100	8	15.999	26	55.845	-536691.073080
74	101	8	15.999	26	55.845	39793.732533
75	75	8	15.999	8	15.999	19374547.122340
75	76	8	15.999	8	15.999	-9008381.137045
75	77	8	15.999	8	15.999	4013962.012121
75	78	8	15.999	8	15.999	-6102394.061672
75	79	8	15.999	8	15.999	-1716418.310275
75	84	8	15.999	26	55.845	2.545273
75	85	8	15.999	26	55.845	0.251906
75	86	8	15.999	26	55.845	9.194165
75	87	8	15.999	26	55.845	9.640526
75	88	8	15.999	26	55.845	52.566611
75	89	8	15.999	26	55.845	-26.569320
75	90	8	15.999	26	55.845	2889.430663
75	91	8	15.999	26	55.845	-5436.922992
75	92	8	15.999	26	55.845	12140.866096
75	93	8	15.999	26	55.845	2724.122355
75	94	8	15.999	26	55.845	23199.982265
75	95	8	15.999	26	55.845	87180.374987
75	96	8	15.999	26	55.845	-35948.721414
75	97	8	15.999	26	55.845	352695.999166
75	98	8	15.999	26	55.845	-857458.140979
75	100	8	15.999	26	55.845	882358.475309
75	101	8	15.999	26	55.845	141547.406681
76	76	8	15.999	8	15.999	41582041.466678
76	77	8	15.999	8	15.999	-12857457.867069
76	78	8	15.999	8	15.999	6896572.140651
76	79	8	15.999	8	15.999	6993614.986922
76	84	8	15.999	26	55.845	-0.556505
76	85	8	15.999	26	55.845	2.324083
76	86	8	15.999	26	55.845	3.486472
76	87	8	15.999	26	55.845	24.986438
76	88	8	15.999	26	55.845	-67.685214
76	89	8	15.999	26	55.845	569.903375
76	90	8	15.999	26	55.845	-2160.553324
76	91	8	15.999	26	55.845	-8350.092547
76	92	8	15.999	26	55.845	1799.867208
76	93	8	15.999	26	55.845	44989.402014
76	94	8	15.999	26	55.845	-76689.153792
76	95	8	15.999	26	55.845	336767.112080
76	96	8	15.999	26	55.845	-440785.798431
76	97	8	15.999	26	55.845	616944.465684
76	98	8	15.999	26	55.845	-711954.455836
76	100	8	15.999	26	55.845	-596144.595079
76	101	8	15.999	26	55.845	-255805.439462
77	77	8	15.999	8	15.999	50365915.060105
77	78	8	15.999	8	15.999	31201437.503993
77	79	8	15.999	8	15.999	-21382536.057667
77	84	8	15.999	26	55.845	12.043986
77	85	8	15.999	26	55.845	2.024595
77	86	8	15.999	26	55.845	42.850602
77	87	8	15.999	26	55.845	49.359549
77	88	8	15.999	26	55.845	226.770771
77	89	8	15.999	26	55.845	-9.713392
77	90	8	15.999	26	55.845	13050.453497
77	91	8	15.999	26	55.845	-13747.382231
77	92	8	15.999	26	55.845	49214.313048
77	93	8	15.999	26	55.845	-5099.935488
77	94	8	15.999	26	55.845	122061.937815
77	95	8	15.999	26	55.845	74837.393850
77	96	8	15.999	26	55.845	255482.473830
77	97	8	15.999	26	55.845	-167623.897740
77	98	8	15.999	26	55.845	255238.342016
77	100	8	15.999	26	55.845	-3503313.042936
77	101	8	15.999	26	55.845	1274501.015210
78	78	8	15.999	8	15.999	105434749.866996
78	79	8	15.999	8	15.999	6142270.990046
78	84	8	15.999	26	55.845	8.174939
78	85	8	15.999	26	55.845	-2.123802
78	86	8	15.999	26	55.845	26.731761
78	87	8	15.999	26	55.845	6.140642
78	88	8	15.999	26	55.845	245.807288
78	89	8	15.999	26	55.845	-698.038958
78	90	8	15.999	26	55.845	11378.179830
78	91	8	15.999	26	55.845	-27268.338171
78	92	8	15.999	26	55.845	58687.844455
78	93	8	15.999	26	55.845	-30447.222148
78	94	8	15.999	26	55.845	155111.728697
78	95	8	15.999	26	55.845	-81808.948485
78	96	8	15.999	26	55.845	447245.087699
78	97	8	15.999	26	55.845	-564121.921906
78	98	8	15.999	26	55.845	892858.452548
78	100	8	15.999	26	55.845	-11090935.070757
78	101	8	15.999	26	55.845	-734934.267966
79	79	8	15.999	8	15.999	46769269.155413
79	84	8	15.999	26	55.845	1.120986
79	85	8	15.999	26	55.845	0.157272
79	86	8	15.999	26	55.845	4.080602
79	87	8	15.999	26	55.845	4.629065
79	88	8	15.999	26	55.845	22.136497
79	89	8	15.999	26	55.845	-8.174854
79	90	8	15.999	26	55.845	1184.874585
79	91	8	15.999	26	55.845	312.040606
79	92	8	15.999	26	55.845	2700.033811
79	93	8	15.999	26	55.845	4218.379079
79	94	8	15.999	26	55.845	2703.031609
79	95	8	15.999	26	55.845	30683.503352
79	96	8	15.999	26	55.845	-3453.422681
79	97	8	15.999	26	55.845	16214.960703
79	98	8	15.999	26	55.845	-28491.969853
79	100	8	15.999	26	55.845	729558.898093
79	101	8	15.999	26	55.845	-2412979.120784
84	84	26	55.845	26	55.845	0.525096
84	85	26	55.845	26	55.845	-0.275329
84	86	26	55.845	26	55.845	0.425815
84	87	26	55.845	26	55.845	-0.120203
84	88	26	55.845	26	55.845	0.988906
84	89	26	55.845	26	55.845	-0.782492
84	90	26	55.845	26	55.845	4.988345
84	91	26	55.845	26	55.845	-3.595646
84	92	26	55.845	26	55.845	3.621018
84	93	26	55.845	26	55.845	-0.326270
84	94	26	55.845	26	55.845	3.199225
84	95	26	55.845	26	55.845	1.301959
84	96	26	55.845	26	55.845	2.357286
84	97	26	55.845	26	55.845	-0.149369
84	98	26	55.845	26	55.845	0.094627
84	100	26	55.845	26	55.845	0.749059
84	101	26	55.845	26	55.845	2.414379
85	85	26	55.845	26	55.845	0.422727
85	86	26	55.845	26	55.845	-0.165682
85	87	26	55.845	26	55.845	0.680451
85	88	26	55.845	26	55.845	-0.666346
85	89	26	55.845	26	55.845	1.827889
85	90	26	55.845	26	55.845	-1.259741
85	91	26	55.845	26	55.845	3.585555
85	92	26	55.845	26	55.845	-1.523900
85	93	26	55.845	26	55.845	1.662216
85	94	26	55.845	26	55.845	-0.588075
85	95	26	55.845	26	55.845	1.595667
85	96	26	55.845	26	55.845	-0.606863
85	97	26	55.845	26	55.845	0.365165
85	98	26	55.845	26	55.845	-0.179760
85	100	26	55.845	26	55.845	0.630020
85	101	26	55.845	26	55.845	0.075347
86	86	26	55.845	26	55.845	0.971947
86	87	26	55.845	26	55.845	0.499873
86	88	26	55.845	26	55.845	2.252764
86	89	26	55.845	26	55.845	0.082740
86	90	26	55.845	26	55.845	14.050963
86	91	26	55.845	26	55.845	-6.409778
86	92	26	55.845	26	55.845	9.308092
86	93	26	55.845	26	55.845	1.138751
86	94	26	55.845	26	55.845	9.191951
86	95	26	55.845	26	55.845	6.084178
86	96	26	55.845	26	55.845	6.765756
86	97	26	55.845	26	55.845	-0.009615
86	98	26	55.845	26	55.845	0.065751
86	100	26	55.845	26	55.845	2.893881
86	101	26	55.845	26	55.845	7.906294
87	87	26	55.845	26	55.845	4.687263
87	88	26	55.845	26	55.845	-3.534897
87	89	26	55.845	26	55.845	14.656113
87	90	26	55.845	26	55.845	-0.965271
87	91	26	55.845	26	55.845	24.549849
87	92	26	55.845	26	55.845	-6.262809
87	93	26	55.845	26	55.845	13.781338
87	94	26	55.845	26	55.845	0.872212
87	95	26	55.845	26	55.845	16.100321
87	96	26	55.845	26	55.845	-0.478100
87	97	26	55.845	26	55.845	2.850538
87	98	26	55.845	26	55.845	-1.360523
87	100	26	55.845	26	55.845	6.343339
87	101	26	55.845	26	55.845	5.872012
88	88	26	55.845	26	55.845	28.789834
88	89	26	55.845	26	55.845	-49.481478
88	90	26	55.845	26	55.845	143.804027
88	91	26	55.845	26	55.845	-153.630979
88	92	26	55.845	26	55.845	115.566000
88	93	26	55.845	26	55.845	-39.620892
88	94	26	55.845	26	55.845	87.601137
88	95	26	55.845	26	55.845	0.960284
88	96	26	55.845	26	55.845	69.700764
88	97	26	55.845	26	55.845	-10.727900
88	98	26	55.845	26	55.845	5.630058
88	100	26	55.845	26	55.845	4.067347
88	101	26	55.845	26	55.845	57.174238
89	89	26	55.845	26	55.845	275.933812
89	90	26	55.845	26	55.845	-443.299445
89	91	26	55.845	26	55.845	751.545185
89	92	26	55.845	26	55.845	-417.778050
89	93	26	55.845	26	55.845	294.123179
89	94	26	55.845	26	55.845	-228.628104
89	95	26	55.845	26	55.845	214.622564
89	96	26	55.845	26	55.845	-206.529463
89	97	26	55.845	26	55.845	68.770374
89	98	26	55.845	26	55.845	-33.860552
89	100	26	55.845	26	55.845	86.892961
89	101	26	55.845	26	55.845	-93.914286
90	90	26	55.845	26	55.845	6930.219875
90	91	26	55.845	26	55.845	-9815.025359
90	92	26	55.845	26	55.845	6787.890883
90	93	26	55.845	26	55.845	-2832.333931
90	94	26	55.845	26	55.845	4582.493825
90	95	26	55.845	26	55.845	-849.871453
90	96	26	55.845	26	55.845	3338.586816
90	97	26	55.845	26	55.845	-702.199958
90	98	26	55.845	26	55.845	392.266069
90	100	26	55.845	26	55.845	112.758685
90	101	26	55.845	26	55.845	2409.305824
91	91	26	55.845	26	55.845	80682.932402
91	92	26	55.845	26	55.845	-38107.831921
91	93	26	55.845	26	55.845	31581.432649
91	94	26	55.845	26	55.845	-21896.396150
91	95	26	55.845	26	55.845	24366.935427
91	96	26	55.845	26	55.845	-13162.598151
91	97	26	55.845	26	55.845	6742.025720
91	98	26	55.845	26	55.845	-3756.851918
91	100	26	55.845	26	55.845	2897.007562
91	101	26	55.845	26	55.845	1979.867881
92	92	26	55.845	26	55.845	52873.387613
92	93	26	55.845	26	55.845	-42182.624866
92	94	26	55.845	26	55.845	39350.574190
92	95	26	55.845	26	55.845	-32242.613965
92	96	26	55.845	26	55.845	24778.465949
92	97	26	55.845	26	55.845	-10055.727344
92	98	26	55.845	26	55.845	5624.120414
92	100	26	55.845	26	55.845	-3022.146367
92	101	26	55.845	26	55.845	3748.895719
93	93	26	55.845	26	55.845	64902.006295
93	94	26	55.845	26	55.845	-52944.345468
93	95	26	55.845	26	55.845	68641.003637
93	96	26	55.845	26	55.845	-34717.706247
93	97	26	55.845	26	55.845	17153.481460
93	98	26	55.845	26	55.845	-9569.318999
93	100	26	55.845	26	55.845	5632.574068
93	101	26	55.845	26	55.845	2219.311578
94	94	26	55.845	26	55.845	121813.568587
94	95	26	55.845	26	55.845	-112926.928067
94	96	26	55.845	26	55.845	93751.708536
94	97	26	55.845	26	55.845	-38779.964781
94	98	26	55.845	26	55.845	21684.999692
94	100	26	55.845	26	55.845	-10990.017650
94	101	26	55.845	26	55.845	11624.508751
95	95	26	55.845	26	55.845	318390.855331
95	96	26	55.845	26	55.845	-192709.333061
95	97	26	55.845	26	55.845	100099.468354
95	98	26	55.845	26	55.845	-56274.113879
95	100	26	55.845	26	55.845	32461.920804
95	101	26	55.845	26	55.845	19461.363656
96	96	26	55.845	26	55.845	331107.596796
96	97	26	55.845	26	55.845	-165986.964746
96	98	26	55.845	26	55.845	96185.376458
96	100	26	55.845	26	55.845	-51052.643463
96	101	26	55.845	26	55.845	18694.297888
97	97	26	55.845	26	55.845	204856.612212
97	98	26	55.845	26	55.845	-145433.020017
97	100	26	55.845	26	55.845	81545.505203
97	101	26	55.845	26	55.845	-1239.114897
98	98	26	55.845	26	55.845	192506.413119
98	100	26	55.845	26	55.845	-120387.087738
98	101	26	55.845	26	55.845	4112.834914
100	100	26	55.845	26	55.845	1515218.541798
100	101	26	55.845	26	55.845	-88034.569812
101	101	26	55.845	26	55.845	538419.018722
