#i	j	Z1	A1	Z2	A2	cov [1/(GV.m2.sr.s)^2]
#(zeros and redundant entries (covariance is symmetric) are omitted)
1	1	1	1.008	1	1.008	2333706.170054
1	2	1	1.008	1	1.008	1305893.115024
1	3	1	1.008	1	1.008	1104203.859287
1	4	1	1.008	1	1.008	748195.918406
1	5	1	1.008	1	1.008	430176.489697
1	6	1	1.008	1	1.008	155042.808270
1	7	1	1.008	1	1.008	64973.692728
1	8	1	1.008	1	1.008	22190.313371
1	9	1	1.008	1	1.008	210486.058178
1	10	1	1.008	1	1.008	8610.084427
1	11	1	1.008	1	1.008	367115.891672
1	12	1	1.008	1	1.008	290610.671073
1	13	1	1.008	1	1.008	147942.315513
1	14	1	1.008	1	1.008	263959.832823
1	15	1	1.008	1	1.008	359808.443871
1	16	1	1.008	1	1.008	472714.008974
1	17	1	1.008	1	1.008	128633.710389
1	18	1	1.008	1	1.008	185594.421357
1	19	1	1.008	1	1.008	132733.926824
1	20	1	1.008	1	1.008	269056.391106
1	21	1	1.008	1	1.008	275704.608782
1	22	1	1.008	1	1.008	197517.397313
1	23	1	1.008	1	1.008	107571.522227
1	24	1	1.008	1	1.008	-51032.685380
1	25	1	1.008	1	1.008	143534.380055
1	30	1	1.008	2	4.003	223669.294527
1	31	1	1.008	2	4.003	199641.108578
1	32	1	1.008	2	4.003	123303.366585
1	33	1	1.008	2	4.003	74798.246778
1	34	1	1.008	2	4.003	30154.423451
1	35	1	1.008	2	4.003	8206.094398
1	36	1	1.008	2	4.003	-1086.655810
1	37	1	1.008	2	4.003	5280.001542
1	38	1	1.008	2	4.003	4668.948509
1	39	1	1.008	2	4.003	20784.000420
1	40	1	1.008	2	4.003	77695.507616
1	41	1	1.008	2	4.003	19849.958542
1	42	1	1.008	2	4.003	111607.185763
1	43	1	1.008	2	4.003	67527.784884
1	44	1	1.008	2	4.003	8827.975648
1	46	1	1.008	2	4.003	2887.575160
1	47	1	1.008	2	4.003	42451.567192
1	48	1	1.008	2	4.003	73167.419466
1	49	1	1.008	2	4.003	59982.395276
1	50	1	1.008	2	4.003	90744.398554
1	51	1	1.008	2	4.003	96773.541547
1	57	1	1.008	8	15.999	1165.583781
1	58	1	1.008	8	15.999	3876.304694
1	59	1	1.008	8	15.999	4668.798492
1	60	1	1.008	8	15.999	3350.614579
1	61	1	1.008	8	15.999	2208.029890
1	62	1	1.008	8	15.999	961.804690
1	63	1	1.008	8	15.999	213.795165
1	64	1	1.008	8	15.999	-252.095210
1	65	1	1.008	8	15.999	-364.716579
1	66	1	1.008	8	15.999	-1324.161226
1	67	1	1.008	8	15.999	-1888.148389
1	68	1	1.008	8	15.999	8203.170388
1	69	1	1.008	8	15.999	-1233.678236
1	70	1	1.008	8	15.999	2823.109535
1	71	1	1.008	8	15.999	2336.025588
1	72	1	1.008	8	15.999	1771.732916
1	73	1	1.008	8	15.999	4164.501536
1	74	1	1.008	8	15.999	389.131265
1	75	1	1.008	8	15.999	-297.448268
1	76	1	1.008	8	15.999	-647.365225
1	77	1	1.008	8	15.999	585.559325
1	78	1	1.008	8	15.999	1107.129858
1	79	1	1.008	8	15.999	649.313664
1	84	1	1.008	26	55.845	381.694590
1	85	1	1.008	26	55.845	225.696036
1	86	1	1.008	26	55.845	152.863542
1	87	1	1.008	26	55.845	-20.536280
1	88	1	1.008	26	55.845	85.645698
1	89	1	1.008	26	55.845	-372.558458
1	90	1	1.008	26	55.845	617.061153
1	91	1	1.008	26	55.845	-770.527874
1	92	1	1.008	26	55.845	618.696276
1	93	1	1.008	26	55.845	88.544643
1	94	1	1.008	26	55.845	809.093383
1	95	1	1.008	26	55.845	924.129131
1	97	1	1.008	26	55.845	19.493715
1	101	1	1.008	26	55.845	572.676959
2	2	1	1.008	1	1.008	1323087.521087
2	3	1	1.008	1	1.008	823806.544050
2	4	1	1.008	1	1.008	675137.690929
2	5	1	1.008	1	1.008	329928.577657
2	6	1	1.008	1	1.008	155429.142620
2	7	1	1.008	1	1.008	38724.989374
2	8	1	1.008	1	1.008	71784.409632
2	9	1	1.008	1	1.008	167912.751888
2	10	1	1.008	1	1.008	84785.708425
2	11	1	1.008	1	1.008	340541.257852
2	12	1	1.008	1	1.008	396844.854557
2	13	1	1.008	1	1.008	137757.955846
2	14	1	1.008	1	1.008	338432.329957
2	15	1	1.008	1	1.008	392796.363542
2	16	1	1.008	1	1.008	544019.556649
2	17	1	1.008	1	1.008	136966.924738
2	18	1	1.008	1	1.008	210188.268592
2	19	1	1.008	1	1.008	152519.217378
2	20	1	1.008	1	1.008	307840.304847
2	21	1	1.008	1	1.008	317892.686211
2	22	1	1.008	1	1.008	225619.997331
2	23	1	1.008	1	1.008	123950.622654
2	24	1	1.008	1	1.008	-57948.569804
2	25	1	1.008	1	1.008	165341.397643
2	30	1	1.008	2	4.003	179151.135786
2	31	1	1.008	2	4.003	164998.411653
2	32	1	1.008	2	4.003	101399.271724
2	33	1	1.008	2	4.003	61844.847065
2	34	1	1.008	2	4.003	24578.194700
2	35	1	1.008	2	4.003	6301.117402
2	36	1	1.008	2	4.003	-2642.546615
2	37	1	1.008	2	4.003	117.777962
2	38	1	1.008	2	4.003	4577.494021
2	39	1	1.008	2	4.003	1747.969052
2	40	1	1.008	2	4.003	99213.218177
2	41	1	1.008	2	4.003	18682.645232
2	42	1	1.008	2	4.003	133284.209692
2	43	1	1.008	2	4.003	74430.491144
2	44	1	1.008	2	4.003	12341.123316
2	46	1	1.008	2	4.003	4245.346237
2	47	1	1.008	2	4.003	48023.643842
2	48	1	1.008	2	4.003	85259.531853
2	49	1	1.008	2	4.003	69739.251445
2	50	1	1.008	2	4.003	100152.717980
2	51	1	1.008	2	4.003	115323.620342
2	57	1	1.008	8	15.999	963.642449
2	58	1	1.008	8	15.999	3199.979429
2	59	1	1.008	8	15.999	3886.666319
2	60	1	1.008	8	15.999	2782.632122
2	61	1	1.008	8	15.999	1837.375169
2	62	1	1.008	8	15.999	797.388975
2	63	1	1.008	8	15.999	179.794737
2	64	1	1.008	8	15.999	-209.626595
2	65	1	1.008	8	15.999	-295.648106
2	66	1	1.008	8	15.999	-1123.927871
2	67	1	1.008	8	15.999	-2068.601541
2	68	1	1.008	8	15.999	7901.948875
2	69	1	1.008	8	15.999	-280.250160
2	70	1	1.008	8	15.999	3313.572199
2	71	1	1.008	8	15.999	3774.002203
2	72	1	1.008	8	15.999	2257.058484
2	73	1	1.008	8	15.999	5184.360917
2	74	1	1.008	8	15.999	554.386686
2	75	1	1.008	8	15.999	-380.820394
2	76	1	1.008	8	15.999	20.785579
2	77	1	1.008	8	15.999	1310.899832
2	78	1	1.008	8	15.999	2090.865867
2	79	1	1.008	8	15.999	877.127874
2	84	1	1.008	26	55.845	317.401341
2	85	1	1.008	26	55.845	187.671268
2	86	1	1.008	26	55.845	127.470145
2	87	1	1.008	26	55.845	-16.693569
2	88	1	1.008	26	55.845	75.238874
2	89	1	1.008	26	55.845	-308.818975
2	90	1	1.008	26	55.845	585.915841
2	91	1	1.008	26	55.845	-631.485532
2	92	1	1.008	26	55.845	543.766987
2	93	1	1.008	26	55.845	129.997441
2	94	1	1.008	26	55.845	772.143026
2	95	1	1.008	26	55.845	997.984592
2	97	1	1.008	26	55.845	21.832951
2	101	1	1.008	26	55.845	598.659689
3	3	1	1.008	1	1.008	627555.419558
3	4	1	1.008	1	1.008	441543.246456
3	5	1	1.008	1	1.008	250518.106161
3	6	1	1.008	1	1.008	98079.885495
3	7	1	1.008	1	1.008	46931.374047
3	8	1	1.008	1	1.008	33987.361436
3	9	1	1.008	1	1.008	194033.397359
3	10	1	1.008	1	1.008	30152.275892
3	11	1	1.008	1	1.008	354557.779182
3	12	1	1.008	1	1.008	310758.268678
3	13	1	1.008	1	1.008	148462.915881
3	14	1	1.008	1	1.008	282610.588589
3	15	1	1.008	1	1.008	393011.245851
3	16	1	1.008	1	1.008	501689.343349
3	17	1	1.008	1	1.008	120457.048177
3	18	1	1.008	1	1.008	204030.102551
3	19	1	1.008	1	1.008	142189.300675
3	20	1	1.008	1	1.008	295646.670884
3	21	1	1.008	1	1.008	304908.850144
3	22	1	1.008	1	1.008	215996.871830
3	23	1	1.008	1	1.008	118874.731772
3	24	1	1.008	1	1.008	-55321.183022
3	25	1	1.008	1	1.008	159577.554910
3	30	1	1.008	2	4.003	125966.494105
3	31	1	1.008	2	4.003	114921.916893
3	32	1	1.008	2	4.003	70728.592737
3	33	1	1.008	2	4.003	43105.084576
3	34	1	1.008	2	4.003	17217.907683
3	35	1	1.008	2	4.003	4579.952002
3	36	1	1.008	2	4.003	-1393.896310
3	37	1	1.008	2	4.003	1995.581491
3	38	1	1.008	2	4.003	5165.151383
3	39	1	1.008	2	4.003	6532.223812
3	40	1	1.008	2	4.003	91343.580146
3	41	1	1.008	2	4.003	21674.687964
3	42	1	1.008	2	4.003	123813.514367
3	43	1	1.008	2	4.003	74137.216398
3	44	1	1.008	2	4.003	11172.025034
3	46	1	1.008	2	4.003	4952.901446
3	47	1	1.008	2	4.003	45581.850866
3	48	1	1.008	2	4.003	82097.450374
3	49	1	1.008	2	4.003	67035.745060
3	50	1	1.008	2	4.003	94164.281934
3	51	1	1.008	2	4.003	112366.937570
3	57	1	1.008	8	15.999	670.856307
3	58	1	1.008	8	15.999	2228.679106
3	59	1	1.008	8	15.999	2700.756411
3	60	1	1.008	8	15.999	1935.331292
3	61	1	1.008	8	15.999	1277.811082
3	62	1	1.008	8	15.999	557.120374
3	63	1	1.008	8	15.999	127.587126
3	64	1	1.008	8	15.999	-133.378737
3	65	1	1.008	8	15.999	-202.053793
3	66	1	1.008	8	15.999	-736.542571
3	67	1	1.008	8	15.999	-1498.924754
3	68	1	1.008	8	15.999	6643.643439
3	69	1	1.008	8	15.999	389.013611
3	70	1	1.008	8	15.999	2954.502454
3	71	1	1.008	8	15.999	4102.428560
3	72	1	1.008	8	15.999	2145.580122
3	73	1	1.008	8	15.999	5092.234992
3	74	1	1.008	8	15.999	579.923638
3	75	1	1.008	8	15.999	-385.116480
3	76	1	1.008	8	15.999	313.196340
3	77	1	1.008	8	15.999	1452.702415
3	78	1	1.008	8	15.999	2295.917125
3	79	1	1.008	8	15.999	925.211801
3	84	1	1.008	26	55.845	220.695369
3	85	1	1.008	26	55.845	130.463795
3	86	1	1.008	26	55.845	89.019833
3	87	1	1.008	26	55.845	-11.101038
3	88	1	1.008	26	55.845	55.414316
3	89	1	1.008	26	55.845	-214.982953
3	90	1	1.008	26	55.845	463.957540
3	91	1	1.008	26	55.845	-444.238016
3	92	1	1.008	26	55.845	415.167513
3	93	1	1.008	26	55.845	149.034242
3	94	1	1.008	26	55.845	624.076428
3	95	1	1.008	26	55.845	914.058092
3	97	1	1.008	26	55.845	20.317280
3	101	1	1.008	26	55.845	534.665730
4	4	1	1.008	1	1.008	380405.665416
4	5	1	1.008	1	1.008	172234.562979
4	6	1	1.008	1	1.008	105116.983893
4	7	1	1.008	1	1.008	38428.671405
4	8	1	1.008	1	1.008	93463.421586
4	9	1	1.008	1	1.008	251422.889990
4	10	1	1.008	1	1.008	110431.244480
4	11	1	1.008	1	1.008	502398.659995
4	12	1	1.008	1	1.008	542528.529258
4	13	1	1.008	1	1.008	229619.197543
4	14	1	1.008	1	1.008	493233.063758
4	15	1	1.008	1	1.008	681736.598883
4	16	1	1.008	1	1.008	876025.525213
4	17	1	1.008	1	1.008	179502.565677
4	18	1	1.008	1	1.008	367484.744637
4	19	1	1.008	1	1.008	247110.205249
4	20	1	1.008	1	1.008	523925.101951
4	21	1	1.008	1	1.008	544111.750484
4	22	1	1.008	1	1.008	381755.850472
4	23	1	1.008	1	1.008	212224.784413
4	24	1	1.008	1	1.008	-98050.475742
4	25	1	1.008	1	1.008	286840.165134
4	30	1	1.008	2	4.003	94168.621870
4	31	1	1.008	2	4.003	86333.870910
4	32	1	1.008	2	4.003	53088.551309
4	33	1	1.008	2	4.003	32477.637033
4	34	1	1.008	2	4.003	12983.833071
4	35	1	1.008	2	4.003	3638.750970
4	36	1	1.008	2	4.003	-936.458158
4	37	1	1.008	2	4.003	3789.266648
4	38	1	1.008	2	4.003	9823.418038
4	39	1	1.008	2	4.003	13041.170770
4	40	1	1.008	2	4.003	157757.141089
4	41	1	1.008	2	4.003	45930.194640
4	42	1	1.008	2	4.003	217047.047534
4	43	1	1.008	2	4.003	133770.251992
4	44	1	1.008	2	4.003	20886.245089
4	46	1	1.008	2	4.003	11118.487889
4	47	1	1.008	2	4.003	79588.888031
4	48	1	1.008	2	4.003	147895.984424
4	49	1	1.008	2	4.003	119856.705622
4	50	1	1.008	2	4.003	162651.855976
4	51	1	1.008	2	4.003	205464.735489
4	57	1	1.008	8	15.999	503.365529
4	58	1	1.008	8	15.999	1671.742794
4	59	1	1.008	8	15.999	2030.569824
4	60	1	1.008	8	15.999	1455.711633
4	61	1	1.008	8	15.999	963.790096
4	62	1	1.008	8	15.999	426.325849
4	63	1	1.008	8	15.999	107.423169
4	64	1	1.008	8	15.999	-62.617296
4	65	1	1.008	8	15.999	-129.884538
4	66	1	1.008	8	15.999	-497.476652
4	67	1	1.008	8	15.999	-1741.833873
4	68	1	1.008	8	15.999	8792.497881
4	69	1	1.008	8	15.999	2640.110240
4	70	1	1.008	8	15.999	4776.342410
4	71	1	1.008	8	15.999	8789.827405
4	72	1	1.008	8	15.999	3788.709345
4	73	1	1.008	8	15.999	9513.813483
4	74	1	1.008	8	15.999	1153.727906
4	75	1	1.008	8	15.999	-732.053860
4	76	1	1.008	8	15.999	1439.529188
4	77	1	1.008	8	15.999	3227.133765
4	78	1	1.008	8	15.999	4987.460067
4	79	1	1.008	8	15.999	1877.813943
4	84	1	1.008	26	55.845	166.126478
4	85	1	1.008	26	55.845	98.093013
4	86	1	1.008	26	55.845	68.569651
4	87	1	1.008	26	55.845	-6.575135
4	88	1	1.008	26	55.845	55.786614
4	89	1	1.008	26	55.845	-156.851113
4	90	1	1.008	26	55.845	563.882113
4	91	1	1.008	26	55.845	-319.044736
4	92	1	1.008	26	55.845	434.070502
4	93	1	1.008	26	55.845	331.601892
4	94	1	1.008	26	55.845	804.843788
4	95	1	1.008	26	55.845	1517.558580
4	97	1	1.008	26	55.845	34.739953
4	101	1	1.008	26	55.845	848.046683
5	5	1	1.008	1	1.008	132810.900465
5	6	1	1.008	1	1.008	30543.608258
5	7	1	1.008	1	1.008	66045.384971
5	8	1	1.008	1	1.008	7511.124767
5	9	1	1.008	1	1.008	304395.136512
5	10	1	1.008	1	1.008	-14065.661506
5	11	1	1.008	1	1.008	522998.597998
5	12	1	1.008	1	1.008	348939.953823
5	13	1	1.008	1	1.008	230798.233820
5	14	1	1.008	1	1.008	348608.680092
5	15	1	1.008	1	1.008	596051.618085
5	16	1	1.008	1	1.008	696194.974257
5	17	1	1.008	1	1.008	147051.156088
5	18	1	1.008	1	1.008	303059.950794
5	19	1	1.008	1	1.008	199965.064238
5	20	1	1.008	1	1.008	433306.583772
5	21	1	1.008	1	1.008	447831.127680
5	22	1	1.008	1	1.008	315055.056676
5	23	1	1.008	1	1.008	174665.271687
5	24	1	1.008	1	1.008	-80379.161795
5	25	1	1.008	1	1.008	236576.613190
5	30	1	1.008	2	4.003	49146.400082
5	31	1	1.008	2	4.003	44850.896728
5	32	1	1.008	2	4.003	27595.916118
5	33	1	1.008	2	4.003	16934.768076
5	34	1	1.008	2	4.003	6806.722419
5	35	1	1.008	2	4.003	2074.354104
5	36	1	1.008	2	4.003	-279.692957
5	37	1	1.008	2	4.003	4019.750802
5	38	1	1.008	2	4.003	8782.086512
5	39	1	1.008	2	4.003	9640.675034
5	40	1	1.008	2	4.003	130440.059517
5	41	1	1.008	2	4.003	38099.865987
5	42	1	1.008	2	4.003	175832.293997
5	43	1	1.008	2	4.003	112913.372487
5	44	1	1.008	2	4.003	16188.444317
5	46	1	1.008	2	4.003	9613.833677
5	47	1	1.008	2	4.003	65488.741540
5	48	1	1.008	2	4.003	121834.249207
5	49	1	1.008	2	4.003	99082.828753
5	50	1	1.008	2	4.003	132278.072351
5	51	1	1.008	2	4.003	170673.136258
5	57	1	1.008	8	15.999	261.007359
5	58	1	1.008	8	15.999	866.997193
5	59	1	1.008	8	15.999	1052.638432
5	60	1	1.008	8	15.999	755.471614
5	61	1	1.008	8	15.999	500.988371
5	62	1	1.008	8	15.999	224.773948
5	63	1	1.008	8	15.999	59.730788
5	64	1	1.008	8	15.999	-12.274746
5	65	1	1.008	8	15.999	-61.822284
5	66	1	1.008	8	15.999	-165.882301
5	67	1	1.008	8	15.999	-1123.359813
5	68	1	1.008	8	15.999	6962.655213
5	69	1	1.008	8	15.999	2537.048269
5	70	1	1.008	8	15.999	3882.671116
5	71	1	1.008	8	15.999	7578.886560
5	72	1	1.008	8	15.999	3202.385471
5	73	1	1.008	8	15.999	7925.010165
5	74	1	1.008	8	15.999	1002.617950
5	75	1	1.008	8	15.999	-625.098347
5	76	1	1.008	8	15.999	1446.303176
5	77	1	1.008	8	15.999	2850.315687
5	78	1	1.008	8	15.999	4376.387280
5	79	1	1.008	8	15.999	1600.839984
5	84	1	1.008	26	55.845	86.237364
5	85	1	1.008	26	55.845	50.881645
5	86	1	1.008	26	55.845	36.283106
5	87	1	1.008	26	55.845	-2.458855
5	88	1	1.008	26	55.845	34.523062
5	89	1	1.008	26	55.845	-83.567020
5	90	1	1.008	26	55.845	410.910757
5	91	1	1.008	26	55.845	-181.003370
5	92	1	1.008	26	55.845	299.660916
5	93	1	1.008	26	55.845	285.000787
5	94	1	1.008	26	55.845	591.071510
5	95	1	1.008	26	55.845	1219.514869
5	97	1	1.008	26	55.845	28.227377
5	101	1	1.008	26	55.845	672.076992
6	6	1	1.008	1	1.008	82158.704811
6	7	1	1.008	1	1.008	1672.041473
6	8	1	1.008	1	1.008	164501.841781
6	9	1	1.008	1	1.008	196538.560873
6	10	1	1.008	1	1.008	216315.991571
6	11	1	1.008	1	1.008	469004.293983
6	12	1	1.008	1	1.008	683552.036051
6	13	1	1.008	1	1.008	239981.541188
6	14	1	1.008	1	1.008	614310.045958
6	15	1	1.008	1	1.008	814679.781231
6	16	1	1.008	1	1.008	1071058.588640
6	17	1	1.008	1	1.008	191455.395542
6	18	1	1.008	1	1.008	456887.424254
6	19	1	1.008	1	1.008	300638.184097
6	20	1	1.008	1	1.008	643721.523381
6	21	1	1.008	1	1.008	671035.398153
6	22	1	1.008	1	1.008	467940.949275
6	23	1	1.008	1	1.008	260965.890602
6	24	1	1.008	1	1.008	-120011.153249
6	25	1	1.008	1	1.008	354489.617052
6	30	1	1.008	2	4.003	19494.329403
6	31	1	1.008	2	4.003	17727.507735
6	32	1	1.008	2	4.003	10907.695742
6	33	1	1.008	2	4.003	6833.475932
6	34	1	1.008	2	4.003	2813.730431
6	35	1	1.008	2	4.003	1179.063157
6	36	1	1.008	2	4.003	317.246494
6	37	1	1.008	2	4.003	5525.521064
6	38	1	1.008	2	4.003	12575.612670
6	39	1	1.008	2	4.003	21483.575882
6	40	1	1.008	2	4.003	187038.431284
6	41	1	1.008	2	4.003	63708.490775
6	42	1	1.008	2	4.003	263274.734138
6	43	1	1.008	2	4.003	165175.265734
6	44	1	1.008	2	4.003	26559.921021
6	46	1	1.008	2	4.003	15428.593519
6	47	1	1.008	2	4.003	96304.409767
6	48	1	1.008	2	4.003	182743.305972
6	49	1	1.008	2	4.003	147173.372045
6	50	1	1.008	2	4.003	196199.027406
6	51	1	1.008	2	4.003	255697.414785
6	57	1	1.008	8	15.999	102.244103
6	58	1	1.008	8	15.999	339.449801
6	59	1	1.008	8	15.999	415.385392
6	60	1	1.008	8	15.999	300.126190
6	61	1	1.008	8	15.999	203.051986
6	62	1	1.008	8	15.999	101.647830
6	63	1	1.008	8	15.999	43.565611
6	64	1	1.008	8	15.999	56.110518
6	65	1	1.008	8	15.999	14.967959
6	66	1	1.008	8	15.999	-21.816751
6	67	1	1.008	8	15.999	-1421.069147
6	68	1	1.008	8	15.999	8343.545092
6	69	1	1.008	8	15.999	4702.906116
6	70	1	1.008	8	15.999	5418.285779
6	71	1	1.008	8	15.999	11835.189737
6	72	1	1.008	8	15.999	4547.062077
6	73	1	1.008	8	15.999	11978.408206
6	74	1	1.008	8	15.999	1488.797513
6	75	1	1.008	8	15.999	-925.309743
6	76	1	1.008	8	15.999	2349.372080
6	77	1	1.008	8	15.999	4367.181818
6	78	1	1.008	8	15.999	6704.848741
6	79	1	1.008	8	15.999	2472.197680
6	84	1	1.008	26	55.845	34.412022
6	85	1	1.008	26	55.845	20.107449
6	86	1	1.008	26	55.845	17.051309
6	87	1	1.008	26	55.845	1.830014
6	88	1	1.008	26	55.845	37.302257
6	89	1	1.008	26	55.845	-21.461357
6	90	1	1.008	26	55.845	491.811169
6	91	1	1.008	26	55.845	-29.770244
6	92	1	1.008	26	55.845	301.896026
6	93	1	1.008	26	55.845	458.263587
6	94	1	1.008	26	55.845	758.947149
6	95	1	1.008	26	55.845	1782.019241
6	97	1	1.008	26	55.845	41.517283
6	101	1	1.008	26	55.845	964.369878
7	7	1	1.008	1	1.008	211184.712706
7	8	1	1.008	1	1.008	-129579.102284
7	9	1	1.008	1	1.008	1054189.054268
7	10	1	1.008	1	1.008	-260677.536289
7	11	1	1.008	1	1.008	1692977.130532
7	12	1	1.008	1	1.008	767862.745909
7	13	1	1.008	1	1.008	740202.328993
7	14	1	1.008	1	1.008	858570.465782
7	15	1	1.008	1	1.008	1774081.060876
7	16	1	1.008	1	1.008	1925744.405457
7	17	1	1.008	1	1.008	400345.251297
7	18	1	1.008	1	1.008	869194.820316
7	19	1	1.008	1	1.008	559731.304549
7	20	1	1.008	1	1.008	1239908.653282
7	21	1	1.008	1	1.008	1280920.714857
7	22	1	1.008	1	1.008	900249.569600
7	23	1	1.008	1	1.008	501142.358797
7	24	1	1.008	1	1.008	-229767.117690
7	25	1	1.008	1	1.008	680723.057385
7	30	1	1.008	2	4.003	4301.447269
7	31	1	1.008	2	4.003	3542.076629
7	32	1	1.008	2	4.003	2191.407052
7	33	1	1.008	2	4.003	1770.477655
7	34	1	1.008	2	4.003	898.769092
7	35	1	1.008	2	4.003	1324.483031
7	36	1	1.008	2	4.003	1102.678696
7	37	1	1.008	2	4.003	13387.664933
7	38	1	1.008	2	4.003	26327.020643
7	39	1	1.008	2	4.003	24354.195484
7	40	1	1.008	2	4.003	374197.377200
7	41	1	1.008	2	4.003	113309.476763
7	42	1	1.008	2	4.003	496708.211289
7	43	1	1.008	2	4.003	331205.253168
7	44	1	1.008	2	4.003	44683.832546
7	46	1	1.008	2	4.003	29860.946879
7	47	1	1.008	2	4.003	187019.632063
7	48	1	1.008	2	4.003	350811.299903
7	49	1	1.008	2	4.003	285597.871648
7	50	1	1.008	2	4.003	373028.568601
7	51	1	1.008	2	4.003	496370.624207
7	57	1	1.008	8	15.999	17.437224
7	58	1	1.008	8	15.999	58.008892
7	59	1	1.008	8	15.999	74.585639
7	60	1	1.008	8	15.999	58.461082
7	61	1	1.008	8	15.999	46.220980
7	62	1	1.008	8	15.999	44.374760
7	63	1	1.008	8	15.999	38.986504
7	64	1	1.008	8	15.999	149.117456
7	65	1	1.008	8	15.999	49.689482
7	66	1	1.008	8	15.999	532.746671
7	67	1	1.008	8	15.999	-1993.156425
7	68	1	1.008	8	15.999	17702.196704
7	69	1	1.008	8	15.999	9185.577745
7	70	1	1.008	8	15.999	10789.460519
7	71	1	1.008	8	15.999	23368.827532
7	72	1	1.008	8	15.999	9388.845876
7	73	1	1.008	8	15.999	23212.183568
7	74	1	1.008	8	15.999	3066.288497
7	75	1	1.008	8	15.999	-1872.374242
7	76	1	1.008	8	15.999	5252.598150
7	77	1	1.008	8	15.999	8990.567704
7	78	1	1.008	8	15.999	13692.449840
7	79	1	1.008	8	15.999	4850.396769
7	84	1	1.008	26	55.845	6.937312
7	85	1	1.008	26	55.845	3.742018
7	86	1	1.008	26	55.845	8.302401
7	87	1	1.008	26	55.845	6.683465
7	88	1	1.008	26	55.845	48.499645
7	89	1	1.008	26	55.845	-12.728169
7	90	1	1.008	26	55.845	908.054252
7	91	1	1.008	26	55.845	-74.481978
7	92	1	1.008	26	55.845	557.917421
7	93	1	1.008	26	55.845	881.630944
7	94	1	1.008	26	55.845	1363.805441
7	95	1	1.008	26	55.845	3372.560512
7	97	1	1.008	26	55.845	79.423715
7	101	1	1.008	26	55.845	1811.478461
8	8	1	1.008	1	1.008	1013700.999818
8	9	1	1.008	1	1.008	-877348.465753
8	10	1	1.008	1	1.008	1814131.700753
8	11	1	1.008	1	1.008	-546744.293716
8	12	1	1.008	1	1.008	2562451.529568
8	13	1	1.008	1	1.008	-7334.779578
8	14	1	1.008	1	1.008	1987165.754766
8	15	1	1.008	1	1.008	1445658.293205
8	16	1	1.008	1	1.008	2681792.482640
8	17	1	1.008	1	1.008	334218.109126
8	18	1	1.008	1	1.008	1068742.105837
8	19	1	1.008	1	1.008	711751.012901
8	20	1	1.008	1	1.008	1459251.149924
8	21	1	1.008	1	1.008	1551739.977088
8	22	1	1.008	1	1.008	1063904.492231
8	23	1	1.008	1	1.008	601120.100710
8	24	1	1.008	1	1.008	-278065.356549
8	25	1	1.008	1	1.008	817726.646112
8	30	1	1.008	2	4.003	2918.786992
8	31	1	1.008	2	4.003	2200.099397
8	32	1	1.008	2	4.003	1394.036260
8	33	1	1.008	2	4.003	1188.829790
8	34	1	1.008	2	4.003	718.048081
8	35	1	1.008	2	4.003	1010.860001
8	36	1	1.008	2	4.003	1559.119571
8	37	1	1.008	2	4.003	9585.375399
8	38	1	1.008	2	4.003	27631.094374
8	39	1	1.008	2	4.003	96182.453596
8	40	1	1.008	2	4.003	389334.302873
8	41	1	1.008	2	4.003	175899.584340
8	42	1	1.008	2	4.003	615908.126869
8	43	1	1.008	2	4.003	358389.156476
8	44	1	1.008	2	4.003	73290.801335
8	46	1	1.008	2	4.003	37313.514282
8	47	1	1.008	2	4.003	216752.457467
8	48	1	1.008	2	4.003	422545.958502
8	49	1	1.008	2	4.003	333674.380780
8	50	1	1.008	2	4.003	456121.581102
8	51	1	1.008	2	4.003	582643.176333
8	57	1	1.008	8	15.999	10.982935
8	58	1	1.008	8	15.999	35.610409
8	59	1	1.008	8	15.999	56.928120
8	60	1	1.008	8	15.999	48.921019
8	61	1	1.008	8	15.999	50.299479
8	62	1	1.008	8	15.999	64.509935
8	63	1	1.008	8	15.999	97.745778
8	64	1	1.008	8	15.999	218.348081
8	65	1	1.008	8	15.999	203.180747
8	66	1	1.008	8	15.999	-651.613378
8	67	1	1.008	8	15.999	-4073.599876
8	68	1	1.008	8	15.999	13372.870893
8	69	1	1.008	8	15.999	12149.450599
8	70	1	1.008	8	15.999	11089.635312
8	71	1	1.008	8	15.999	27115.055832
8	72	1	1.008	8	15.999	9003.685276
8	73	1	1.008	8	15.999	27466.435518
8	74	1	1.008	8	15.999	3115.062602
8	75	1	1.008	8	15.999	-1977.437014
8	76	1	1.008	8	15.999	4553.368104
8	77	1	1.008	8	15.999	9284.866901
8	78	1	1.008	8	15.999	14436.433291
8	79	1	1.008	8	15.999	5667.929222
8	84	1	1.008	26	55.845	6.278687
8	85	1	1.008	26	55.845	2.801888
8	86	1	1.008	26	55.845	13.428390
8	87	1	1.008	26	55.845	10.099424
8	88	1	1.008	26	55.845	106.580109
8	89	1	1.008	26	55.845	92.946006
8	90	1	1.008	26	55.845	1043.215319
8	91	1	1.008	26	55.845	358.696065
8	92	1	1.008	26	55.845	500.364264
8	93	1	1.008	26	55.845	1126.732466
8	94	1	1.008	26	55.845	1685.520027
8	95	1	1.008	26	55.845	4129.092600
8	97	1	1.008	26	55.845	94.947034
8	101	1	1.008	26	55.845	2222.617578
9	9	1	1.008	1	1.008	14124131.754896
9	10	1	1.008	1	1.008	-5732176.703740
9	11	1	1.008	1	1.008	22114089.721916
9	12	1	1.008	1	1.008	6104240.514655
9	13	1	1.008	1	1.008	9309894.912194
9	14	1	1.008	1	1.008	8013586.018351
9	15	1	1.008	1	1.008	20242896.855435
9	16	1	1.008	1	1.008	20413300.070040
9	17	1	1.008	1	1.008	4595101.180118
9	18	1	1.008	1	1.008	9384875.741869
9	19	1	1.008	1	1.008	6024188.688633
9	20	1	1.008	1	1.008	13503439.788173
9	21	1	1.008	1	1.008	13887227.268622
9	22	1	1.008	1	1.008	9797477.347045
9	23	1	1.008	1	1.008	5444147.562554
9	24	1	1.008	1	1.008	-2491242.986869
9	25	1	1.008	1	1.008	7391884.945355
9	30	1	1.008	2	4.003	10138.614454
9	31	1	1.008	2	4.003	8181.674555
9	32	1	1.008	2	4.003	4821.781171
9	33	1	1.008	2	4.003	8100.665292
9	34	1	1.008	2	4.003	5070.845047
9	35	1	1.008	2	4.003	13540.291642
9	36	1	1.008	2	4.003	10988.630318
9	37	1	1.008	2	4.003	150916.787246
9	38	1	1.008	2	4.003	291577.789209
9	39	1	1.008	2	4.003	101321.628232
9	40	1	1.008	2	4.003	4197149.050309
9	41	1	1.008	2	4.003	1144376.901602
9	42	1	1.008	2	4.003	5390232.705839
9	43	1	1.008	2	4.003	3641294.193552
9	44	1	1.008	2	4.003	460508.985612
9	46	1	1.008	2	4.003	321358.654588
9	47	1	1.008	2	4.003	2042497.908499
9	48	1	1.008	2	4.003	3810099.823905
9	49	1	1.008	2	4.003	3117248.449330
9	50	1	1.008	2	4.003	4033102.286805
9	51	1	1.008	2	4.003	5417212.415407
9	57	1	1.008	8	15.999	7.187248
9	58	1	1.008	8	15.999	22.957756
9	59	1	1.008	8	15.999	78.042060
9	60	1	1.008	8	15.999	95.991069
9	61	1	1.008	8	15.999	123.279551
9	62	1	1.008	8	15.999	263.355943
9	63	1	1.008	8	15.999	242.883366
9	64	1	1.008	8	15.999	1450.783434
9	65	1	1.008	8	15.999	256.781866
9	66	1	1.008	8	15.999	9434.254380
9	67	1	1.008	8	15.999	-17526.871528
9	68	1	1.008	8	15.999	204613.389584
9	69	1	1.008	8	15.999	98436.395143
9	70	1	1.008	8	15.999	121280.193603
9	71	1	1.008	8	15.999	256393.862852
9	72	1	1.008	8	15.999	106403.163626
9	73	1	1.008	8	15.999	253343.212060
9	74	1	1.008	8	15.999	34308.489482
9	75	1	1.008	8	15.999	-20820.668297
9	76	1	1.008	8	15.999	60803.804632
9	77	1	1.008	8	15.999	100879.058835
9	78	1	1.008	8	15.999	153027.604832
9	79	1	1.008	8	15.999	53080.216710
9	84	1	1.008	26	55.845	13.400303
9	85	1	1.008	26	55.845	5.681048
9	86	1	1.008	26	55.845	52.489043
9	87	1	1.008	26	55.845	70.613989
9	88	1	1.008	26	55.845	362.928229
9	89	1	1.008	26	55.845	-300.159286
9	90	1	1.008	26	55.845	9505.758068
9	91	1	1.008	26	55.845	-1424.899950
9	92	1	1.008	26	55.845	6149.126420
9	93	1	1.008	26	55.845	9358.714655
9	94	1	1.008	26	55.845	14559.806722
9	95	1	1.008	26	55.845	36299.974116
9	97	1	1.008	26	55.845	862.736519
9	101	1	1.008	26	55.845	19514.295184
10	10	1	1.008	1	1.008	86496584.705718
10	11	1	1.008	1	1.008	-57462094.835335
10	12	1	1.008	1	1.008	107778891.108082
10	13	1	1.008	1	1.008	-17126968.208843
10	14	1	1.008	1	1.008	76321530.929658
10	15	1	1.008	1	1.008	23532124.823031
10	16	1	1.008	1	1.008	80319736.782469
10	17	1	1.008	1	1.008	8213803.514493
10	18	1	1.008	1	1.008	27458979.323083
10	19	1	1.008	1	1.008	19940854.695523
10	20	1	1.008	1	1.008	37088749.368134
10	21	1	1.008	1	1.008	40790924.305792
10	22	1	1.008	1	1.008	27200892.483611
10	23	1	1.008	1	1.008	15855461.096700
10	24	1	1.008	1	1.008	-7340046.654284
10	25	1	1.008	1	1.008	21517824.070959
10	30	1	1.008	2	4.003	7008.252188
10	31	1	1.008	2	4.003	9527.039336
10	32	1	1.008	2	4.003	5929.254490
10	33	1	1.008	2	4.003	7862.013399
10	34	1	1.008	2	4.003	7551.388878
10	35	1	1.008	2	4.003	8718.153233
10	36	1	1.008	2	4.003	31354.848111
10	37	1	1.008	2	4.003	58284.239538
10	38	1	1.008	2	4.003	379177.363932
10	39	1	1.008	2	4.003	2027967.809111
10	40	1	1.008	2	4.003	9382676.285223
10	41	1	1.008	2	4.003	4723236.183369
10	42	1	1.008	2	4.003	17542387.863621
10	43	1	1.008	2	4.003	8141888.268820
10	44	1	1.008	2	4.003	2390883.274135
10	46	1	1.008	2	4.003	966820.348618
10	47	1	1.008	2	4.003	5520586.628901
10	48	1	1.008	2	4.003	11305775.625290
10	49	1	1.008	2	4.003	8698984.756486
10	50	1	1.008	2	4.003	11902502.288939
10	51	1	1.008	2	4.003	15424235.541061
10	57	1	1.008	8	15.999	0.464542
10	58	1	1.008	8	15.999	-17.894730
10	59	1	1.008	8	15.999	91.900883
10	60	1	1.008	8	15.999	45.576713
10	61	1	1.008	8	15.999	96.969905
10	62	1	1.008	8	15.999	60.551738
10	63	1	1.008	8	15.999	58.818784
10	64	1	1.008	8	15.999	115.397067
10	65	1	1.008	8	15.999	8119.462287
10	66	1	1.008	8	15.999	43813.619484
10	67	1	1.008	8	15.999	-23120.701176
10	68	1	1.008	8	15.999	264083.471700
10	69	1	1.008	8	15.999	344859.906883
10	70	1	1.008	8	15.999	335352.731814
10	71	1	1.008	8	15.999	751087.295030
10	72	1	1.008	8	15.999	255777.605199
10	73	1	1.008	8	15.999	752920.243881
10	74	1	1.008	8	15.999	77509.503953
10	75	1	1.008	8	15.999	-50979.784507
10	76	1	1.008	8	15.999	142466.903853
10	77	1	1.008	8	15.999	265048.574078
10	78	1	1.008	8	15.999	407913.152025
10	79	1	1.008	8	15.999	155329.789733
10	84	1	1.008	26	55.845	-29.245252
10	85	1	1.008	26	55.845	-7.787618
10	86	1	1.008	26	55.845	-111.809337
10	87	1	1.008	26	55.845	-74.399023
10	88	1	1.008	26	55.845	-1153.294108
10	89	1	1.008	26	55.845	221.546011
10	90	1	1.008	26	55.845	6393.912133
10	91	1	1.008	26	55.845	13650.688699
10	92	1	1.008	26	55.845	5482.089823
10	93	1	1.008	26	55.845	24255.648579
10	94	1	1.008	26	55.845	40764.989023
10	95	1	1.008	26	55.845	103368.035637
10	97	1	1.008	26	55.845	2536.293203
10	101	1	1.008	26	55.845	56257.837623
11	11	1	1.008	1	1.008	312408554.422905
11	12	1	1.008	1	1.008	-197093162.036328
11	13	1	1.008	1	1.008	144915666.879052
11	14	1	1.008	1	1.008	-108643516.019063
11	15	1	1.008	1	1.008	160406109.885525
11	16	1	1.008	1	1.008	26605705.834006
11	17	1	1.008	1	1.008	24746031.483515
11	18	1	1.008	1	1.008	37898151.464970
11	19	1	1.008	1	1.008	15599829.397995
11	20	1	1.008	1	1.008	55043010.543662
11	21	1	1.008	1	1.008	51183689.510061
11	22	1	1.008	1	1.008	39269713.185122
11	23	1	1.008	1	1.008	20380852.662710
11	24	1	1.008	1	1.008	-9118534.799136
11	25	1	1.008	1	1.008	27832315.321790
11	30	1	1.008	2	4.003	13249.386334
11	31	1	1.008	2	4.003	8472.972770
11	32	1	1.008	2	4.003	2577.653996
11	33	1	1.008	2	4.003	10842.413336
11	34	1	1.008	2	4.003	-4228.686516
11	35	1	1.008	2	4.003	32478.554335
11	36	1	1.008	2	4.003	-80909.345441
11	37	1	1.008	2	4.003	518547.242093
11	38	1	1.008	2	4.003	-4766061.889109
11	39	1	1.008	2	4.003	6193264.693451
11	40	1	1.008	2	4.003	14944238.838213
11	41	1	1.008	2	4.003	6255708.880285
11	42	1	1.008	2	4.003	12232265.726097
11	43	1	1.008	2	4.003	21493069.640998
11	44	1	1.008	2	4.003	-1614858.548366
11	46	1	1.008	2	4.003	1496509.873118
11	47	1	1.008	2	4.003	8346884.207271
11	48	1	1.008	2	4.003	14030855.991085
11	49	1	1.008	2	4.003	12603175.940655
11	50	1	1.008	2	4.003	14618357.898462
11	51	1	1.008	2	4.003	21343136.699249
11	57	1	1.008	8	15.999	-17.701036
11	58	1	1.008	8	15.999	-14.417577
11	59	1	1.008	8	15.999	-83.191927
11	60	1	1.008	8	15.999	48.713450
11	61	1	1.008	8	15.999	-267.440678
11	62	1	1.008	8	15.999	435.941213
11	63	1	1.008	8	15.999	-1980.783362
11	64	1	1.008	8	15.999	8625.764737
11	65	1	1.008	8	15.999	-43983.262694
11	66	1	1.008	8	15.999	295876.507489
11	67	1	1.008	8	15.999	-199745.966766
11	68	1	1.008	8	15.999	1838915.750337
11	69	1	1.008	8	15.999	164228.905938
11	70	1	1.008	8	15.999	537657.711537
11	71	1	1.008	8	15.999	942516.889282
11	72	1	1.008	8	15.999	548810.637054
11	73	1	1.008	8	15.999	939060.755626
11	74	1	1.008	8	15.999	182560.168186
11	75	1	1.008	8	15.999	-104525.808295
11	76	1	1.008	8	15.999	338487.202195
11	77	1	1.008	8	15.999	464477.908493
11	78	1	1.008	8	15.999	690986.955957
11	79	1	1.008	8	15.999	207765.563222
11	84	1	1.008	26	55.845	-16.547611
11	85	1	1.008	26	55.845	8.696661
11	86	1	1.008	26	55.845	-38.023861
11	87	1	1.008	26	55.845	94.937449
11	88	1	1.008	26	55.845	-522.846451
11	89	1	1.008	26	55.845	-4535.299207
11	90	1	1.008	26	55.845	87555.812305
11	91	1	1.008	26	55.845	-67797.563802
11	92	1	1.008	26	55.845	62574.975145
11	93	1	1.008	26	55.845	37808.161270
11	94	1	1.008	26	55.845	61802.162931
11	95	1	1.008	26	55.845	145659.252384
11	97	1	1.008	26	55.845	3279.176862
11	101	1	1.008	26	55.845	73370.788622
12	12	1	1.008	1	1.008	1143989400.820240
12	13	1	1.008	1	1.008	-364738470.702711
12	14	1	1.008	1	1.008	932499656.510866
12	15	1	1.008	1	1.008	69889325.276191
12	16	1	1.008	1	1.008	769846864.701123
12	17	1	1.008	1	1.008	82591811.962899
12	18	1	1.008	1	1.008	218141401.135779
12	19	1	1.008	1	1.008	195091524.991120
12	20	1	1.008	1	1.008	322683661.201971
12	21	1	1.008	1	1.008	363482125.260109
12	22	1	1.008	1	1.008	238409551.055040
12	23	1	1.008	1	1.008	141070630.286962
12	24	1	1.008	1	1.008	-65343316.028712
12	25	1	1.008	1	1.008	190693973.814965
12	30	1	1.008	2	4.003	26368.117789
12	31	1	1.008	2	4.003	21694.828613
12	32	1	1.008	2	4.003	18234.377150
12	33	1	1.008	2	4.003	12072.527712
12	34	1	1.008	2	4.003	29295.630889
12	35	1	1.008	2	4.003	-11279.793708
12	36	1	1.008	2	4.003	206769.288744
12	37	1	1.008	2	4.003	-537365.753512
12	38	1	1.008	2	4.003	14233545.725862
12	39	1	1.008	2	4.003	-42235991.701344
12	40	1	1.008	2	4.003	142393615.733569
12	41	1	1.008	2	4.003	-2291720.139260
12	42	1	1.008	2	4.003	191841628.897166
12	43	1	1.008	2	4.003	47530076.216952
12	44	1	1.008	2	4.003	33065482.188138
12	46	1	1.008	2	4.003	7423979.023786
12	47	1	1.008	2	4.003	48588558.674338
12	48	1	1.008	2	4.003	100775406.885170
12	49	1	1.008	2	4.003	76394297.856505
12	50	1	1.008	2	4.003	105441422.342043
12	51	1	1.008	2	4.003	136471786.506349
12	57	1	1.008	8	15.999	-35.370702
12	58	1	1.008	8	15.999	-113.029930
12	59	1	1.008	8	15.999	-680.917500
12	60	1	1.008	8	15.999	-879.094878
12	61	1	1.008	8	15.999	-996.967855
12	62	1	1.008	8	15.999	-2556.535630
12	63	1	1.008	8	15.999	-1999.525294
12	64	1	1.008	8	15.999	-16764.071801
12	65	1	1.008	8	15.999	48260.988834
12	66	1	1.008	8	15.999	-371642.593719
12	67	1	1.008	8	15.999	32104.643660
12	68	1	1.008	8	15.999	2115447.285343
12	69	1	1.008	8	15.999	2786430.115569
12	70	1	1.008	8	15.999	3486632.106774
12	71	1	1.008	8	15.999	6570218.320572
12	72	1	1.008	8	15.999	2286882.015568
12	73	1	1.008	8	15.999	6804422.136194
12	74	1	1.008	8	15.999	638808.282603
12	75	1	1.008	8	15.999	-427663.371536
12	76	1	1.008	8	15.999	1290081.555999
12	77	1	1.008	8	15.999	2405916.599216
12	78	1	1.008	8	15.999	3664832.682415
12	79	1	1.008	8	15.999	1380245.537765
12	84	1	1.008	26	55.845	59.597621
12	85	1	1.008	26	55.845	-109.556515
12	86	1	1.008	26	55.845	24.935108
12	87	1	1.008	26	55.845	-675.707977
12	88	1	1.008	26	55.845	1648.852293
12	89	1	1.008	26	55.845	-16232.680442
12	90	1	1.008	26	55.845	11776.763804
12	91	1	1.008	26	55.845	133512.526375
12	92	1	1.008	26	55.845	46395.536418
12	93	1	1.008	26	55.845	173396.768177
12	94	1	1.008	26	55.845	381670.755859
12	95	1	1.008	26	55.845	891808.866364
12	97	1	1.008	26	55.845	22683.212048
12	101	1	1.008	26	55.845	495093.533786
13	13	1	1.008	1	1.008	1528858064.643456
13	14	1	1.008	1	1.008	-789173364.342731
13	15	1	1.008	1	1.008	1741385757.826964
13	16	1	1.008	1	1.008	648526159.847465
13	17	1	1.008	1	1.008	373228808.962176
13	18	1	1.008	1	1.008	441345789.079537
13	19	1	1.008	1	1.008	197233481.713173
13	20	1	1.008	1	1.008	629630858.288360
13	21	1	1.008	1	1.008	579118143.154543
13	22	1	1.008	1	1.008	445619460.918408
13	23	1	1.008	1	1.008	234013629.428111
13	24	1	1.008	1	1.008	-107478426.869606
13	25	1	1.008	1	1.008	323299351.232867
13	30	1	1.008	2	4.003	58137.759896
13	31	1	1.008	2	4.003	97618.813257
13	32	1	1.008	2	4.003	56597.076720
13	33	1	1.008	2	4.003	96307.486619
13	34	1	1.008	2	4.003	78560.941822
13	35	1	1.008	2	4.003	136169.960594
13	36	1	1.008	2	4.003	294780.501040
13	37	1	1.008	2	4.003	1108635.319536
13	38	1	1.008	2	4.003	9478553.759920
13	39	1	1.008	2	4.003	-991508.165584
13	40	1	1.008	2	4.003	161750931.841961
13	41	1	1.008	2	4.003	128421737.249467
13	42	1	1.008	2	4.003	148406345.828038
13	43	1	1.008	2	4.003	233464508.616684
13	44	1	1.008	2	4.003	-28502734.718286
13	46	1	1.008	2	4.003	7652338.684591
13	47	1	1.008	2	4.003	98346583.821967
13	48	1	1.008	2	4.003	158553308.596591
13	49	1	1.008	2	4.003	139679046.912983
13	50	1	1.008	2	4.003	175467924.599461
13	51	1	1.008	2	4.003	236662933.502673
13	57	1	1.008	8	15.999	0.317808
13	58	1	1.008	8	15.999	-96.484623
13	59	1	1.008	8	15.999	20.424812
13	60	1	1.008	8	15.999	-246.490889
13	61	1	1.008	8	15.999	426.313040
13	62	1	1.008	8	15.999	-1079.338143
13	63	1	1.008	8	15.999	3694.414561
13	64	1	1.008	8	15.999	-17944.052189
13	65	1	1.008	8	15.999	89919.663566
13	66	1	1.008	8	15.999	-415551.622430
13	67	1	1.008	8	15.999	-714042.905546
13	68	1	1.008	8	15.999	4395006.711235
13	69	1	1.008	8	15.999	6791616.996205
13	70	1	1.008	8	15.999	2976749.706825
13	71	1	1.008	8	15.999	12116248.550752
13	72	1	1.008	8	15.999	5350980.754482
13	73	1	1.008	8	15.999	10067890.453858
13	74	1	1.008	8	15.999	1694882.089821
13	75	1	1.008	8	15.999	-1010284.153643
13	76	1	1.008	8	15.999	2248808.775574
13	77	1	1.008	8	15.999	3780600.517175
13	78	1	1.008	8	15.999	6004500.330807
13	79	1	1.008	8	15.999	2295787.631006
13	84	1	1.008	26	55.845	47.271738
13	85	1	1.008	26	55.845	51.927752
13	86	1	1.008	26	55.845	238.713777
13	87	1	1.008	26	55.845	578.810021
13	88	1	1.008	26	55.845	-6.452123
13	89	1	1.008	26	55.845	12770.100717
13	90	1	1.008	26	55.845	-83362.545872
13	91	1	1.008	26	55.845	317040.233320
13	92	1	1.008	26	55.845	-173506.685375
13	93	1	1.008	26	55.845	662261.610558
13	94	1	1.008	26	55.845	383663.194453
13	95	1	1.008	26	55.845	1658348.242768
13	97	1	1.008	26	55.845	37217.359472
13	101	1	1.008	26	55.845	868219.614613
14	14	1	1.008	1	1.008	3436796833.469040
14	15	1	1.008	1	1.008	-1437935098.812939
14	16	1	1.008	1	1.008	2524431445.127491
14	17	1	1.008	1	1.008	-235993837.579767
14	18	1	1.008	1	1.008	611659237.886135
14	19	1	1.008	1	1.008	456337796.128822
14	20	1	1.008	1	1.008	673411598.954589
14	21	1	1.008	1	1.008	848361309.048448
14	22	1	1.008	1	1.008	502101646.426141
14	23	1	1.008	1	1.008	320264954.842835
14	24	1	1.008	1	1.008	-151540831.270514
14	25	1	1.008	1	1.008	433677189.570902
14	30	1	1.008	2	4.003	68077.776861
14	31	1	1.008	2	4.003	107458.871471
14	32	1	1.008	2	4.003	61630.390536
14	33	1	1.008	2	4.003	104367.410754
14	34	1	1.008	2	4.003	80397.615132
14	35	1	1.008	2	4.003	151127.981584
14	36	1	1.008	2	4.003	279286.783430
14	37	1	1.008	2	4.003	1268098.940421
14	38	1	1.008	2	4.003	11043136.884911
14	39	1	1.008	2	4.003	-12844628.835370
14	40	1	1.008	2	4.003	206522638.808864
14	41	1	1.008	2	4.003	29652567.660867
14	42	1	1.008	2	4.003	492229957.442667
14	43	1	1.008	2	4.003	22983493.003630
14	44	1	1.008	2	4.003	125281581.858304
14	46	1	1.008	2	4.003	27185699.497662
14	47	1	1.008	2	4.003	90836006.105911
14	48	1	1.008	2	4.003	238523229.824994
14	49	1	1.008	2	4.003	161547549.944798
14	50	1	1.008	2	4.003	251095278.111027
14	51	1	1.008	2	4.003	295055475.966624
14	57	1	1.008	8	15.999	-33.778229
14	58	1	1.008	8	15.999	-70.214239
14	59	1	1.008	8	15.999	-157.260603
14	60	1	1.008	8	15.999	-44.281203
14	61	1	1.008	8	15.999	-408.902198
14	62	1	1.008	8	15.999	227.649430
14	63	1	1.008	8	15.999	-2791.975575
14	64	1	1.008	8	15.999	7477.391330
14	65	1	1.008	8	15.999	-23914.443057
14	66	1	1.008	8	15.999	533352.005612
14	67	1	1.008	8	15.999	-4977483.410007
14	68	1	1.008	8	15.999	13937316.325074
14	69	1	1.008	8	15.999	48510.782834
14	70	1	1.008	8	15.999	10545939.849763
14	71	1	1.008	8	15.999	10500945.176306
14	72	1	1.008	8	15.999	3220391.393616
14	73	1	1.008	8	15.999	15454404.466052
14	74	1	1.008	8	15.999	661703.385907
14	75	1	1.008	8	15.999	-679987.206275
14	76	1	1.008	8	15.999	916641.385744
14	77	1	1.008	8	15.999	3681020.304648
14	78	1	1.008	8	15.999	6127362.895618
14	79	1	1.008	8	15.999	3017583.503228
14	84	1	1.008	26	55.845	134.657345
14	85	1	1.008	26	55.845	-51.615421
14	86	1	1.008	26	55.845	367.466817
14	87	1	1.008	26	55.845	-37.125183
14	88	1	1.008	26	55.845	3192.254350
14	89	1	1.008	26	55.845	-12407.155795
14	90	1	1.008	26	55.845	153241.284800
14	91	1	1.008	26	55.845	-376090.897342
14	92	1	1.008	26	55.845	478915.806242
14	93	1	1.008	26	55.845	-28167.340480
14	94	1	1.008	26	55.845	1145108.736424
14	95	1	1.008	26	55.845	1859685.930117
14	97	1	1.008	26	55.845	51163.864500
14	101	1	1.008	26	55.845	1143055.889221
15	15	1	1.008	1	1.008	11352314307.597164
15	16	1	1.008	1	1.008	-490799801.248262
15	17	1	1.008	1	1.008	3625323836.478414
15	18	1	1.008	1	1.008	625795899.644305
15	19	1	1.008	1	1.008	1105488472.984533
15	20	1	1.008	1	1.008	2348231776.089624
15	21	1	1.008	1	1.008	2033727410.387080
15	22	1	1.008	1	1.008	1706290716.717626
15	23	1	1.008	1	1.008	858213119.045238
15	24	1	1.008	1	1.008	-394215878.865858
15	25	1	1.008	1	1.008	1189835333.752787
15	30	1	1.008	2	4.003	192524.011636
15	31	1	1.008	2	4.003	323403.476675
15	32	1	1.008	2	4.003	192714.532216
15	33	1	1.008	2	4.003	314726.861237
15	34	1	1.008	2	4.003	279970.556293
15	35	1	1.008	2	4.003	416717.959320
15	36	1	1.008	2	4.003	1162639.913256
15	37	1	1.008	2	4.003	2922880.826798
15	38	1	1.008	2	4.003	45420510.029934
15	39	1	1.008	2	4.003	-79129261.544400
15	40	1	1.008	2	4.003	893618366.464678
15	41	1	1.008	2	4.003	91216741.559037
15	42	1	1.008	2	4.003	560770836.999286
15	43	1	1.008	2	4.003	982842303.403955
15	44	1	1.008	2	4.003	-228556873.959063
15	46	1	1.008	2	4.003	-34854678.302647
15	47	1	1.008	2	4.003	430932579.681736
15	48	1	1.008	2	4.003	537072541.069574
15	49	1	1.008	2	4.003	525212090.103130
15	50	1	1.008	2	4.003	623598904.879022
15	51	1	1.008	2	4.003	875946325.517729
15	57	1	1.008	8	15.999	21.938906
15	58	1	1.008	8	15.999	-498.347494
15	59	1	1.008	8	15.999	2789.883137
15	60	1	1.008	8	15.999	1951.668757
15	61	1	1.008	8	15.999	5045.727110
15	62	1	1.008	8	15.999	4105.420155
15	63	1	1.008	8	15.999	17936.718054
15	64	1	1.008	8	15.999	-15089.929975
15	65	1	1.008	8	15.999	289932.564427
15	66	1	1.008	8	15.999	-507449.770823
15	67	1	1.008	8	15.999	6707153.336036
15	68	1	1.008	8	15.999	-38553528.148731
15	69	1	1.008	8	15.999	51520740.528742
15	70	1	1.008	8	15.999	-4324284.709661
15	71	1	1.008	8	15.999	56716543.759737
15	72	1	1.008	8	15.999	22330082.679733
15	73	1	1.008	8	15.999	34836544.179960
15	74	1	1.008	8	15.999	6940017.664808
15	75	1	1.008	8	15.999	-3837242.812145
15	76	1	1.008	8	15.999	9037337.150395
15	77	1	1.008	8	15.999	14240493.212582
15	78	1	1.008	8	15.999	22099213.899921
15	79	1	1.008	8	15.999	8395971.309552
15	84	1	1.008	26	55.845	475.538167
15	85	1	1.008	26	55.845	136.867497
15	86	1	1.008	26	55.845	1784.952285
15	87	1	1.008	26	55.845	2437.327646
15	88	1	1.008	26	55.845	8109.257234
15	89	1	1.008	26	55.845	12360.801765
15	90	1	1.008	26	55.845	206626.437515
15	91	1	1.008	26	55.845	2775278.742159
15	92	1	1.008	26	55.845	-1573966.397623
15	93	1	1.008	26	55.845	3113433.900356
15	94	1	1.008	26	55.845	755009.355484
15	95	1	1.008	26	55.845	6126286.717480
15	97	1	1.008	26	55.845	138161.014758
15	101	1	1.008	26	55.845	3160101.216959
16	16	1	1.008	1	1.008	12633527546.306652
16	17	1	1.008	1	1.008	-5383010870.844972
16	18	1	1.008	1	1.008	5153936719.800981
16	19	1	1.008	1	1.008	537737684.677872
16	20	1	1.008	1	1.008	2615071387.650900
16	21	1	1.008	1	1.008	3443961465.710628
16	22	1	1.008	1	1.008	1835146134.191513
16	23	1	1.008	1	1.008	1219885454.641061
16	24	1	1.008	1	1.008	-566068763.721248
16	25	1	1.008	1	1.008	1637774436.199567
16	30	1	1.008	2	4.003	245137.111444
16	31	1	1.008	2	4.003	418283.449555
16	32	1	1.008	2	4.003	239975.129203
16	33	1	1.008	2	4.003	412551.557243
16	34	1	1.008	2	4.003	326423.065213
16	35	1	1.008	2	4.003	592876.927460
16	36	1	1.008	2	4.003	1175931.082864
16	37	1	1.008	2	4.003	4948704.155258
16	38	1	1.008	2	4.003	41011695.663323
16	39	1	1.008	2	4.003	-38635908.960194
16	40	1	1.008	2	4.003	859864201.718214
16	41	1	1.008	2	4.003	648816882.173575
16	42	1	1.008	2	4.003	326906091.736304
16	43	1	1.008	2	4.003	699646964.546161
16	44	1	1.008	2	4.003	258738065.571212
16	46	1	1.008	2	4.003	280549075.587281
16	47	1	1.008	2	4.003	199247329.230885
16	48	1	1.008	2	4.003	1005603057.848525
16	49	1	1.008	2	4.003	622756446.092386
16	50	1	1.008	2	4.003	972486454.634640
16	51	1	1.008	2	4.003	1154061229.019068
16	57	1	1.008	8	15.999	-44.867029
16	58	1	1.008	8	15.999	-395.284293
16	59	1	1.008	8	15.999	1716.938997
16	60	1	1.008	8	15.999	1595.621492
16	61	1	1.008	8	15.999	2653.628180
16	62	1	1.008	8	15.999	4477.732935
16	63	1	1.008	8	15.999	5753.388815
16	64	1	1.008	8	15.999	18190.014049
16	65	1	1.008	8	15.999	74984.337016
16	66	1	1.008	8	15.999	1225236.859187
16	67	1	1.008	8	15.999	-12295569.085910
16	68	1	1.008	8	15.999	69729584.189293
16	69	1	1.008	8	15.999	4295742.663868
16	70	1	1.008	8	15.999	43125174.162347
16	71	1	1.008	8	15.999	45173909.734986
16	72	1	1.008	8	15.999	9617239.908178
16	73	1	1.008	8	15.999	64824115.672679
16	74	1	1.008	8	15.999	3568706.375766
16	75	1	1.008	8	15.999	-3364186.005282
16	76	1	1.008	8	15.999	8613761.271575
16	77	1	1.008	8	15.999	19497872.056323
16	78	1	1.008	8	15.999	31152374.185046
16	79	1	1.008	8	15.999	12004154.617060
16	84	1	1.008	26	55.845	532.252338
16	85	1	1.008	26	55.845	43.547070
16	86	1	1.008	26	55.845	1825.501435
16	87	1	1.008	26	55.845	1750.974222
16	88	1	1.008	26	55.845	10810.912457
16	89	1	1.008	26	55.845	-6052.576797
16	90	1	1.008	26	55.845	514412.860533
16	91	1	1.008	26	55.845	-1070552.096355
16	92	1	1.008	26	55.845	-542385.381111
16	93	1	1.008	26	55.845	1214105.918349
16	94	1	1.008	26	55.845	3493956.943431
16	95	1	1.008	26	55.845	7729927.191657
16	97	1	1.008	26	55.845	187264.946549
16	101	1	1.008	26	55.845	4362444.538559
17	17	1	1.008	1	1.008	19522055399.507889
17	18	1	1.008	1	1.008	-9538486072.703894
17	19	1	1.008	1	1.008	4003462448.483180
17	20	1	1.008	1	1.008	180754004.060790
17	21	1	1.008	1	1.008	-1247374326.014047
17	22	1	1.008	1	1.008	337536271.112126
17	23	1	1.008	1	1.008	-138388233.448150
17	24	1	1.008	1	1.008	69234981.579832
17	25	1	1.008	1	1.008	-175128294.135695
17	30	1	1.008	2	4.003	25973.965691
17	31	1	1.008	2	4.003	30553.407410
17	32	1	1.008	2	4.003	24128.522213
17	33	1	1.008	2	4.003	20956.472374
17	34	1	1.008	2	4.003	41903.109987
17	35	1	1.008	2	4.003	-4725.055971
17	36	1	1.008	2	4.003	278735.920753
17	37	1	1.008	2	4.003	-540042.765440
17	38	1	1.008	2	4.003	14887318.513316
17	39	1	1.008	2	4.003	-54808129.979402
17	40	1	1.008	2	4.003	295613949.318462
17	41	1	1.008	2	4.003	-250467649.932457
17	42	1	1.008	2	4.003	1254051239.844871
17	43	1	1.008	2	4.003	-2047580846.926290
17	44	1	1.008	2	4.003	36714798.637195
17	46	1	1.008	2	4.003	-836293365.559617
17	47	1	1.008	2	4.003	576457466.529965
17	48	1	1.008	2	4.003	-457519068.735349
17	49	1	1.008	2	4.003	1804268.129196
17	50	1	1.008	2	4.003	-271386157.636286
17	51	1	1.008	2	4.003	-89284823.094899
17	57	1	1.008	8	15.999	29.174856
17	58	1	1.008	8	15.999	-28.915160
17	59	1	1.008	8	15.999	-123.417883
17	60	1	1.008	8	15.999	-602.376059
17	61	1	1.008	8	15.999	238.944292
17	62	1	1.008	8	15.999	-2509.753891
17	63	1	1.008	8	15.999	4414.344506
17	64	1	1.008	8	15.999	-31367.772973
17	65	1	1.008	8	15.999	132879.292688
17	66	1	1.008	8	15.999	-1114765.092029
17	67	1	1.008	8	15.999	7246801.446885
17	68	1	1.008	8	15.999	-33706350.058898
17	69	1	1.008	8	15.999	30147374.693253
17	70	1	1.008	8	15.999	11383397.572310
17	71	1	1.008	8	15.999	21294052.594083
17	72	1	1.008	8	15.999	58307436.340371
17	73	1	1.008	8	15.999	-19255601.377049
17	74	1	1.008	8	15.999	520228.043880
17	75	1	1.008	8	15.999	351410.102668
17	76	1	1.008	8	15.999	2060700.252455
17	77	1	1.008	8	15.999	-2593437.387894
17	78	1	1.008	8	15.999	-6818731.777040
17	79	1	1.008	8	15.999	-2445292.755516
17	84	1	1.008	26	55.845	-266.952263
17	85	1	1.008	26	55.845	-91.966719
17	86	1	1.008	26	55.845	-987.351758
17	87	1	1.008	26	55.845	-1386.702330
17	88	1	1.008	26	55.845	-5375.622618
17	89	1	1.008	26	55.845	7196.205223
17	90	1	1.008	26	55.845	-357782.821037
17	91	1	1.008	26	55.845	-2104099.302810
17	92	1	1.008	26	55.845	2179882.667777
17	93	1	1.008	26	55.845	-7178134.088511
17	94	1	1.008	26	55.845	-318256.285266
17	95	1	1.008	26	55.845	-5764952.977392
17	97	1	1.008	26	55.845	36975.330985
17	101	1	1.008	26	55.845	-623756.254194
18	18	1	1.008	1	1.008	28552769681.124084
18	19	1	1.008	1	1.008	-12688379331.868959
18	20	1	1.008	1	1.008	4571883141.537601
18	21	1	1.008	1	1.008	3722669754.395507
18	22	1	1.008	1	1.008	1849710961.775433
18	23	1	1.008	1	1.008	797552935.907342
18	24	1	1.008	1	1.008	-303414071.919453
18	25	1	1.008	1	1.008	1272080428.269670
18	30	1	1.008	2	4.003	117041.216082
18	31	1	1.008	2	4.003	205544.315776
18	32	1	1.008	2	4.003	115871.648669
18	33	1	1.008	2	4.003	206507.842459
18	34	1	1.008	2	4.003	156047.362797
18	35	1	1.008	2	4.003	307936.374811
18	36	1	1.008	2	4.003	524819.288274
18	37	1	1.008	2	4.003	2727155.889018
18	38	1	1.008	2	4.003	16576769.758025
18	39	1	1.008	2	4.003	-56291.670244
18	40	1	1.008	2	4.003	333300230.371934
18	41	1	1.008	2	4.003	427808422.355074
18	42	1	1.008	2	4.003	-513357105.667517
18	43	1	1.008	2	4.003	2242858164.610195
18	44	1	1.008	2	4.003	-2441402701.303450
18	46	1	1.008	2	4.003	1890171190.507155
18	47	1	1.008	2	4.003	-788108225.781319
18	48	1	1.008	2	4.003	1282029512.290364
18	49	1	1.008	2	4.003	816079221.383099
18	50	1	1.008	2	4.003	964301338.258866
18	51	1	1.008	2	4.003	1121112138.121707
18	57	1	1.008	8	15.999	-35.413300
18	58	1	1.008	8	15.999	-288.848240
18	59	1	1.008	8	15.999	1613.115919
18	60	1	1.008	8	15.999	1663.675621
18	61	1	1.008	8	15.999	2283.139672
18	62	1	1.008	8	15.999	4839.719310
18	63	1	1.008	8	15.999	3822.070034
18	64	1	1.008	8	15.999	27271.815969
18	65	1	1.008	8	15.999	5295.276539
18	66	1	1.008	8	15.999	1178359.565836
18	67	1	1.008	8	15.999	-8279611.862520
18	68	1	1.008	8	15.999	46382757.492689
18	69	1	1.008	8	15.999	-8640223.732431
18	70	1	1.008	8	15.999	18853534.209602
18	71	1	1.008	8	15.999	-3546672.441066
18	72	1	1.008	8	15.999	6107566.542923
18	73	1	1.008	8	15.999	42862075.126443
18	74	1	1.008	8	15.999	25203327.605670
18	75	1	1.008	8	15.999	-18061804.628696
18	76	1	1.008	8	15.999	19086524.844912
18	77	1	1.008	8	15.999	19633041.280442
18	78	1	1.008	8	15.999	43901352.348586
18	79	1	1.008	8	15.999	13157358.041003
18	84	1	1.008	26	55.845	521.830805
18	85	1	1.008	26	55.845	124.917778
18	86	1	1.008	26	55.845	1875.697000
18	87	1	1.008	26	55.845	2350.097240
18	88	1	1.008	26	55.845	9845.000394
18	89	1	1.008	26	55.845	-2533.917430
18	90	1	1.008	26	55.845	543136.476995
18	91	1	1.008	26	55.845	1266578.276397
18	92	1	1.008	26	55.845	-1786335.119036
18	93	1	1.008	26	55.845	6584296.772347
18	94	1	1.008	26	55.845	-8437784.867360
18	95	1	1.008	26	55.845	13671285.294962
18	97	1	1.008	26	55.845	41119.394245
18	101	1	1.008	26	55.845	4532315.220315
19	19	1	1.008	1	1.008	56056201209.416786
19	20	1	1.008	1	1.008	-13121209900.345121
19	21	1	1.008	1	1.008	3448266388.860898
19	22	1	1.008	1	1.008	-2110848298.541492
19	23	1	1.008	1	1.008	2404971675.415786
19	24	1	1.008	1	1.008	-1422361010.750474
19	25	1	1.008	1	1.008	2059793538.689107
19	30	1	1.008	2	4.003	59778.910577
19	31	1	1.008	2	4.003	99354.969633
19	32	1	1.008	2	4.003	58584.674871
19	33	1	1.008	2	4.003	96668.721155
19	34	1	1.008	2	4.003	82934.369168
19	35	1	1.008	2	4.003	131168.429343
19	36	1	1.008	2	4.003	330651.702054
19	37	1	1.008	2	4.003	975348.636719
19	38	1	1.008	2	4.003	12756767.798513
19	39	1	1.008	2	4.003	-16549159.291819
19	40	1	1.008	2	4.003	223798954.524273
19	41	1	1.008	2	4.003	203940966.366531
19	42	1	1.008	2	4.003	241127767.147261
19	43	1	1.008	2	4.003	119369696.319949
19	44	1	1.008	2	4.003	630589510.407790
19	46	1	1.008	2	4.003	-3728967306.191836
19	47	1	1.008	2	4.003	2334460780.568731
19	48	1	1.008	2	4.003	461520178.214428
19	49	1	1.008	2	4.003	-1278911160.436689
19	50	1	1.008	2	4.003	911234524.399300
19	51	1	1.008	2	4.003	306969903.355963
19	57	1	1.008	8	15.999	28.002318
19	58	1	1.008	8	15.999	-115.257735
19	59	1	1.008	8	15.999	794.976039
19	60	1	1.008	8	15.999	387.283183
19	61	1	1.008	8	15.999	1613.687998
19	62	1	1.008	8	15.999	358.046532
19	63	1	1.008	8	15.999	6998.371201
19	64	1	1.008	8	15.999	-15763.733337
19	65	1	1.008	8	15.999	137449.524477
19	66	1	1.008	8	15.999	-657551.569010
19	67	1	1.008	8	15.999	5273686.682843
19	68	1	1.008	8	15.999	-23524722.404185
19	69	1	1.008	8	15.999	51891180.797593
19	70	1	1.008	8	15.999	-78753973.064689
19	71	1	1.008	8	15.999	182577755.140250
19	72	1	1.008	8	15.999	-443777264.192902
19	73	1	1.008	8	15.999	183929868.297634
19	74	1	1.008	8	15.999	-126682062.508408
19	75	1	1.008	8	15.999	78262867.409478
19	76	1	1.008	8	15.999	-56557099.956393
19	77	1	1.008	8	15.999	11920515.728879
19	78	1	1.008	8	15.999	-31756832.993285
19	79	1	1.008	8	15.999	-854133.627515
19	84	1	1.008	26	55.845	308.243214
19	85	1	1.008	26	55.845	-129.455902
19	86	1	1.008	26	55.845	843.895265
19	87	1	1.008	26	55.845	-418.078503
19	88	1	1.008	26	55.845	9893.107137
19	89	1	1.008	26	55.845	-33874.967233
19	90	1	1.008	26	55.845	414985.155252
19	91	1	1.008	26	55.845	-1062452.817898
19	92	1	1.008	26	55.845	2448139.898425
19	93	1	1.008	26	55.845	-3552303.968296
19	94	1	1.008	26	55.845	11098253.167001
19	95	1	1.008	26	55.845	-6770994.961065
19	97	1	1.008	26	55.845	654823.768127
19	101	1	1.008	26	55.845	621919.701488
20	20	1	1.008	1	1.008	39341853298.251549
20	21	1	1.008	1	1.008	-7186095162.029354
20	22	1	1.008	1	1.008	10865703887.953074
20	23	1	1.008	1	1.008	-1864016195.833600
20	24	1	1.008	1	1.008	1258093976.460714
20	25	1	1.008	1	1.008	-485142850.643153
20	30	1	1.008	2	4.003	141194.002052
20	31	1	1.008	2	4.003	238069.463019
20	32	1	1.008	2	4.003	140331.714358
20	33	1	1.008	2	4.003	232933.905886
20	34	1	1.008	2	4.003	200533.119154
20	35	1	1.008	2	4.003	316458.603296
20	36	1	1.008	2	4.003	803141.951698
20	37	1	1.008	2	4.003	2349220.335589
20	38	1	1.008	2	4.003	31020521.214030
20	39	1	1.008	2	4.003	-47047089.096120
20	40	1	1.008	2	4.003	591557670.820653
20	41	1	1.008	2	4.003	61981000.055377
20	42	1	1.008	2	4.003	836557623.295112
20	43	1	1.008	2	4.003	280035504.033805
20	44	1	1.008	2	4.003	119926583.792896
20	46	1	1.008	2	4.003	-4606948334.567244
20	47	1	1.008	2	4.003	391000007.775326
20	48	1	1.008	2	4.003	-1263538964.176331
20	49	1	1.008	2	4.003	3055547586.542263
20	50	1	1.008	2	4.003	-197240311.149796
20	51	1	1.008	2	4.003	1474915489.365159
20	57	1	1.008	8	15.999	-19.674339
20	58	1	1.008	8	15.999	-400.639305
20	59	1	1.008	8	15.999	2161.598302
20	60	1	1.008	8	15.999	1868.368214
20	61	1	1.008	8	15.999	3432.198474
20	62	1	1.008	8	15.999	4836.452245
20	63	1	1.008	8	15.999	9141.915899
20	64	1	1.008	8	15.999	13271.704811
20	65	1	1.008	8	15.999	111675.051016
20	66	1	1.008	8	15.999	638868.042023
20	67	1	1.008	8	15.999	-3879523.666263
20	68	1	1.008	8	15.999	29423901.313699
20	69	1	1.008	8	15.999	-785364.841234
20	70	1	1.008	8	15.999	44379053.629294
20	71	1	1.008	8	15.999	-31036696.264297
20	72	1	1.008	8	15.999	230610154.202555
20	73	1	1.008	8	15.999	-109349706.398953
20	74	1	1.008	8	15.999	184590974.679776
20	75	1	1.008	8	15.999	-95574167.790369
20	76	1	1.008	8	15.999	82778530.558578
20	77	1	1.008	8	15.999	15866315.530576
20	78	1	1.008	8	15.999	66663159.201407
20	79	1	1.008	8	15.999	22348314.073960
20	84	1	1.008	26	55.845	611.649686
20	85	1	1.008	26	55.845	107.214846
20	86	1	1.008	26	55.845	2153.195868
20	87	1	1.008	26	55.845	2444.057314
20	88	1	1.008	26	55.845	12006.246850
20	89	1	1.008	26	55.845	-6542.081741
20	90	1	1.008	26	55.845	595401.391510
20	91	1	1.008	26	55.845	1534017.594894
20	92	1	1.008	26	55.845	-628135.350995
20	93	1	1.008	26	55.845	3728868.023349
20	94	1	1.008	26	55.845	-3504720.763389
20	95	1	1.008	26	55.845	17452003.720200
20	97	1	1.008	26	55.845	-872143.885729
20	101	1	1.008	26	55.845	5625058.262090
21	21	1	1.008	1	1.008	26830355074.095741
21	22	1	1.008	1	1.008	-11603386818.470297
21	23	1	1.008	1	1.008	2493828610.766510
21	24	1	1.008	1	1.008	-1459926795.668228
21	25	1	1.008	1	1.008	3229335574.632996
21	30	1	1.008	2	4.003	147896.361692
21	31	1	1.008	2	4.003	251476.477047
21	32	1	1.008	2	4.003	146813.965671
21	33	1	1.008	2	4.003	247686.897341
21	34	1	1.008	2	4.003	207427.883730
21	35	1	1.008	2	4.003	344091.908470
21	36	1	1.008	2	4.003	803695.529071
21	37	1	1.008	2	4.003	2673391.169044
21	38	1	1.008	2	4.003	30042166.365282
21	39	1	1.008	2	4.003	-36222099.400922
21	40	1	1.008	2	4.003	558663002.238276
21	41	1	1.008	2	4.003	267677273.623566
21	42	1	1.008	2	4.003	497700136.361410
21	43	1	1.008	2	4.003	795843732.979479
21	44	1	1.008	2	4.003	-78226471.160604
21	46	1	1.008	2	4.003	2212157919.965820
21	47	1	1.008	2	4.003	-7363886680.272885
21	48	1	1.008	2	4.003	4633172377.339637
21	49	1	1.008	2	4.003	1143257702.660536
21	50	1	1.008	2	4.003	438479865.443278
21	51	1	1.008	2	4.003	1105883097.543027
21	57	1	1.008	8	15.999	2.820777
21	58	1	1.008	8	15.999	-380.348214
21	59	1	1.008	8	15.999	2363.301393
21	60	1	1.008	8	15.999	1947.088418
21	61	1	1.008	8	15.999	3896.615625
21	62	1	1.008	8	15.999	4785.306983
21	63	1	1.008	8	15.999	11418.604041
21	64	1	1.008	8	15.999	6892.814597
21	65	1	1.008	8	15.999	157642.098786
21	66	1	1.008	8	15.999	294947.403440
21	67	1	1.008	8	15.999	-821125.791716
21	68	1	1.008	8	15.999	16017504.131326
21	69	1	1.008	8	15.999	26920858.019269
21	70	1	1.008	8	15.999	-4541643.575997
21	71	1	1.008	8	15.999	82813196.899378
21	72	1	1.008	8	15.999	-42926605.208301
21	73	1	1.008	8	15.999	164578566.050922
21	74	1	1.008	8	15.999	79832444.265078
21	75	1	1.008	8	15.999	-80811354.401891
21	76	1	1.008	8	15.999	76597735.962027
21	77	1	1.008	8	15.999	3949482.468699
21	78	1	1.008	8	15.999	48665502.462437
21	79	1	1.008	8	15.999	13889598.116500
21	84	1	1.008	26	55.845	732.775866
21	85	1	1.008	26	55.845	6.680562
21	86	1	1.008	26	55.845	2419.474541
21	87	1	1.008	26	55.845	1820.464531
21	88	1	1.008	26	55.845	17142.175650
21	89	1	1.008	26	55.845	-30183.596387
21	90	1	1.008	26	55.845	820540.952061
21	91	1	1.008	26	55.845	620626.593249
21	92	1	1.008	26	55.845	1067255.928271
21	93	1	1.008	26	55.845	717528.598561
21	94	1	1.008	26	55.845	4615283.026126
21	95	1	1.008	26	55.845	7677994.215961
21	97	1	1.008	26	55.845	-803556.397149
21	101	1	1.008	26	55.845	3600173.281582
22	22	1	1.008	1	1.008	41251238463.222153
22	23	1	1.008	1	1.008	-4931715498.083472
22	24	1	1.008	1	1.008	2809673536.502057
22	25	1	1.008	1	1.008	-3361180903.678763
22	30	1	1.008	2	4.003	102501.019536
22	31	1	1.008	2	4.003	172701.129796
22	32	1	1.008	2	4.003	101715.620800
22	33	1	1.008	2	4.003	168933.463938
22	34	1	1.008	2	4.003	145012.242309
22	35	1	1.008	2	4.003	229894.679191
22	36	1	1.008	2	4.003	578824.054592
22	37	1	1.008	2	4.003	1714487.032454
22	38	1	1.008	2	4.003	22297984.725567
22	39	1	1.008	2	4.003	-32779891.265356
22	40	1	1.008	2	4.003	420839764.807544
22	41	1	1.008	2	4.003	76211758.526985
22	42	1	1.008	2	4.003	560774187.821875
22	43	1	1.008	2	4.003	292744861.173514
22	44	1	1.008	2	4.003	84063136.776140
22	46	1	1.008	2	4.003	-7466954.714525
22	47	1	1.008	2	4.003	3597323717.084771
22	48	1	1.008	2	4.003	-11279379395.946695
22	49	1	1.008	2	4.003	2015313459.418142
22	50	1	1.008	2	4.003	2002683926.507771
22	51	1	1.008	2	4.003	1671676493.361337
22	57	1	1.008	8	15.999	-10.405703
22	58	1	1.008	8	15.999	-289.284750
22	59	1	1.008	8	15.999	1573.456707
22	60	1	1.008	8	15.999	1321.097016
22	61	1	1.008	8	15.999	2534.159326
22	62	1	1.008	8	15.999	3334.649820
22	63	1	1.008	8	15.999	7079.989619
22	64	1	1.008	8	15.999	7109.314491
22	65	1	1.008	8	15.999	92525.700528
22	66	1	1.008	8	15.999	348603.613580
22	67	1	1.008	8	15.999	-1929559.858206
22	68	1	1.008	8	15.999	16347422.059353
22	69	1	1.008	8	15.999	6640184.492624
22	70	1	1.008	8	15.999	16662711.974731
22	71	1	1.008	8	15.999	2793758.611606
22	72	1	1.008	8	15.999	103948585.804043
22	73	1	1.008	8	15.999	-97984100.488602
22	74	1	1.008	8	15.999	152555273.196796
22	75	1	1.008	8	15.999	101824871.123046
22	76	1	1.008	8	15.999	-110521100.296307
22	77	1	1.008	8	15.999	74763001.544937
22	78	1	1.008	8	15.999	25840323.815695
22	79	1	1.008	8	15.999	18178582.012245
22	84	1	1.008	26	55.845	469.511252
22	85	1	1.008	26	55.845	57.692344
22	86	1	1.008	26	55.845	1617.591642
22	87	1	1.008	26	55.845	1647.170240
22	88	1	1.008	26	55.845	9746.755704
22	89	1	1.008	26	55.845	-9359.128898
22	90	1	1.008	26	55.845	477261.081655
22	91	1	1.008	26	55.845	921950.170955
22	92	1	1.008	26	55.845	-1915.854620
22	93	1	1.008	26	55.845	2004231.438499
22	94	1	1.008	26	55.845	-198680.132132
22	95	1	1.008	26	55.845	9935215.269579
22	97	1	1.008	26	55.845	-321221.760980
22	101	1	1.008	26	55.845	7469006.763209
23	23	1	1.008	1	1.008	17559253524.672195
23	24	1	1.008	1	1.008	-10591993937.020298
23	25	1	1.008	1	1.008	16929136516.644743
23	30	1	1.008	2	4.003	57578.586181
23	31	1	1.008	2	4.003	97649.213189
23	32	1	1.008	2	4.003	57195.786649
23	33	1	1.008	2	4.003	95990.079250
23	34	1	1.008	2	4.003	81161.127736
23	35	1	1.008	2	4.003	132377.054843
23	36	1	1.008	2	4.003	318150.407698
23	37	1	1.008	2	4.003	1013029.086766
23	38	1	1.008	2	4.003	12044756.346699
23	39	1	1.008	2	4.003	-15851015.084884
23	40	1	1.008	2	4.003	225460198.776394
23	41	1	1.008	2	4.003	87142882.796362
23	42	1	1.008	2	4.003	237096766.147532
23	43	1	1.008	2	4.003	254694867.865036
23	44	1	1.008	2	4.003	32302115.251158
23	46	1	1.008	2	4.003	-510480131.509930
23	47	1	1.008	2	4.003	2320853411.915638
23	48	1	1.008	2	4.003	738584507.468595
23	49	1	1.008	2	4.003	-7157158701.098262
23	50	1	1.008	2	4.003	-42916554.658584
23	51	1	1.008	2	4.003	1645517035.420740
23	57	1	1.008	8	15.999	-4.614132
23	58	1	1.008	8	15.999	-153.719764
23	59	1	1.008	8	15.999	808.669852
23	60	1	1.008	8	15.999	660.009191
23	61	1	1.008	8	15.999	1346.072009
23	62	1	1.008	8	15.999	1634.600646
23	63	1	1.008	8	15.999	3974.487346
23	64	1	1.008	8	15.999	2138.855759
23	65	1	1.008	8	15.999	56265.497133
23	66	1	1.008	8	15.999	124731.327448
23	67	1	1.008	8	15.999	-684101.042340
23	68	1	1.008	8	15.999	5814774.169722
23	69	1	1.008	8	15.999	9851259.094479
23	70	1	1.008	8	15.999	-1349217.594787
23	71	1	1.008	8	15.999	28433360.756749
23	72	1	1.008	8	15.999	-15680053.062114
23	73	1	1.008	8	15.999	72963978.695031
23	74	1	1.008	8	15.999	-132188394.583391
23	75	1	1.008	8	15.999	141156894.220820
23	76	1	1.008	8	15.999	85929089.542990
23	77	1	1.008	8	15.999	-61627710.699471
23	78	1	1.008	8	15.999	-75895251.860846
23	79	1	1.008	8	15.999	-39308531.816946
23	84	1	1.008	26	55.845	277.748530
23	85	1	1.008	26	55.845	9.268286
23	86	1	1.008	26	55.845	926.315205
23	87	1	1.008	26	55.845	752.909802
23	88	1	1.008	26	55.845	6341.281737
23	89	1	1.008	26	55.845	-10205.262454
23	90	1	1.008	26	55.845	301339.360432
23	91	1	1.008	26	55.845	373431.940436
23	92	1	1.008	26	55.845	210846.618954
23	93	1	1.008	26	55.845	667648.378516
23	94	1	1.008	26	55.845	1005470.769885
23	95	1	1.008	26	55.845	4507215.777030
23	97	1	1.008	26	55.845	1113335.257490
23	101	1	1.008	26	55.845	-584901.830818
24	24	1	1.008	1	1.008	12687512628.126141
24	25	1	1.008	1	1.008	-23534719105.486671
24	30	1	1.008	2	4.003	-26412.906298
24	31	1	1.008	2	4.003	-44544.784718
24	32	1	1.008	2	4.003	-26139.589494
24	33	1	1.008	2	4.003	-43664.948618
24	34	1	1.008	2	4.003	-37066.820352
24	35	1	1.008	2	4.003	-59944.287049
24	36	1	1.008	2	4.003	-146008.764162
24	37	1	1.008	2	4.003	-455125.719015
24	38	1	1.008	2	4.003	-5589894.687027
24	39	1	1.008	2	4.003	7788257.966829
24	40	1	1.008	2	4.003	-105049812.913256
24	41	1	1.008	2	4.003	-43122804.558610
24	42	1	1.008	2	4.003	-105825124.288134
24	43	1	1.008	2	4.003	-122022943.101020
24	44	1	1.008	2	4.003	-17700488.219004
24	46	1	1.008	2	4.003	305191061.978176
24	47	1	1.008	2	4.003	-1204978184.939234
24	48	1	1.008	2	4.003	390389373.668093
24	49	1	1.008	2	4.003	4269025890.301898
24	50	1	1.008	2	4.003	-6214472057.580223
24	51	1	1.008	2	4.003	-219736080.882559
24	57	1	1.008	8	15.999	9.494783
24	58	1	1.008	8	15.999	68.559451
24	59	1	1.008	8	15.999	-160.072915
24	60	1	1.008	8	15.999	-116.462404
24	61	1	1.008	8	15.999	-296.625557
24	62	1	1.008	8	15.999	-299.170768
24	63	1	1.008	8	15.999	-971.075380
24	64	1	1.008	8	15.999	301.812686
24	65	1	1.008	8	15.999	-17200.859184
24	66	1	1.008	8	15.999	-57583.611908
24	67	1	1.008	8	15.999	893029.338158
24	68	1	1.008	8	15.999	-1439968.900728
24	69	1	1.008	8	15.999	-5249595.935725
24	70	1	1.008	8	15.999	2611000.166120
24	71	1	1.008	8	15.999	-15537431.571025
24	72	1	1.008	8	15.999	16306395.757054
24	73	1	1.008	8	15.999	-42697440.612791
24	74	1	1.008	8	15.999	65863690.628321
24	75	1	1.008	8	15.999	-134142636.157636
24	76	1	1.008	8	15.999	187328254.967830
24	77	1	1.008	8	15.999	27823581.638222
24	78	1	1.008	8	15.999	139276442.897610
24	79	1	1.008	8	15.999	58250909.255068
24	84	1	1.008	26	55.845	-134.221079
24	85	1	1.008	26	55.845	-2.406218
24	86	1	1.008	26	55.845	-443.413269
24	87	1	1.008	26	55.845	-340.473943
24	88	1	1.008	26	55.845	-3127.106643
24	89	1	1.008	26	55.845	5511.813282
24	90	1	1.008	26	55.845	-144604.565905
24	91	1	1.008	26	55.845	-238021.540025
24	92	1	1.008	26	55.845	-36260.030108
24	93	1	1.008	26	55.845	-399767.371811
24	94	1	1.008	26	55.845	-354929.738949
24	95	1	1.008	26	55.845	-2450097.492349
24	97	1	1.008	26	55.845	246754.377693
24	101	1	1.008	26	55.845	-587313.139474
25	25	1	1.008	1	1.008	99880364130.891144
25	30	1	1.008	2	4.003	77329.927757
25	31	1	1.008	2	4.003	131087.114903
25	32	1	1.008	2	4.003	76959.451434
25	33	1	1.008	2	4.003	128928.417169
25	34	1	1.008	2	4.003	109841.183384
25	35	1	1.008	2	4.003	177065.466759
25	36	1	1.008	2	4.003	434356.621752
25	37	1	1.008	2	4.003	1339403.506365
25	38	1	1.008	2	4.003	16632621.385505
25	39	1	1.008	2	4.003	-23357459.172766
25	40	1	1.008	2	4.003	312998116.558282
25	41	1	1.008	2	4.003	111736059.507132
25	42	1	1.008	2	4.003	336184105.661569
25	43	1	1.008	2	4.003	336067118.627353
25	44	1	1.008	2	4.003	36201641.273274
25	46	1	1.008	2	4.003	-234061245.953872
25	47	1	1.008	2	4.003	1640064799.366710
25	48	1	1.008	2	4.003	-176976808.574806
25	49	1	1.008	2	4.003	-5424009518.311191
25	50	1	1.008	2	4.003	6500541041.512576
25	51	1	1.008	2	4.003	-5689060595.727923
25	57	1	1.008	8	15.999	-20.400129
25	58	1	1.008	8	15.999	-193.679644
25	59	1	1.008	8	15.999	643.577768
25	60	1	1.008	8	15.999	514.413442
25	61	1	1.008	8	15.999	1150.491306
25	62	1	1.008	8	15.999	1336.138724
25	63	1	1.008	8	15.999	3536.047373
25	64	1	1.008	8	15.999	887.674569
25	65	1	1.008	8	15.999	56016.515580
25	66	1	1.008	8	15.999	202092.953997
25	67	1	1.008	8	15.999	-2388842.023894
25	68	1	1.008	8	15.999	7320918.404196
25	69	1	1.008	8	15.999	11861548.511087
25	70	1	1.008	8	15.999	-536664.206634
25	71	1	1.008	8	15.999	31643334.232244
25	72	1	1.008	8	15.999	-3802160.885959
25	73	1	1.008	8	15.999	59433506.288310
25	74	1	1.008	8	15.999	-64317045.507796
25	75	1	1.008	8	15.999	142553952.936491
25	76	1	1.008	8	15.999	-106720537.558076
25	77	1	1.008	8	15.999	-44896420.161575
25	78	1	1.008	8	15.999	-490244545.524039
25	79	1	1.008	8	15.999	-284578180.522890
25	84	1	1.008	26	55.845	384.102000
25	85	1	1.008	26	55.845	-1.624487
25	86	1	1.008	26	55.845	1265.180118
25	87	1	1.008	26	55.845	910.988474
25	88	1	1.008	26	55.845	9191.967617
25	89	1	1.008	26	55.845	-17563.912300
25	90	1	1.008	26	55.845	421361.520836
25	91	1	1.008	26	55.845	622380.676682
25	92	1	1.008	26	55.845	187253.603941
25	93	1	1.008	26	55.845	1070533.986229
25	94	1	1.008	26	55.845	1070211.239310
25	95	1	1.008	26	55.845	6548148.676205
25	97	1	1.008	26	55.845	-217433.453958
25	101	1	1.008	26	55.845	17203326.313067
30	30	2	4.003	2	4.003	43861.780869
30	31	2	4.003	2	4.003	22480.774830
30	32	2	4.003	2	4.003	19745.562736
30	33	2	4.003	2	4.003	10872.495819
30	34	2	4.003	2	4.003	7236.022524
30	35	2	4.003	2	4.003	4241.640254
30	36	2	4.003	2	4.003	10774.990139
30	37	2	4.003	2	4.003	21507.974638
30	38	2	4.003	2	4.003	13800.238633
30	39	2	4.003	2	4.003	91529.967604
30	40	2	4.003	2	4.003	8157.997399
30	41	2	4.003	2	4.003	43600.234689
30	42	2	4.003	2	4.003	39615.025556
30	43	2	4.003	2	4.003	47200.700317
30	44	2	4.003	2	4.003	669.801945
30	46	2	4.003	2	4.003	4063.234902
30	47	2	4.003	2	4.003	20935.251228
30	48	2	4.003	2	4.003	40718.971681
30	49	2	4.003	2	4.003	32767.138331
30	50	2	4.003	2	4.003	43535.327286
30	51	2	4.003	2	4.003	56611.630595
30	57	2	4.003	8	15.999	141.707081
30	58	2	4.003	8	15.999	471.026128
30	59	2	4.003	8	15.999	569.098720
30	60	2	4.003	8	15.999	408.301252
30	61	2	4.003	8	15.999	269.735254
30	62	2	4.003	8	15.999	118.342631
30	63	2	4.003	8	15.999	28.248639
30	64	2	4.003	8	15.999	-25.897652
30	65	2	4.003	8	15.999	-14.955556
30	66	2	4.003	8	15.999	-251.085796
30	67	2	4.003	8	15.999	135.730055
30	68	2	4.003	8	15.999	1451.479898
30	69	2	4.003	8	15.999	1396.148977
30	70	2	4.003	8	15.999	979.213968
30	71	2	4.003	8	15.999	2850.108717
30	72	2	4.003	8	15.999	995.085464
30	73	2	4.003	8	15.999	2685.401311
30	74	2	4.003	8	15.999	346.093613
30	75	2	4.003	8	15.999	-209.027844
30	76	2	4.003	8	15.999	563.079774
30	77	2	4.003	8	15.999	1051.348874
30	78	2	4.003	8	15.999	1574.081364
30	79	2	4.003	8	15.999	523.877879
30	84	2	4.003	26	55.845	46.527516
30	85	2	4.003	26	55.845	27.488564
30	86	2	4.003	26	55.845	18.841183
30	87	2	4.003	26	55.845	-2.244888
30	88	2	4.003	26	55.845	12.112228
30	89	2	4.003	26	55.845	-47.602444
30	90	2	4.003	26	55.845	113.924269
30	91	2	4.003	26	55.845	0.420978
30	92	2	4.003	26	55.845	69.579126
30	93	2	4.003	26	55.845	130.437410
30	94	2	4.003	26	55.845	187.554016
30	95	2	4.003	26	55.845	428.204755
30	97	2	4.003	26	55.845	9.374482
30	101	2	4.003	26	55.845	226.302571
31	31	2	4.003	2	4.003	35347.905058
31	32	2	4.003	2	4.003	13407.988516
31	33	2	4.003	2	4.003	16401.606839
31	34	2	4.003	2	4.003	6662.966874
31	35	2	4.003	2	4.003	10323.804423
31	36	2	4.003	2	4.003	14340.600167
31	37	2	4.003	2	4.003	47509.082209
31	38	2	4.003	2	4.003	12188.603050
31	39	2	4.003	2	4.003	185067.801781
31	40	2	4.003	2	4.003	-7043.740971
31	41	2	4.003	2	4.003	90929.603320
31	42	2	4.003	2	4.003	57353.056897
31	43	2	4.003	2	4.003	85052.831249
31	44	2	4.003	2	4.003	-1074.297462
31	46	2	4.003	2	4.003	7674.679946
31	47	2	4.003	2	4.003	34836.857581
31	48	2	4.003	2	4.003	69548.121303
31	49	2	4.003	2	4.003	55612.000163
31	50	2	4.003	2	4.003	72570.916023
31	51	2	4.003	2	4.003	97095.766516
31	57	2	4.003	8	15.999	129.723355
31	58	2	4.003	8	15.999	430.777540
31	59	2	4.003	8	15.999	523.472588
31	60	2	4.003	8	15.999	375.254239
31	61	2	4.003	8	15.999	248.834220
31	62	2	4.003	8	15.999	110.127181
31	63	2	4.003	8	15.999	28.902005
31	64	2	4.003	8	15.999	-18.249403
31	65	2	4.003	8	15.999	23.043403
31	66	2	4.003	8	15.999	-356.670663
31	67	2	4.003	8	15.999	604.481285
31	68	2	4.003	8	15.999	1344.638260
31	69	2	4.003	8	15.999	3088.650776
31	70	2	4.003	8	15.999	1408.075133
31	71	2	4.003	8	15.999	5337.016225
31	72	2	4.003	8	15.999	1663.473761
31	73	2	4.003	8	15.999	4684.032523
31	74	2	4.003	8	15.999	617.054879
31	75	2	4.003	8	15.999	-363.556048
31	76	2	4.003	8	15.999	1187.719462
31	77	2	4.003	8	15.999	1982.169915
31	78	2	4.003	8	15.999	2927.890673
31	79	2	4.003	8	15.999	928.741500
31	84	2	4.003	26	55.845	42.794662
31	85	2	4.003	26	55.845	25.253634
31	86	2	4.003	26	55.845	17.611400
31	87	2	4.003	26	55.845	-1.726820
31	88	2	4.003	26	55.845	13.500476
31	89	2	4.003	26	55.845	-45.719183
31	90	2	4.003	26	55.845	147.555696
31	91	2	4.003	26	55.845	116.941996
31	92	2	4.003	26	55.845	45.937506
31	93	2	4.003	26	55.845	248.015764
31	94	2	4.003	26	55.845	255.307932
31	95	2	4.003	26	55.845	712.533376
31	97	2	4.003	26	55.845	15.636665
31	101	2	4.003	26	55.845	364.666648
32	32	2	4.003	2	4.003	15123.482821
32	33	2	4.003	2	4.003	5406.591165
32	34	2	4.003	2	4.003	6530.517138
32	35	2	4.003	2	4.003	2817.116496
32	36	2	4.003	2	4.003	12665.031270
32	37	2	4.003	2	4.003	20044.020665
32	38	2	4.003	2	4.003	17081.644393
32	39	2	4.003	2	4.003	88553.043083
32	40	2	4.003	2	4.003	10958.843149
32	41	2	4.003	2	4.003	41750.260338
32	42	2	4.003	2	4.003	40112.713262
32	43	2	4.003	2	4.003	46583.227910
32	44	2	4.003	2	4.003	960.250220
32	46	2	4.003	2	4.003	4185.771606
32	47	2	4.003	2	4.003	20720.170112
32	48	2	4.003	2	4.003	40542.115390
32	49	2	4.003	2	4.003	32655.399093
32	50	2	4.003	2	4.003	42666.523057
32	51	2	4.003	2	4.003	56785.359999
32	57	2	4.003	8	15.999	79.799335
32	58	2	4.003	8	15.999	265.044737
32	59	2	4.003	8	15.999	321.716686
32	60	2	4.003	8	15.999	230.654796
32	61	2	4.003	8	15.999	152.779887
32	62	2	4.003	8	15.999	67.488991
32	63	2	4.003	8	15.999	17.098057
32	64	2	4.003	8	15.999	-11.407034
32	65	2	4.003	8	15.999	3.805246
32	66	2	4.003	8	15.999	-168.903378
32	67	2	4.003	8	15.999	185.068990
32	68	2	4.003	8	15.999	1296.552369
32	69	2	4.003	8	15.999	1511.756041
32	70	2	4.003	8	15.999	977.595183
32	71	2	4.003	8	15.999	2954.617416
32	72	2	4.003	8	15.999	1013.202477
32	73	2	4.003	8	15.999	2709.783245
32	74	2	4.003	8	15.999	359.629933
32	75	2	4.003	8	15.999	-214.052967
32	76	2	4.003	8	15.999	656.020510
32	77	2	4.003	8	15.999	1117.397100
32	78	2	4.003	8	15.999	1662.981836
32	79	2	4.003	8	15.999	541.215235
32	84	2	4.003	26	55.845	26.300060
32	85	2	4.003	26	55.845	15.526947
32	86	2	4.003	26	55.845	10.779152
32	87	2	4.003	26	55.845	-1.099060
32	88	2	4.003	26	55.845	7.894482
32	89	2	4.003	26	55.845	-27.983181
32	90	2	4.003	26	55.845	89.910070
32	91	2	4.003	26	55.845	36.731007
32	92	2	4.003	26	55.845	44.783872
32	93	2	4.003	26	55.845	133.606120
32	94	2	4.003	26	55.845	160.344550
32	95	2	4.003	26	55.845	414.603295
32	97	2	4.003	26	55.845	9.189905
32	101	2	4.003	26	55.845	215.173398
33	33	2	4.003	2	4.003	14328.980663
33	34	2	4.003	2	4.003	1942.251679
33	35	2	4.003	2	4.003	12798.569313
33	36	2	4.003	2	4.003	9460.276646
33	37	2	4.003	2	4.003	54176.976511
33	38	2	4.003	2	4.003	1232.948600
33	39	2	4.003	2	4.003	199464.386306
33	40	2	4.003	2	4.003	-21933.998304
33	41	2	4.003	2	4.003	100960.211191
33	42	2	4.003	2	4.003	49691.265866
33	43	2	4.003	2	4.003	86918.173349
33	44	2	4.003	2	4.003	-2513.962957
33	46	2	4.003	2	4.003	8072.295506
33	47	2	4.003	2	4.003	33772.768135
33	48	2	4.003	2	4.003	68670.941358
33	49	2	4.003	2	4.003	54605.744416
33	50	2	4.003	2	4.003	70608.087798
33	51	2	4.003	2	4.003	96032.570224
33	57	2	4.003	8	15.999	48.600003
33	58	2	4.003	8	15.999	161.284124
33	59	2	4.003	8	15.999	196.975269
33	60	2	4.003	8	15.999	141.486744
33	61	2	4.003	8	15.999	94.826490
33	62	2	4.003	8	15.999	43.837374
33	63	2	4.003	8	15.999	15.204653
33	64	2	4.003	8	15.999	2.373320
33	65	2	4.003	8	15.999	56.470193
33	66	2	4.003	8	15.999	-294.908019
33	67	2	4.003	8	15.999	859.515954
33	68	2	4.003	8	15.999	521.639720
33	69	2	4.003	8	15.999	3522.611953
33	70	2	4.003	8	15.999	1181.905419
33	71	2	4.003	8	15.999	5560.265762
33	72	2	4.003	8	15.999	1593.133139
33	73	2	4.003	8	15.999	4678.208593
33	74	2	4.003	8	15.999	620.803589
33	75	2	4.003	8	15.999	-361.138176
33	76	2	4.003	8	15.999	1295.782997
33	77	2	4.003	8	15.999	2053.314780
33	78	2	4.003	8	15.999	3017.871178
33	79	2	4.003	8	15.999	939.794526
33	84	2	4.003	26	55.845	16.146861
33	85	2	4.003	26	55.845	9.483691
33	86	2	4.003	26	55.845	7.070372
33	87	2	4.003	26	55.845	-0.152171
33	88	2	4.003	26	55.845	8.652464
33	89	2	4.003	26	55.845	-19.268535
33	90	2	4.003	26	55.845	114.601958
33	91	2	4.003	26	55.845	194.142345
33	92	2	4.003	26	55.845	-3.899890
33	93	2	4.003	26	55.845	261.339625
33	94	2	4.003	26	55.845	207.313522
33	95	2	4.003	26	55.845	690.081079
33	97	2	4.003	26	55.845	15.169715
33	101	2	4.003	26	55.845	345.415402
34	34	2	4.003	2	4.003	10084.130094
34	35	2	4.003	2	4.003	-2085.119517
34	36	2	4.003	2	4.003	25524.393293
34	37	2	4.003	2	4.003	13657.257741
34	38	2	4.003	2	4.003	42479.378086
34	39	2	4.003	2	4.003	86597.831365
34	40	2	4.003	2	4.003	43826.743357
34	41	2	4.003	2	4.003	38014.737533
34	42	2	4.003	2	4.003	68771.577939
34	43	2	4.003	2	4.003	60235.328694
34	44	2	4.003	2	4.003	4472.703930
34	46	2	4.003	2	4.003	5665.310518
34	47	2	4.003	2	4.003	29774.689562
34	48	2	4.003	2	4.003	57331.465500
34	49	2	4.003	2	4.003	46543.367244
34	50	2	4.003	2	4.003	60025.123475
34	51	2	4.003	2	4.003	81145.594758
34	57	2	4.003	8	15.999	19.365437
34	58	2	4.003	8	15.999	64.280914
34	59	2	4.003	8	15.999	78.621681
34	60	2	4.003	8	15.999	56.682462
34	61	2	4.003	8	15.999	38.214442
34	62	2	4.003	8	15.999	18.653226
34	63	2	4.003	8	15.999	6.928785
34	64	2	4.003	8	15.999	8.207338
34	65	2	4.003	8	15.999	19.822159
34	66	2	4.003	8	15.999	-37.825323
34	67	2	4.003	8	15.999	77.535366
34	68	2	4.003	8	15.999	2398.271926
34	69	2	4.003	8	15.999	1852.751194
34	70	2	4.003	8	15.999	1612.717528
34	71	2	4.003	8	15.999	4077.603762
34	72	2	4.003	8	15.999	1513.243658
34	73	2	4.003	8	15.999	3841.724063
34	74	2	4.003	8	15.999	525.647523
34	75	2	4.003	8	15.999	-313.115199
34	76	2	4.003	8	15.999	987.073006
34	77	2	4.003	8	15.999	1597.313445
34	78	2	4.003	8	15.999	2393.722559
34	79	2	4.003	8	15.999	795.866821
34	84	2	4.003	26	55.845	6.468112
34	85	2	4.003	26	55.845	3.789983
34	86	2	4.003	26	55.845	3.007363
34	87	2	4.003	26	55.845	0.202593
34	88	2	4.003	26	55.845	4.812998
34	89	2	4.003	26	55.845	-9.288497
34	90	2	4.003	26	55.845	97.109059
34	91	2	4.003	26	55.845	57.712861
34	92	2	4.003	26	55.845	54.280993
34	93	2	4.003	26	55.845	176.202626
34	94	2	4.003	26	55.845	203.274242
34	95	2	4.003	26	55.845	565.960216
34	97	2	4.003	26	55.845	12.876938
34	101	2	4.003	26	55.845	292.689933
35	35	2	4.003	2	4.003	28987.509073
35	36	2	4.003	2	4.003	-10238.146533
35	37	2	4.003	2	4.003	113889.738573
35	38	2	4.003	2	4.003	-51052.010626
35	39	2	4.003	2	4.003	375396.626794
35	40	2	4.003	2	4.003	-108553.899451
35	41	2	4.003	2	4.003	198769.068938
35	42	2	4.003	2	4.003	34759.050875
35	43	2	4.003	2	4.003	136572.281810
35	44	2	4.003	2	4.003	-11592.671991
35	46	2	4.003	2	4.003	12846.798095
35	47	2	4.003	2	4.003	44847.503219
35	48	2	4.003	2	4.003	95757.573603
35	49	2	4.003	2	4.003	74854.400386
35	50	2	4.003	2	4.003	96283.802455
35	51	2	4.003	2	4.003	133096.597956
35	57	2	4.003	8	15.999	4.985878
35	58	2	4.003	8	15.999	16.312612
35	59	2	4.003	8	15.999	22.076253
35	60	2	4.003	8	15.999	16.538575
35	61	2	4.003	8	15.999	13.591659
35	62	2	4.003	8	15.999	10.483327
35	63	2	4.003	8	15.999	12.875913
35	64	2	4.003	8	15.999	18.681638
35	65	2	4.003	8	15.999	140.826011
35	66	2	4.003	8	15.999	-562.753115
35	67	2	4.003	8	15.999	2119.167068
35	68	2	4.003	8	15.999	-2094.157402
35	69	2	4.003	8	15.999	6499.031031
35	70	2	4.003	8	15.999	800.667217
35	71	2	4.003	8	15.999	8621.981863
35	72	2	4.003	8	15.999	1984.488526
35	73	2	4.003	8	15.999	6643.108189
35	74	2	4.003	8	15.999	869.463925
35	75	2	4.003	8	15.999	-493.964852
35	76	2	4.003	8	15.999	2028.815248
35	77	2	4.003	8	15.999	3078.584930
35	78	2	4.003	8	15.999	4464.204401
35	79	2	4.003	8	15.999	1323.650223
35	84	2	4.003	26	55.845	1.913641
35	85	2	4.003	26	55.845	1.004080
35	86	2	4.003	26	55.845	1.831610
35	87	2	4.003	26	55.845	1.046426
35	88	2	4.003	26	55.845	9.601928
35	89	2	4.003	26	55.845	-6.437082
35	90	2	4.003	26	55.845	125.284063
35	91	2	4.003	26	55.845	458.428837
35	92	2	4.003	26	55.845	-115.120952
35	93	2	4.003	26	55.845	423.929032
35	94	2	4.003	26	55.845	211.922809
35	95	2	4.003	26	55.845	959.006644
35	97	2	4.003	26	55.845	20.665938
35	101	2	4.003	26	55.845	461.993610
36	36	2	4.003	2	4.003	154327.197953
36	37	2	4.003	2	4.003	-91762.324082
36	38	2	4.003	2	4.003	359050.166211
36	39	2	4.003	2	4.003	-45082.540727
36	40	2	4.003	2	4.003	464692.080338
36	41	2	4.003	2	4.003	-73413.802588
36	42	2	4.003	2	4.003	395343.071079
36	43	2	4.003	2	4.003	173855.482440
36	44	2	4.003	2	4.003	48459.296950
36	46	2	4.003	2	4.003	16673.506522
36	47	2	4.003	2	4.003	122530.512705
36	48	2	4.003	2	4.003	221252.382357
36	49	2	4.003	2	4.003	184222.381590
36	50	2	4.003	2	4.003	236992.871313
36	51	2	4.003	2	4.003	317706.872971
36	57	2	4.003	8	15.999	-1.884246
36	58	2	4.003	8	15.999	-6.151571
36	59	2	4.003	8	15.999	-6.674036
36	60	2	4.003	8	15.999	-3.500093
36	61	2	4.003	8	15.999	-1.338313
36	62	2	4.003	8	15.999	5.733946
36	63	2	4.003	8	15.999	2.414913
36	64	2	4.003	8	15.999	51.787134
36	65	2	4.003	8	15.999	-67.645823
36	66	2	4.003	8	15.999	841.974518
36	67	2	4.003	8	15.999	-2788.623959
36	68	2	4.003	8	15.999	18706.267938
36	69	2	4.003	8	15.999	1910.191055
36	70	2	4.003	8	15.999	9225.285872
36	71	2	4.003	8	15.999	13011.061277
36	72	2	4.003	8	15.999	6720.398674
36	73	2	4.003	8	15.999	14510.525379
36	74	2	4.003	8	15.999	2062.235795
36	75	2	4.003	8	15.999	-1263.055598
36	76	2	4.003	8	15.999	3334.361772
36	77	2	4.003	8	15.999	5593.219175
36	78	2	4.003	8	15.999	8618.930598
36	79	2	4.003	8	15.999	3116.876462
36	84	2	4.003	26	55.845	-0.381126
36	85	2	4.003	26	55.845	-0.243459
36	86	2	4.003	26	55.845	0.989626
36	87	2	4.003	26	55.845	2.047053
36	88	2	4.003	26	55.845	7.758954
36	89	2	4.003	26	55.845	-11.428832
36	90	2	4.003	26	55.845	388.021023
36	91	2	4.003	26	55.845	-289.808560
36	92	2	4.003	26	55.845	492.252080
36	93	2	4.003	26	55.845	476.970660
36	94	2	4.003	26	55.845	936.618430
36	95	2	4.003	26	55.845	2136.185971
36	97	2	4.003	26	55.845	50.728976
36	101	2	4.003	26	55.845	1153.262992
37	37	2	4.003	2	4.003	1420804.262493
37	38	2	4.003	2	4.003	-1170069.629318
37	39	2	4.003	2	4.003	4500893.607320
37	40	2	4.003	2	4.003	-2079389.184528
37	41	2	4.003	2	4.003	2469617.676610
37	42	2	4.003	2	4.003	-272110.497659
37	43	2	4.003	2	4.003	1312224.926776
37	44	2	4.003	2	4.003	-220073.827852
37	46	2	4.003	2	4.003	123077.351011
37	47	2	4.003	2	4.003	317942.756171
37	48	2	4.003	2	4.003	748074.973216
37	49	2	4.003	2	4.003	565758.646892
37	50	2	4.003	2	4.003	726243.995002
37	51	2	4.003	2	4.003	1023142.887126
37	57	2	4.003	8	15.999	0.173526
37	58	2	4.003	8	15.999	-2.707922
37	59	2	4.003	8	15.999	24.254450
37	60	2	4.003	8	15.999	24.354842
37	61	2	4.003	8	15.999	47.699286
37	62	2	4.003	8	15.999	67.743322
37	63	2	4.003	8	15.999	143.666791
37	64	2	4.003	8	15.999	167.202663
37	65	2	4.003	8	15.999	1860.401639
37	66	2	4.003	8	15.999	-8247.634124
37	67	2	4.003	8	15.999	30198.692765
37	68	2	4.003	8	15.999	-57121.474532
37	69	2	4.003	8	15.999	73610.530466
37	70	2	4.003	8	15.999	-6483.475862
37	71	2	4.003	8	15.999	79509.543767
37	72	2	4.003	8	15.999	11856.238038
37	73	2	4.003	8	15.999	53409.516327
37	74	2	4.003	8	15.999	6745.384469
37	75	2	4.003	8	15.999	-3662.436313
37	76	2	4.003	8	15.999	18364.129848
37	77	2	4.003	8	15.999	26842.403549
37	78	2	4.003	8	15.999	38016.650346
37	79	2	4.003	8	15.999	10252.282590
37	84	2	4.003	26	55.845	3.123394
37	85	2	4.003	26	55.845	0.343227
37	86	2	4.003	26	55.845	12.826808
37	87	2	4.003	26	55.845	11.403826
37	88	2	4.003	26	55.845	102.887527
37	89	2	4.003	26	55.845	-36.824616
37	90	2	4.003	26	55.845	812.297798
37	91	2	4.003	26	55.845	5950.621265
37	92	2	4.003	26	55.845	-2223.508847
37	93	2	4.003	26	55.845	4188.177291
37	94	2	4.003	26	55.845	854.719887
37	95	2	4.003	26	55.845	7610.576337
37	97	2	4.003	26	55.845	155.981341
37	101	2	4.003	26	55.845	3449.693447
38	38	2	4.003	2	4.003	15999222.234881
38	39	2	4.003	2	4.003	-17224018.803368
38	40	2	4.003	2	4.003	29306725.697375
38	41	2	4.003	2	4.003	-11510983.800607
38	42	2	4.003	2	4.003	19893559.810893
38	43	2	4.003	2	4.003	4106770.783713
38	44	2	4.003	2	4.003	3059318.234520
38	46	2	4.003	2	4.003	405127.096891
38	47	2	4.003	2	4.003	4869444.984438
38	48	2	4.003	2	4.003	8220436.760867
38	49	2	4.003	2	4.003	7005128.011709
38	50	2	4.003	2	4.003	9168521.623142
38	51	2	4.003	2	4.003	11894927.141715
38	57	2	4.003	8	15.999	0.941870
38	58	2	4.003	8	15.999	5.232307
38	59	2	4.003	8	15.999	72.422090
38	60	2	4.003	8	15.999	103.191168
38	61	2	4.003	8	15.999	84.281584
38	62	2	4.003	8	15.999	330.972088
38	63	2	4.003	8	15.999	-57.702938
38	64	2	4.003	8	15.999	2846.018805
38	65	2	4.003	8	15.999	-7946.951648
38	66	2	4.003	8	15.999	91014.526867
38	67	2	4.003	8	15.999	-275675.424362
38	68	2	4.003	8	15.999	1110139.216899
38	69	2	4.003	8	15.999	-169620.686502
38	70	2	4.003	8	15.999	457227.295182
38	71	2	4.003	8	15.999	341918.235336
38	72	2	4.003	8	15.999	273380.876519
38	73	2	4.003	8	15.999	515497.396566
38	74	2	4.003	8	15.999	73873.949499
38	75	2	4.003	8	15.999	-47640.353933
38	76	2	4.003	8	15.999	80726.791624
38	77	2	4.003	8	15.999	162660.253818
38	78	2	4.003	8	15.999	267900.084657
38	79	2	4.003	8	15.999	115399.622087
38	84	2	4.003	26	55.845	0.344927
38	85	2	4.003	26	55.845	11.617064
38	86	2	4.003	26	55.845	18.094612
38	87	2	4.003	26	55.845	107.509494
38	88	2	4.003	26	55.845	-128.028177
38	89	2	4.003	26	55.845	537.678266
38	90	2	4.003	26	55.845	17344.980878
38	91	2	4.003	26	55.845	-36566.271145
38	92	2	4.003	26	55.845	32686.982748
38	93	2	4.003	26	55.845	8278.182318
38	94	2	4.003	26	55.845	43278.421498
38	95	2	4.003	26	55.845	77690.535069
38	97	2	4.003	26	55.845	1928.377270
38	101	2	4.003	26	55.845	44836.086996
39	39	2	4.003	2	4.003	110629384.198900
39	40	2	4.003	2	4.003	-120926963.691343
39	41	2	4.003	2	4.003	76715452.461380
39	42	2	4.003	2	4.003	-62085042.512524
39	43	2	4.003	2	4.003	12290887.478292
39	44	2	4.003	2	4.003	-12146033.106881
39	46	2	4.003	2	4.003	1506168.564596
39	47	2	4.003	2	4.003	-8372355.502406
39	48	2	4.003	2	4.003	-9563001.907445
39	49	2	4.003	2	4.003	-9556215.849961
39	50	2	4.003	2	4.003	-13431159.804707
39	51	2	4.003	2	4.003	-14867512.779967
39	57	2	4.003	8	15.999	7.600999
39	58	2	4.003	8	15.999	-17.627940
39	59	2	4.003	8	15.999	259.390047
39	60	2	4.003	8	15.999	204.617218
39	61	2	4.003	8	15.999	451.871086
39	62	2	4.003	8	15.999	412.166904
39	63	2	4.003	8	15.999	1662.260223
39	64	2	4.003	8	15.999	-1150.364739
39	65	2	4.003	8	15.999	26774.782800
39	66	2	4.003	8	15.999	-291374.307080
39	67	2	4.003	8	15.999	1380088.599168
39	68	2	4.003	8	15.999	-3768149.963233
39	69	2	4.003	8	15.999	1754419.111124
39	70	2	4.003	8	15.999	-1309257.878277
39	71	2	4.003	8	15.999	512567.541038
39	72	2	4.003	8	15.999	-526378.628386
39	73	2	4.003	8	15.999	-427772.622069
39	74	2	4.003	8	15.999	-73690.710108
39	75	2	4.003	8	15.999	63385.502759
39	76	2	4.003	8	15.999	211274.883983
39	77	2	4.003	8	15.999	133450.942915
39	78	2	4.003	8	15.999	57416.730500
39	79	2	4.003	8	15.999	-136380.474836
39	84	2	4.003	26	55.845	78.015862
39	85	2	4.003	26	55.845	-29.033020
39	86	2	4.003	26	55.845	217.380035
39	87	2	4.003	26	55.845	-166.015736
39	88	2	4.003	26	55.845	2998.721447
39	89	2	4.003	26	55.845	-6137.508625
39	90	2	4.003	26	55.845	19897.638983
39	91	2	4.003	26	55.845	173151.341001
39	92	2	4.003	26	55.845	-97740.728794
39	93	2	4.003	26	55.845	42588.317347
39	94	2	4.003	26	55.845	-92859.686434
39	95	2	4.003	26	55.845	-82011.971015
39	97	2	4.003	26	55.845	-2584.892648
39	101	2	4.003	26	55.845	-66930.325168
40	40	2	4.003	2	4.003	514375139.460520
40	41	2	4.003	2	4.003	-188998280.167730
40	42	2	4.003	2	4.003	366369711.537310
40	43	2	4.003	2	4.003	81678273.050768
40	44	2	4.003	2	4.003	50050901.711759
40	46	2	4.003	2	4.003	4902596.365303
40	47	2	4.003	2	4.003	92826695.840595
40	48	2	4.003	2	4.003	152955908.680580
40	49	2	4.003	2	4.003	131145707.887594
40	50	2	4.003	2	4.003	173046344.164070
40	51	2	4.003	2	4.003	222262810.864098
40	57	2	4.003	8	15.999	-22.491100
40	58	2	4.003	8	15.999	-52.823912
40	59	2	4.003	8	15.999	-484.713168
40	60	2	4.003	8	15.999	-525.245053
40	61	2	4.003	8	15.999	-574.769700
40	62	2	4.003	8	15.999	-1379.455036
40	63	2	4.003	8	15.999	-747.395213
40	64	2	4.003	8	15.999	-9003.621726
40	65	2	4.003	8	15.999	13014.205753
40	66	2	4.003	8	15.999	152898.938044
40	67	2	4.003	8	15.999	-4267564.520962
40	68	2	4.003	8	15.999	16030873.105946
40	69	2	4.003	8	15.999	-1613071.929135
40	70	2	4.003	8	15.999	7672029.753534
40	71	2	4.003	8	15.999	7037004.500957
40	72	2	4.003	8	15.999	5063975.629133
40	73	2	4.003	8	15.999	9455167.848947
40	74	2	4.003	8	15.999	1359656.161624
40	75	2	4.003	8	15.999	-878231.681374
40	76	2	4.003	8	15.999	1249533.508420
40	77	2	4.003	8	15.999	2765051.045776
40	78	2	4.003	8	15.999	4691615.092390
40	79	2	4.003	8	15.999	2164638.016453
40	84	2	4.003	26	55.845	-55.240012
40	85	2	4.003	26	55.845	42.400983
40	86	2	4.003	26	55.845	-109.796822
40	87	2	4.003	26	55.845	336.187283
40	88	2	4.003	26	55.845	-2808.507278
40	89	2	4.003	26	55.845	14286.832993
40	90	2	4.003	26	55.845	-118941.224720
40	91	2	4.003	26	55.845	-250521.134353
40	92	2	4.003	26	55.845	268993.739601
40	93	2	4.003	26	55.845	284327.909181
40	94	2	4.003	26	55.845	668036.063739
40	95	2	4.003	26	55.845	1486991.901242
40	97	2	4.003	26	55.845	36009.845168
40	101	2	4.003	26	55.845	845320.074804
41	41	2	4.003	2	4.003	968547001.021894
41	42	2	4.003	2	4.003	-543944269.913907
41	43	2	4.003	2	4.003	361876100.805190
41	44	2	4.003	2	4.003	-152875699.139558
41	46	2	4.003	2	4.003	29552100.820943
41	47	2	4.003	2	4.003	-366455.764727
41	48	2	4.003	2	4.003	76849679.063895
41	49	2	4.003	2	4.003	28197825.154586
41	50	2	4.003	2	4.003	72034245.204997
41	51	2	4.003	2	4.003	67166780.541347
41	57	2	4.003	8	15.999	18.971410
41	58	2	4.003	8	15.999	-43.772265
41	59	2	4.003	8	15.999	914.002976
41	60	2	4.003	8	15.999	858.757493
41	61	2	4.003	8	15.999	1385.686237
41	62	2	4.003	8	15.999	2213.123400
41	63	2	4.003	8	15.999	3417.372408
41	64	2	4.003	8	15.999	8293.349692
41	65	2	4.003	8	15.999	29712.918302
41	66	2	4.003	8	15.999	8828.482914
41	67	2	4.003	8	15.999	4099326.258836
41	68	2	4.003	8	15.999	-32199879.308735
41	69	2	4.003	8	15.999	24113115.899585
41	70	2	4.003	8	15.999	-13929773.256792
41	71	2	4.003	8	15.999	13751450.957225
41	72	2	4.003	8	15.999	-3948843.770892
41	73	2	4.003	8	15.999	5159584.802545
41	74	2	4.003	8	15.999	-546762.726166
41	75	2	4.003	8	15.999	190999.733664
41	76	2	4.003	8	15.999	-372501.649373
41	77	2	4.003	8	15.999	771092.915541
41	78	2	4.003	8	15.999	1232222.761197
41	79	2	4.003	8	15.999	765595.255358
41	84	2	4.003	26	55.845	79.975054
41	85	2	4.003	26	55.845	20.510288
41	86	2	4.003	26	55.845	296.654874
41	87	2	4.003	26	55.845	344.633091
41	88	2	4.003	26	55.845	1856.007617
41	89	2	4.003	26	55.845	-664.409149
41	90	2	4.003	26	55.845	38509.678455
41	91	2	4.003	26	55.845	763215.305160
41	92	2	4.003	26	55.845	-533737.038083
41	93	2	4.003	26	55.845	484640.730114
41	94	2	4.003	26	55.845	-206614.703090
41	95	2	4.003	26	55.845	565538.501008
41	97	2	4.003	26	55.845	12557.490982
41	101	2	4.003	26	55.845	278964.930910
42	42	2	4.003	2	4.003	1607462439.048346
42	43	2	4.003	2	4.003	-636558167.498055
42	44	2	4.003	2	4.003	417491066.200219
42	46	2	4.003	2	4.003	-59941609.704341
42	47	2	4.003	2	4.003	160559981.332165
42	48	2	4.003	2	4.003	128468864.997883
42	49	2	4.003	2	4.003	167741320.507709
42	50	2	4.003	2	4.003	164131111.509139
42	51	2	4.003	2	4.003	261094004.963538
42	57	2	4.003	8	15.999	-10.930061
42	58	2	4.003	8	15.999	-138.748675
42	59	2	4.003	8	15.999	418.901026
42	60	2	4.003	8	15.999	261.701674
42	61	2	4.003	8	15.999	785.143202
42	62	2	4.003	8	15.999	552.829783
42	63	2	4.003	8	15.999	2811.495826
42	64	2	4.003	8	15.999	-3316.844725
42	65	2	4.003	8	15.999	53134.212441
42	66	2	4.003	8	15.999	68434.640327
42	67	2	4.003	8	15.999	-2138720.830746
42	68	2	4.003	8	15.999	19965591.421408
42	69	2	4.003	8	15.999	-33821481.662916
42	70	2	4.003	8	15.999	36671175.219658
42	71	2	4.003	8	15.999	-8880020.843516
42	72	2	4.003	8	15.999	15491903.724500
42	73	2	4.003	8	15.999	8555821.821276
42	74	2	4.003	8	15.999	2914879.743237
42	75	2	4.003	8	15.999	-1580736.586871
42	76	2	4.003	8	15.999	3635690.047433
42	77	2	4.003	8	15.999	4530577.316063
42	78	2	4.003	8	15.999	6979689.635748
42	79	2	4.003	8	15.999	2408080.464125
42	84	2	4.003	26	55.845	193.648649
42	85	2	4.003	26	55.845	9.233838
42	86	2	4.003	26	55.845	650.722438
42	87	2	4.003	26	55.845	585.043204
42	88	2	4.003	26	55.845	4030.982691
42	89	2	4.003	26	55.845	-5004.520217
42	90	2	4.003	26	55.845	199847.761782
42	91	2	4.003	26	55.845	120726.409083
42	92	2	4.003	26	55.845	1185154.603842
42	93	2	4.003	26	55.845	-518805.344421
42	94	2	4.003	26	55.845	1548385.598196
42	95	2	4.003	26	55.845	1413697.397240
42	97	2	4.003	26	55.845	41293.873935
42	101	2	4.003	26	55.845	908260.340436
43	43	2	4.003	2	4.003	1679076399.979873
43	44	2	4.003	2	4.003	-629805556.260427
43	46	2	4.003	2	4.003	197250370.242593
43	47	2	4.003	2	4.003	-2099257.657068
43	48	2	4.003	2	4.003	228111460.134599
43	49	2	4.003	2	4.003	109586793.042498
43	50	2	4.003	2	4.003	212442586.326304
43	51	2	4.003	2	4.003	224139088.628831
43	57	2	4.003	8	15.999	-2.384990
43	58	2	4.003	8	15.999	-114.488261
43	59	2	4.003	8	15.999	753.967830
43	60	2	4.003	8	15.999	678.590268
43	61	2	4.003	8	15.999	1178.603095
43	62	2	4.003	8	15.999	1776.901733
43	63	2	4.003	8	15.999	3030.525561
43	64	2	4.003	8	15.999	5838.413641
43	65	2	4.003	8	15.999	32170.384957
43	66	2	4.003	8	15.999	184587.751088
43	67	2	4.003	8	15.999	-340045.079902
43	68	2	4.003	8	15.999	853787.029097
43	69	2	4.003	8	15.999	24561285.030791
43	70	2	4.003	8	15.999	-53285482.911330
43	71	2	4.003	8	15.999	37531655.757569
43	72	2	4.003	8	15.999	-23143740.524053
43	73	2	4.003	8	15.999	12890981.824236
43	74	2	4.003	8	15.999	479188.673082
43	75	2	4.003	8	15.999	-293200.366183
43	76	2	4.003	8	15.999	1090621.794348
43	77	2	4.003	8	15.999	3978300.251263
43	78	2	4.003	8	15.999	6248227.301725
43	79	2	4.003	8	15.999	2487710.822117
43	84	2	4.003	26	55.845	222.084573
43	85	2	4.003	26	55.845	23.839444
43	86	2	4.003	26	55.845	760.768319
43	87	2	4.003	26	55.845	728.760715
43	88	2	4.003	26	55.845	4893.730352
43	89	2	4.003	26	55.845	-6117.249491
43	90	2	4.003	26	55.845	234290.373835
43	91	2	4.003	26	55.845	521323.750571
43	92	2	4.003	26	55.845	-805107.924653
43	93	2	4.003	26	55.845	3204195.391193
43	94	2	4.003	26	55.845	-516544.878794
43	95	2	4.003	26	55.845	3394391.181358
43	97	2	4.003	26	55.845	30681.999916
43	101	2	4.003	26	55.845	869414.800134
44	44	2	4.003	2	4.003	1036021504.785851
44	46	2	4.003	2	4.003	-160899587.226971
44	47	2	4.003	2	4.003	101282768.655592
44	48	2	4.003	2	4.003	-29184994.421106
44	49	2	4.003	2	4.003	4239935.086465
44	50	2	4.003	2	4.003	4738913.524376
44	51	2	4.003	2	4.003	19135739.438398
44	57	2	4.003	8	15.999	-0.795536
44	58	2	4.003	8	15.999	-18.142475
44	59	2	4.003	8	15.999	60.168715
44	60	2	4.003	8	15.999	34.225027
44	61	2	4.003	8	15.999	116.887990
44	62	2	4.003	8	15.999	61.521841
44	63	2	4.003	8	15.999	451.556527
44	64	2	4.003	8	15.999	-720.493858
44	65	2	4.003	8	15.999	8529.990221
44	66	2	4.003	8	15.999	-5226.403667
44	67	2	4.003	8	15.999	-265963.214738
44	68	2	4.003	8	15.999	4036992.860327
44	69	2	4.003	8	15.999	-10613334.729265
44	70	2	4.003	8	15.999	19641658.176470
44	71	2	4.003	8	15.999	-35316023.584251
44	72	2	4.003	8	15.999	6230383.559687
44	73	2	4.003	8	15.999	768252.661547
44	74	2	4.003	8	15.999	-738777.157433
44	75	2	4.003	8	15.999	718711.070362
44	76	2	4.003	8	15.999	-196695.547679
44	77	2	4.003	8	15.999	428754.952708
44	78	2	4.003	8	15.999	-248100.299509
44	79	2	4.003	8	15.999	89985.680594
44	84	2	4.003	26	55.845	55.137550
44	85	2	4.003	26	55.845	-6.381270
44	86	2	4.003	26	55.845	170.955089
44	87	2	4.003	26	55.845	76.559158
44	88	2	4.003	26	55.845	1411.237214
44	89	2	4.003	26	55.845	-3901.914311
44	90	2	4.003	26	55.845	75253.197813
44	91	2	4.003	26	55.845	7398.631989
44	92	2	4.003	26	55.845	546916.892637
44	93	2	4.003	26	55.845	-713063.697616
44	94	2	4.003	26	55.845	2828460.078442
44	95	2	4.003	26	55.845	-152865.695902
44	97	2	4.003	26	55.845	11697.631170
44	101	2	4.003	26	55.845	38744.362568
46	46	2	4.003	2	4.003	4424870100.035412
46	47	2	4.003	2	4.003	-1158828906.447329
46	48	2	4.003	2	4.003	-93358627.101418
46	49	2	4.003	2	4.003	893861529.274207
46	50	2	4.003	2	4.003	-550770158.892210
46	51	2	4.003	2	4.003	74623914.128301
46	57	2	4.003	8	15.999	3.741402
46	58	2	4.003	8	15.999	-6.846513
46	59	2	4.003	8	15.999	163.323931
46	60	2	4.003	8	15.999	154.617830
46	61	2	4.003	8	15.999	257.140146
46	62	2	4.003	8	15.999	403.868476
46	63	2	4.003	8	15.999	646.009192
46	64	2	4.003	8	15.999	1450.239493
46	65	2	4.003	8	15.999	6022.100920
46	66	2	4.003	8	15.999	32368.006855
46	67	2	4.003	8	15.999	27486.468649
46	68	2	4.003	8	15.999	1987234.660493
46	69	2	4.003	8	15.999	149177.825155
46	70	2	4.003	8	15.999	-3237809.036964
46	71	2	4.003	8	15.999	-502617.746675
46	72	2	4.003	8	15.999	18690277.018580
46	73	2	4.003	8	15.999	-91991352.889874
46	74	2	4.003	8	15.999	70626879.002696
46	75	2	4.003	8	15.999	-47710906.984050
46	76	2	4.003	8	15.999	36945642.479619
46	77	2	4.003	8	15.999	-6092309.179819
46	78	2	4.003	8	15.999	10071945.338551
46	79	2	4.003	8	15.999	2394662.604231
46	84	2	4.003	26	55.845	44.849860
46	85	2	4.003	26	55.845	-8.797525
46	86	2	4.003	26	55.845	136.805016
46	87	2	4.003	26	55.845	27.139744
46	88	2	4.003	26	55.845	1305.073883
46	89	2	4.003	26	55.845	-4021.177789
46	90	2	4.003	26	55.845	67360.191342
46	91	2	4.003	26	55.845	-72168.348739
46	92	2	4.003	26	55.845	279860.920761
46	93	2	4.003	26	55.845	-128969.666426
46	94	2	4.003	26	55.845	1398602.840605
46	95	2	4.003	26	55.845	-1765606.866894
46	97	2	4.003	26	55.845	-236392.483637
46	101	2	4.003	26	55.845	19190.845395
47	47	2	4.003	2	4.003	6026944866.508462
47	48	2	4.003	2	4.003	-569339626.602817
47	49	2	4.003	2	4.003	-1696403965.977802
47	50	2	4.003	2	4.003	1720748253.030721
47	51	2	4.003	2	4.003	456672038.701542
47	57	2	4.003	8	15.999	-7.238570
47	58	2	4.003	8	15.999	-70.528665
47	59	2	4.003	8	15.999	245.639955
47	60	2	4.003	8	15.999	191.854285
47	61	2	4.003	8	15.999	401.558599
47	62	2	4.003	8	15.999	479.119375
47	63	2	4.003	8	15.999	1182.764454
47	64	2	4.003	8	15.999	576.369440
47	65	2	4.003	8	15.999	17194.869555
47	66	2	4.003	8	15.999	56924.004750
47	67	2	4.003	8	15.999	-450150.024752
47	68	2	4.003	8	15.999	1478454.008021
47	69	2	4.003	8	15.999	2581875.148114
47	70	2	4.003	8	15.999	459307.686793
47	71	2	4.003	8	15.999	2894510.394583
47	72	2	4.003	8	15.999	4765462.733107
47	73	2	4.003	8	15.999	-1595191.581279
47	74	2	4.003	8	15.999	-164368482.862428
47	75	2	4.003	8	15.999	112202967.051779
47	76	2	4.003	8	15.999	-93629300.594228
47	77	2	4.003	8	15.999	24750855.846856
47	78	2	4.003	8	15.999	-22992749.983872
47	79	2	4.003	8	15.999	-2233798.098136
47	84	2	4.003	26	55.845	86.684372
47	85	2	4.003	26	55.845	21.897322
47	86	2	4.003	26	55.845	312.377681
47	87	2	4.003	26	55.845	406.495375
47	88	2	4.003	26	55.845	1515.882682
47	89	2	4.003	26	55.845	508.822345
47	90	2	4.003	26	55.845	73396.723341
47	91	2	4.003	26	55.845	350386.584228
47	92	2	4.003	26	55.845	-231711.323813
47	93	2	4.003	26	55.845	837980.889067
47	94	2	4.003	26	55.845	-802270.738823
47	95	2	4.003	26	55.845	3711868.367585
47	97	2	4.003	26	55.845	1693760.888056
47	101	2	4.003	26	55.845	1875558.894301
48	48	2	4.003	2	4.003	6201290208.025893
48	49	2	4.003	2	4.003	1410366064.332573
48	50	2	4.003	2	4.003	-1323611831.271067
48	51	2	4.003	2	4.003	116952187.119249
48	57	2	4.003	8	15.999	4.302860
48	58	2	4.003	8	15.999	-98.184265
48	59	2	4.003	8	15.999	707.485503
48	60	2	4.003	8	15.999	592.313956
48	61	2	4.003	8	15.999	1164.121703
48	62	2	4.003	8	15.999	1461.909394
48	63	2	4.003	8	15.999	3371.739803
48	64	2	4.003	8	15.999	2418.146055
48	65	2	4.003	8	15.999	45454.543617
48	66	2	4.003	8	15.999	87926.678890
48	67	2	4.003	8	15.999	-149151.226785
48	68	2	4.003	8	15.999	5880700.949204
48	69	2	4.003	8	15.999	6174332.804854
48	70	2	4.003	8	15.999	1262567.298622
48	71	2	4.003	8	15.999	20038303.763067
48	72	2	4.003	8	15.999	-4803775.844992
48	73	2	4.003	8	15.999	65620289.601029
48	74	2	4.003	8	15.999	-84527216.235606
48	75	2	4.003	8	15.999	-130461815.224018
48	76	2	4.003	8	15.999	124819034.041911
48	77	2	4.003	8	15.999	-17466174.456384
48	78	2	4.003	8	15.999	57875899.214136
48	79	2	4.003	8	15.999	6105840.730448
48	84	2	4.003	26	55.845	199.983249
48	85	2	4.003	26	55.845	-4.339969
48	86	2	4.003	26	55.845	654.222580
48	87	2	4.003	26	55.845	444.562922
48	88	2	4.003	26	55.845	4826.083178
48	89	2	4.003	26	55.845	-9343.386281
48	90	2	4.003	26	55.845	230980.317052
48	91	2	4.003	26	55.845	59922.091765
48	92	2	4.003	26	55.845	394791.617075
48	93	2	4.003	26	55.845	9997.217093
48	94	2	4.003	26	55.845	1478704.979595
48	95	2	4.003	26	55.845	1507434.809929
48	97	2	4.003	26	55.845	2054078.122351
48	101	2	4.003	26	55.845	75668.608349
49	49	2	4.003	2	4.003	7373210842.322000
49	50	2	4.003	2	4.003	-1465156563.531980
49	51	2	4.003	2	4.003	607069461.167627
49	57	2	4.003	8	15.999	4.306650
49	58	2	4.003	8	15.999	-93.422551
49	59	2	4.003	8	15.999	708.888883
49	60	2	4.003	8	15.999	602.914113
49	61	2	4.003	8	15.999	1128.253339
49	62	2	4.003	8	15.999	1499.395631
49	63	2	4.003	8	15.999	3131.088275
49	64	2	4.003	8	15.999	3380.478590
49	65	2	4.003	8	15.999	38819.346795
49	66	2	4.003	8	15.999	104120.499509
49	67	2	4.003	8	15.999	-11053.188711
49	68	2	4.003	8	15.999	6333892.133370
49	69	2	4.003	8	15.999	1782049.762626
49	70	2	4.003	8	15.999	6760818.391206
49	71	2	4.003	8	15.999	106174.493156
49	72	2	4.003	8	15.999	41850580.658908
49	73	2	4.003	8	15.999	-47479922.165478
49	74	2	4.003	8	15.999	115288021.215900
49	75	2	4.003	8	15.999	-249623151.520097
49	76	2	4.003	8	15.999	74669249.790755
49	77	2	4.003	8	15.999	9902464.884260
49	78	2	4.003	8	15.999	45078681.389186
49	79	2	4.003	8	15.999	14743783.720868
49	84	2	4.003	26	55.845	149.213145
49	85	2	4.003	26	55.845	15.188531
49	86	2	4.003	26	55.845	511.603900
49	87	2	4.003	26	55.845	499.499021
49	88	2	4.003	26	55.845	3157.188981
49	89	2	4.003	26	55.845	-3387.718478
49	90	2	4.003	26	55.845	158456.830859
49	91	2	4.003	26	55.845	172734.114873
49	92	2	4.003	26	55.845	168793.935077
49	93	2	4.003	26	55.845	340656.572042
49	94	2	4.003	26	55.845	528392.777661
49	95	2	4.003	26	55.845	1920108.706992
49	97	2	4.003	26	55.845	1207508.690553
49	101	2	4.003	26	55.845	2605789.439044
50	50	2	4.003	2	4.003	22941801690.144783
50	51	2	4.003	2	4.003	-4546278066.980958
50	57	2	4.003	8	15.999	-26.811218
50	58	2	4.003	8	15.999	-111.054320
50	59	2	4.003	8	15.999	-29.350621
50	60	2	4.003	8	15.999	-64.661714
50	61	2	4.003	8	15.999	12.555519
50	62	2	4.003	8	15.999	-127.432166
50	63	2	4.003	8	15.999	236.954535
50	64	2	4.003	8	15.999	-1774.518292
50	65	2	4.003	8	15.999	12666.803525
50	66	2	4.003	8	15.999	119248.057838
50	67	2	4.003	8	15.999	-2555844.460101
50	68	2	4.003	8	15.999	2397116.688640
50	69	2	4.003	8	15.999	7144627.195615
50	70	2	4.003	8	15.999	-2820717.881712
50	71	2	4.003	8	15.999	20571974.831253
50	72	2	4.003	8	15.999	-15151692.899756
50	73	2	4.003	8	15.999	61521601.878761
50	74	2	4.003	8	15.999	-89147148.252320
50	75	2	4.003	8	15.999	253059428.119930
50	76	2	4.003	8	15.999	-961540370.819011
50	77	2	4.003	8	15.999	230797328.091036
50	78	2	4.003	8	15.999	-7215334.417874
50	79	2	4.003	8	15.999	19987724.043008
50	84	2	4.003	26	55.845	232.752178
50	85	2	4.003	26	55.845	9.653219
50	86	2	4.003	26	55.845	768.971605
50	87	2	4.003	26	55.845	623.242907
50	88	2	4.003	26	55.845	5289.382399
50	89	2	4.003	26	55.845	-8610.116589
50	90	2	4.003	26	55.845	247846.629154
50	91	2	4.003	26	55.845	419072.090023
50	92	2	4.003	26	55.845	39384.101487
50	93	2	4.003	26	55.845	670533.160321
50	94	2	4.003	26	55.845	504392.356261
50	95	2	4.003	26	55.845	3932407.616830
50	97	2	4.003	26	55.845	-869474.291140
50	101	2	4.003	26	55.845	5161064.635808
51	51	2	4.003	2	4.003	30471995461.496990
51	57	2	4.003	8	15.999	15.850414
51	58	2	4.003	8	15.999	-153.208212
51	59	2	4.003	8	15.999	1374.657551
51	60	2	4.003	8	15.999	1174.621449
51	61	2	4.003	8	15.999	2215.098156
51	62	2	4.003	8	15.999	2910.836762
51	63	2	4.003	8	15.999	6228.958459
51	64	2	4.003	8	15.999	6194.671232
51	65	2	4.003	8	15.999	77578.475153
51	66	2	4.003	8	15.999	147957.723782
51	67	2	4.003	8	15.999	761667.408116
51	68	2	4.003	8	15.999	9843527.229941
51	69	2	4.003	8	15.999	6467604.276687
51	70	2	4.003	8	15.999	6285685.663227
51	71	2	4.003	8	15.999	15002731.205702
51	72	2	4.003	8	15.999	27738755.100692
51	73	2	4.003	8	15.999	3745528.925218
51	74	2	4.003	8	15.999	20130596.751545
51	75	2	4.003	8	15.999	-24282236.498552
51	76	2	4.003	8	15.999	186084706.466900
51	77	2	4.003	8	15.999	-1024824481.910205
51	78	2	4.003	8	15.999	-571109982.067670
51	79	2	4.003	8	15.999	-159537940.953737
51	84	2	4.003	26	55.845	252.093231
51	85	2	4.003	26	55.845	13.429967
51	86	2	4.003	26	55.845	855.631944
51	87	2	4.003	26	55.845	747.848458
51	88	2	4.003	26	55.845	5647.571275
51	89	2	4.003	26	55.845	-8106.413627
51	90	2	4.003	26	55.845	273994.027670
51	91	2	4.003	26	55.845	275365.088170
51	92	2	4.003	26	55.845	262205.586280
51	93	2	4.003	26	55.845	652311.789159
51	94	2	4.003	26	55.845	812885.907835
51	95	2	4.003	26	55.845	4293330.316545
51	97	2	4.003	26	55.845	99956.013343
51	101	2	4.003	26	55.845	3835119.838878
57	57	8	15.999	8	15.999	3.845210
57	58	8	15.999	8	15.999	0.489455
57	59	8	15.999	8	15.999	3.838328
57	60	8	15.999	8	15.999	1.928833
57	61	8	15.999	8	15.999	1.865227
57	62	8	15.999	8	15.999	0.639370
57	63	8	15.999	8	15.999	0.735912
57	64	8	15.999	8	15.999	0.143788
57	65	8	15.999	8	15.999	2.245383
57	66	8	15.999	8	15.999	3.360669
57	67	8	15.999	8	15.999	3.796664
57	68	8	15.999	8	15.999	1.390936
57	69	8	15.999	8	15.999	3.207638
57	70	8	15.999	8	15.999	3.305356
57	71	8	15.999	8	15.999	5.375527
57	72	8	15.999	8	15.999	2.975556
57	73	8	15.999	8	15.999	2.761666
57	74	8	15.999	8	15.999	0.653923
57	75	8	15.999	8	15.999	-0.236791
57	76	8	15.999	8	15.999	4.806564
57	77	8	15.999	8	15.999	4.894083
57	78	8	15.999	8	15.999	5.601072
57	79	8	15.999	8	15.999	0.251223
57	84	8	15.999	26	55.845	0.248266
57	85	8	15.999	26	55.845	0.145341
57	86	8	15.999	26	55.845	0.094430
57	87	8	15.999	26	55.845	-0.034054
57	88	8	15.999	26	55.845	0.052302
57	89	8	15.999	26	55.845	-0.137546
57	90	8	15.999	26	55.845	-0.044929
57	91	8	15.999	26	55.845	0.121886
57	92	8	15.999	26	55.845	0.004150
57	93	8	15.999	26	55.845	0.044722
57	94	8	15.999	26	55.845	0.082629
57	95	8	15.999	26	55.845	0.161574
57	97	8	15.999	26	55.845	0.004225
57	101	8	15.999	26	55.845	-0.060376
58	58	8	15.999	8	15.999	20.295460
58	59	8	15.999	8	15.999	6.751800
58	60	8	15.999	8	15.999	8.876380
58	61	8	15.999	8	15.999	3.551482
58	62	8	15.999	8	15.999	3.030488
58	63	8	15.999	8	15.999	-0.702777
58	64	8	15.999	8	15.999	1.365694
58	65	8	15.999	8	15.999	-4.572851
58	66	8	15.999	8	15.999	1.464613
58	67	8	15.999	8	15.999	-12.857745
58	68	8	15.999	8	15.999	-0.458592
58	69	8	15.999	8	15.999	-6.779646
58	70	8	15.999	8	15.999	-0.764565
58	71	8	15.999	8	15.999	-9.582636
58	72	8	15.999	8	15.999	-2.089892
58	73	8	15.999	8	15.999	-6.362416
58	74	8	15.999	8	15.999	-1.696923
58	75	8	15.999	8	15.999	0.723468
58	76	8	15.999	8	15.999	-2.353543
58	77	8	15.999	8	15.999	-3.691759
58	78	8	15.999	8	15.999	-6.080790
58	79	8	15.999	8	15.999	-1.046451
58	84	8	15.999	26	55.845	0.823297
58	85	8	15.999	26	55.845	0.480718
58	86	8	15.999	26	55.845	0.307288
58	87	8	15.999	26	55.845	-0.131846
58	88	8	15.999	26	55.845	0.150253
58	89	8	15.999	26	55.845	-0.410781
58	90	8	15.999	26	55.845	-0.123057
58	91	8	15.999	26	55.845	-0.554985
58	92	8	15.999	26	55.845	-0.146541
58	93	8	15.999	26	55.845	-0.492180
58	94	8	15.999	26	55.845	-0.204954
58	95	8	15.999	26	55.845	-0.632335
58	97	8	15.999	26	55.845	-0.013954
58	101	8	15.999	26	55.845	-0.467939
59	59	8	15.999	8	15.999	19.662956
59	60	8	15.999	8	15.999	8.735968
59	61	8	15.999	8	15.999	12.546073
59	62	8	15.999	8	15.999	7.142360
59	63	8	15.999	8	15.999	12.691782
59	64	8	15.999	8	15.999	18.613413
59	65	8	15.999	8	15.999	55.739358
59	66	8	15.999	8	15.999	171.060259
59	67	8	15.999	8	15.999	139.143054
59	68	8	15.999	8	15.999	76.912721
59	69	8	15.999	8	15.999	116.122220
59	70	8	15.999	8	15.999	94.733114
59	71	8	15.999	8	15.999	197.439297
59	72	8	15.999	8	15.999	91.875528
59	73	8	15.999	8	15.999	109.624177
59	74	8	15.999	8	15.999	29.318670
59	75	8	15.999	8	15.999	-11.355770
59	76	8	15.999	8	15.999	142.504280
59	77	8	15.999	8	15.999	152.249820
59	78	8	15.999	8	15.999	186.285893
59	79	8	15.999	8	15.999	13.010988
59	84	8	15.999	26	55.845	1.009575
59	85	8	15.999	26	55.845	0.597078
59	86	8	15.999	26	55.845	0.423747
59	87	8	15.999	26	55.845	-0.031061
59	88	8	15.999	26	55.845	0.430234
59	89	8	15.999	26	55.845	-0.676585
59	90	8	15.999	26	55.845	-2.165402
59	91	8	15.999	26	55.845	8.262471
59	92	8	15.999	26	55.845	-0.084381
59	93	8	15.999	26	55.845	5.334962
59	94	8	15.999	26	55.845	2.572486
59	95	8	15.999	26	55.845	8.607670
59	97	8	15.999	26	55.845	0.185877
59	101	8	15.999	26	55.845	1.256546
60	60	8	15.999	8	15.999	12.926492
60	61	8	15.999	8	15.999	4.551518
60	62	8	15.999	8	15.999	10.570068
60	63	8	15.999	8	15.999	5.869757
60	64	8	15.999	8	15.999	27.077451
60	65	8	15.999	8	15.999	33.388531
60	66	8	15.999	8	15.999	190.488372
60	67	8	15.999	8	15.999	99.765922
60	68	8	15.999	8	15.999	79.561639
60	69	8	15.999	8	15.999	97.452798
60	70	8	15.999	8	15.999	83.554066
60	71	8	15.999	8	15.999	170.321540
60	72	8	15.999	8	15.999	80.087320
60	73	8	15.999	8	15.999	93.922590
60	74	8	15.999	8	15.999	25.894616
60	75	8	15.999	8	15.999	-10.056229
60	76	8	15.999	8	15.999	125.629829
60	77	8	15.999	8	15.999	133.018784
60	78	8	15.999	8	15.999	162.622717
60	79	8	15.999	8	15.999	11.527970
60	84	8	15.999	26	55.845	0.723345
60	85	8	15.999	26	55.845	0.425180
60	86	8	15.999	26	55.845	0.303130
60	87	8	15.999	26	55.845	-0.045969
60	88	8	15.999	26	55.845	0.372300
60	89	8	15.999	26	55.845	-0.258626
60	90	8	15.999	26	55.845	-3.046936
60	91	8	15.999	26	55.845	8.367792
60	92	8	15.999	26	55.845	-1.047018
60	93	8	15.999	26	55.845	5.065390
60	94	8	15.999	26	55.845	1.384380
60	95	8	15.999	26	55.845	7.458611
60	97	8	15.999	26	55.845	0.153788
60	101	8	15.999	26	55.845	0.815111
61	61	8	15.999	8	15.999	17.039687
61	62	8	15.999	8	15.999	3.731557
61	63	8	15.999	8	15.999	23.772881
61	64	8	15.999	8	15.999	18.131169
61	65	8	15.999	8	15.999	100.714503
61	66	8	15.999	8	15.999	218.745146
61	67	8	15.999	8	15.999	234.220327
61	68	8	15.999	8	15.999	84.714618
61	69	8	15.999	8	15.999	193.776377
61	70	8	15.999	8	15.999	141.355264
61	71	8	15.999	8	15.999	313.834597
61	72	8	15.999	8	15.999	140.579065
61	73	8	15.999	8	15.999	174.749313
61	74	8	15.999	8	15.999	44.868195
61	75	8	15.999	8	15.999	-17.538519
61	76	8	15.999	8	15.999	221.119483
61	77	8	15.999	8	15.999	235.565474
61	78	8	15.999	8	15.999	289.189662
61	79	8	15.999	8	15.999	22.243953
61	84	8	15.999	26	55.845	0.482160
61	85	8	15.999	26	55.845	0.283385
61	86	8	15.999	26	55.845	0.220312
61	87	8	15.999	26	55.845	-0.008634
61	88	8	15.999	26	55.845	0.433610
61	89	8	15.999	26	55.845	0.086180
61	90	8	15.999	26	55.845	-3.761111
61	91	8	15.999	26	55.845	14.413961
61	92	8	15.999	26	55.845	-1.279492
61	93	8	15.999	26	55.845	8.088610
61	94	8	15.999	26	55.845	2.776429
61	95	8	15.999	26	55.845	12.927287
61	97	8	15.999	26	55.845	0.296736
61	101	8	15.999	26	55.845	1.698964
62	62	8	15.999	8	15.999	27.784830
62	63	8	15.999	8	15.999	3.169351
62	64	8	15.999	8	15.999	86.114259
62	65	8	15.999	8	15.999	49.486197
62	66	8	15.999	8	15.999	545.667460
62	67	8	15.999	8	15.999	202.126043
62	68	8	15.999	8	15.999	214.112763
62	69	8	15.999	8	15.999	232.112001
62	70	8	15.999	8	15.999	201.419621
62	71	8	15.999	8	15.999	412.383756
62	72	8	15.999	8	15.999	192.791082
62	73	8	15.999	8	15.999	226.884620
62	74	8	15.999	8	15.999	64.133372
62	75	8	15.999	8	15.999	-25.079598
62	76	8	15.999	8	15.999	305.081553
62	77	8	15.999	8	15.999	321.074132
62	78	8	15.999	8	15.999	394.114824
62	79	8	15.999	8	15.999	29.380890
62	84	8	15.999	26	55.845	0.218200
62	85	8	15.999	26	55.845	0.123247
62	86	8	15.999	26	55.845	0.130647
62	87	8	15.999	26	55.845	-0.005684
62	88	8	15.999	26	55.845	0.618937
62	89	8	15.999	26	55.845	0.823277
62	90	8	15.999	26	55.845	-10.356401
62	91	8	15.999	26	55.845	23.679103
62	92	8	15.999	26	55.845	-5.059134
62	93	8	15.999	26	55.845	13.483398
62	94	8	15.999	26	55.845	1.062532
62	95	8	15.999	26	55.845	18.066987
62	97	8	15.999	26	55.845	0.360684
62	101	8	15.999	26	55.845	1.639728
63	63	8	15.999	8	15.999	86.550840
63	64	8	15.999	8	15.999	-39.383727
63	65	8	15.999	8	15.999	397.951073
63	66	8	15.999	8	15.999	238.277382
63	67	8	15.999	8	15.999	802.252468
63	68	8	15.999	8	15.999	56.852728
63	69	8	15.999	8	15.999	589.042888
63	70	8	15.999	8	15.999	362.727098
63	71	8	15.999	8	15.999	884.354262
63	72	8	15.999	8	15.999	376.676803
63	73	8	15.999	8	15.999	493.818078
63	74	8	15.999	8	15.999	117.932161
63	75	8	15.999	8	15.999	-46.157074
63	76	8	15.999	8	15.999	599.073280
63	77	8	15.999	8	15.999	641.478472
63	78	8	15.999	8	15.999	788.369972
63	79	8	15.999	8	15.999	63.982854
63	84	8	15.999	26	55.845	0.070291
63	85	8	15.999	26	55.845	0.035946
63	86	8	15.999	26	55.845	0.115811
63	87	8	15.999	26	55.845	0.059029
63	88	8	15.999	26	55.845	1.019352
63	89	8	15.999	26	55.845	1.420312
63	90	8	15.999	26	55.845	-4.136034
63	91	8	15.999	26	55.845	37.730047
63	92	8	15.999	26	55.845	-1.416881
63	93	8	15.999	26	55.845	19.320484
63	94	8	15.999	26	55.845	8.842739
63	95	8	15.999	26	55.845	34.082903
63	97	8	15.999	26	55.845	0.861635
63	101	8	15.999	26	55.845	4.893491
64	64	8	15.999	8	15.999	662.088269
64	65	8	15.999	8	15.999	-607.429139
64	66	8	15.999	8	15.999	3610.242745
64	67	8	15.999	8	15.999	-497.914282
64	68	8	15.999	8	15.999	1474.280861
64	69	8	15.999	8	15.999	281.206413
64	70	8	15.999	8	15.999	602.043773
64	71	8	15.999	8	15.999	896.300671
64	72	8	15.999	8	15.999	506.228603
64	73	8	15.999	8	15.999	464.919838
64	74	8	15.999	8	15.999	190.247948
64	75	8	15.999	8	15.999	-73.931229
64	76	8	15.999	8	15.999	808.252905
64	77	8	15.999	8	15.999	818.959402
64	78	8	15.999	8	15.999	1001.759698
64	79	8	15.999	8	15.999	59.591992
64	84	8	15.999	26	55.845	-0.008865
64	85	8	15.999	26	55.845	-0.036620
64	86	8	15.999	26	55.845	0.155421
64	87	8	15.999	26	55.845	-0.051288
64	88	8	15.999	26	55.845	2.328993
64	89	8	15.999	26	55.845	4.249006
64	90	8	15.999	26	55.845	-70.495549
64	91	8	15.999	26	55.845	89.556724
64	92	8	15.999	26	55.845	-37.263449
64	93	8	15.999	26	55.845	55.470029
64	94	8	15.999	26	55.845	-16.620405
64	95	8	15.999	26	55.845	50.347025
64	97	8	15.999	26	55.845	0.510721
64	101	8	15.999	26	55.845	-1.009313
65	65	8	15.999	8	15.999	6148.310327
65	66	8	15.999	8	15.999	-4520.754468
65	67	8	15.999	8	15.999	11822.604459
65	68	8	15.999	8	15.999	-1945.521101
65	69	8	15.999	8	15.999	7331.417945
65	70	8	15.999	8	15.999	3831.083621
65	71	8	15.999	8	15.999	10252.709258
65	72	8	15.999	8	15.999	4146.158987
65	73	8	15.999	8	15.999	5995.603478
65	74	8	15.999	8	15.999	1213.339623
65	75	8	15.999	8	15.999	-486.467977
65	76	8	15.999	8	15.999	6371.352885
65	77	8	15.999	8	15.999	6979.030126
65	78	8	15.999	8	15.999	8644.309579
65	79	8	15.999	8	15.999	814.589603
65	84	8	15.999	26	55.845	-0.097081
65	85	8	15.999	26	55.845	0.038405
65	86	8	15.999	26	55.845	0.028141
65	87	8	15.999	26	55.845	0.566945
65	88	8	15.999	26	55.845	-0.374293
65	89	8	15.999	26	55.845	5.769372
65	90	8	15.999	26	55.845	95.032500
65	91	8	15.999	26	55.845	286.380887
65	92	8	15.999	26	55.845	72.589226
65	93	8	15.999	26	55.845	133.995552
65	94	8	15.999	26	55.845	169.745981
65	95	8	15.999	26	55.845	381.523923
65	97	8	15.999	26	55.845	11.625634
65	101	8	15.999	26	55.845	90.202325
66	66	8	15.999	8	15.999	110764.196682
66	67	8	15.999	8	15.999	-63166.519611
66	68	8	15.999	8	15.999	72009.289209
66	69	8	15.999	8	15.999	-22649.685869
66	70	8	15.999	8	15.999	11268.949500
66	71	8	15.999	8	15.999	-5907.536795
66	72	8	15.999	8	15.999	3930.767914
66	73	8	15.999	8	15.999	2185.869196
66	74	8	15.999	8	15.999	2168.765222
66	75	8	15.999	8	15.999	-1182.538017
66	76	8	15.999	8	15.999	-437.643344
66	77	8	15.999	8	15.999	-417.122825
66	78	8	15.999	8	15.999	706.778854
66	79	8	15.999	8	15.999	1358.281293
66	84	8	15.999	26	55.845	-0.547176
66	85	8	15.999	26	55.845	-1.308280
66	86	8	15.999	26	55.845	-2.254143
66	87	8	15.999	26	55.845	-9.262471
66	88	8	15.999	26	55.845	5.388018
66	89	8	15.999	26	55.845	-95.910599
66	90	8	15.999	26	55.845	-1516.082278
66	91	8	15.999	26	55.845	279.176533
66	92	8	15.999	26	55.845	-505.746362
66	93	8	15.999	26	55.845	1118.567020
66	94	8	15.999	26	55.845	-195.960849
66	95	8	15.999	26	55.845	1626.919332
66	97	8	15.999	26	55.845	13.918559
66	101	8	15.999	26	55.845	626.373707
67	67	8	15.999	8	15.999	866718.642891
67	68	8	15.999	8	15.999	-981546.522356
67	69	8	15.999	8	15.999	719849.240098
67	70	8	15.999	8	15.999	-13922.670480
67	71	8	15.999	8	15.999	622551.009147
67	72	8	15.999	8	15.999	141386.291416
67	73	8	15.999	8	15.999	196337.579417
67	74	8	15.999	8	15.999	52587.684270
67	75	8	15.999	8	15.999	-13157.366882
67	76	8	15.999	8	15.999	385572.833931
67	77	8	15.999	8	15.999	392561.797420
67	78	8	15.999	8	15.999	459306.919679
67	79	8	15.999	8	15.999	10415.428429
67	84	8	15.999	26	55.845	-13.790743
67	85	8	15.999	26	55.845	5.572798
67	86	8	15.999	26	55.845	-35.811717
67	87	8	15.999	26	55.845	22.556744
67	88	8	15.999	26	55.845	-447.347544
67	89	8	15.999	26	55.845	1635.222036
67	90	8	15.999	26	55.845	-23021.108518
67	91	8	15.999	26	55.845	77119.784378
67	92	8	15.999	26	55.845	-29386.667004
67	93	8	15.999	26	55.845	18017.826976
67	94	8	15.999	26	55.845	-14120.001945
67	95	8	15.999	26	55.845	424.600213
67	97	8	15.999	26	55.845	23.414351
67	101	8	15.999	26	55.845	-10636.441528
68	68	8	15.999	8	15.999	10657093.166689
68	69	8	15.999	8	15.999	-4030006.817294
68	70	8	15.999	8	15.999	3061374.251120
68	71	8	15.999	8	15.999	-1095111.594166
68	72	8	15.999	8	15.999	1349946.864008
68	73	8	15.999	8	15.999	486836.637694
68	74	8	15.999	8	15.999	177852.427357
68	75	8	15.999	8	15.999	-128627.324295
68	76	8	15.999	8	15.999	590462.612982
68	77	8	15.999	8	15.999	552732.353534
68	78	8	15.999	8	15.999	775648.001453
68	79	8	15.999	8	15.999	86114.891345
68	84	8	15.999	26	55.845	41.586834
68	85	8	15.999	26	55.845	-25.048302
68	86	8	15.999	26	55.845	98.689492
68	87	8	15.999	26	55.845	-131.900555
68	88	8	15.999	26	55.845	1462.515657
68	89	8	15.999	26	55.845	-6082.053266
68	90	8	15.999	26	55.845	99943.273616
68	91	8	15.999	26	55.845	-723254.174354
68	92	8	15.999	26	55.845	330022.280966
68	93	8	15.999	26	55.845	-196424.713526
68	94	8	15.999	26	55.845	163886.231647
68	95	8	15.999	26	55.845	-24080.654479
68	97	8	15.999	26	55.845	1856.041220
68	101	8	15.999	26	55.845	20125.145232
69	69	8	15.999	8	15.999	5619393.764767
69	70	8	15.999	8	15.999	-3703111.111508
69	71	8	15.999	8	15.999	3320118.036274
69	72	8	15.999	8	15.999	-1366332.036006
69	73	8	15.999	8	15.999	578477.302350
69	74	8	15.999	8	15.999	-65460.695704
69	75	8	15.999	8	15.999	86664.193686
69	76	8	15.999	8	15.999	-964.264262
69	77	8	15.999	8	15.999	202775.246880
69	78	8	15.999	8	15.999	196232.290713
69	79	8	15.999	8	15.999	87584.489723
69	84	8	15.999	26	55.845	-10.306097
69	85	8	15.999	26	55.845	12.347916
69	86	8	15.999	26	55.845	-14.510208
69	87	8	15.999	26	55.845	91.380818
69	88	8	15.999	26	55.845	-485.253960
69	89	8	15.999	26	55.845	2608.916059
69	90	8	15.999	26	55.845	-34414.425661
69	91	8	15.999	26	55.845	313410.209910
69	92	8	15.999	26	55.845	-364537.586298
69	93	8	15.999	26	55.845	289400.336790
69	94	8	15.999	26	55.845	-189665.027803
69	95	8	15.999	26	55.845	161652.567987
69	97	8	15.999	26	55.845	555.068385
69	101	8	15.999	26	55.845	23341.137518
70	70	8	15.999	8	15.999	6976553.736220
70	71	8	15.999	8	15.999	-3499118.101281
70	72	8	15.999	8	15.999	4103281.561166
70	73	8	15.999	8	15.999	75870.782341
70	74	8	15.999	8	15.999	259388.475119
70	75	8	15.999	8	15.999	-242442.063015
70	76	8	15.999	8	15.999	587791.676935
70	77	8	15.999	8	15.999	341179.895655
70	78	8	15.999	8	15.999	590888.657638
70	79	8	15.999	8	15.999	22012.306986
70	84	8	15.999	26	55.845	6.841631
70	85	8	15.999	26	55.845	-6.612776
70	86	8	15.999	26	55.845	13.525725
70	87	8	15.999	26	55.845	-41.658569
70	88	8	15.999	26	55.845	278.086949
70	89	8	15.999	26	55.845	-1286.121154
70	90	8	15.999	26	55.845	20662.696193
70	91	8	15.999	26	55.845	-214149.358256
70	92	8	15.999	26	55.845	294837.214186
70	93	8	15.999	26	55.845	-446489.708651
70	94	8	15.999	26	55.845	263084.743777
70	95	8	15.999	26	55.845	-271390.781618
70	97	8	15.999	26	55.845	1892.001132
70	101	8	15.999	26	55.845	9346.629417
71	71	8	15.999	8	15.999	9906156.652212
71	72	8	15.999	8	15.999	-4721966.077236
71	73	8	15.999	8	15.999	2057659.772113
71	74	8	15.999	8	15.999	-434381.268944
71	75	8	15.999	8	15.999	388878.421636
71	76	8	15.999	8	15.999	-68625.761101
71	77	8	15.999	8	15.999	656436.207972
71	78	8	15.999	8	15.999	574052.398881
71	79	8	15.999	8	15.999	239468.066536
71	84	8	15.999	26	55.845	1.045873
71	85	8	15.999	26	55.845	6.816809
71	86	8	15.999	26	55.845	15.007346
71	87	8	15.999	26	55.845	69.335221
71	88	8	15.999	26	55.845	-118.295026
71	89	8	15.999	26	55.845	1254.641664
71	90	8	15.999	26	55.845	-9542.750989
71	91	8	15.999	26	55.845	131759.206090
71	92	8	15.999	26	55.845	-190176.942289
71	93	8	15.999	26	55.845	300909.633165
71	94	8	15.999	26	55.845	-530869.905958
71	95	8	15.999	26	55.845	447822.879215
71	97	8	15.999	26	55.845	1631.459856
71	101	8	15.999	26	55.845	52520.101747
72	72	8	15.999	8	15.999	17365258.476708
72	73	8	15.999	8	15.999	-2036767.781778
72	74	8	15.999	8	15.999	1947014.323496
72	75	8	15.999	8	15.999	-1593184.081973
72	76	8	15.999	8	15.999	2056211.796174
72	77	8	15.999	8	15.999	341536.866660
72	78	8	15.999	8	15.999	1502906.834487
72	79	8	15.999	8	15.999	36810.424376
72	84	8	15.999	26	55.845	0.225282
72	85	8	15.999	26	55.845	-1.715581
72	86	8	15.999	26	55.845	-0.942633
72	87	8	15.999	26	55.845	-12.332029
72	88	8	15.999	26	55.845	25.022702
72	89	8	15.999	26	55.845	-147.169524
72	90	8	15.999	26	55.845	4272.318568
72	91	8	15.999	26	55.845	-91961.475772
72	92	8	15.999	26	55.845	124219.074838
72	93	8	15.999	26	55.845	-277056.187796
72	94	8	15.999	26	55.845	327348.365560
72	95	8	15.999	26	55.845	-1059662.786357
72	97	8	15.999	26	55.845	6023.440627
72	101	8	15.999	26	55.845	72291.317656
73	73	8	15.999	8	15.999	7927454.691727
73	74	8	15.999	8	15.999	-4139570.644572
73	75	8	15.999	8	15.999	2472395.449600
73	76	8	15.999	8	15.999	-2304287.664563
73	77	8	15.999	8	15.999	855996.609421
73	78	8	15.999	8	15.999	-129591.838791
73	79	8	15.999	8	15.999	345584.013617
73	84	8	15.999	26	55.845	11.190254
73	85	8	15.999	26	55.845	-0.197638
73	86	8	15.999	26	55.845	37.296946
73	87	8	15.999	26	55.845	26.703457
73	88	8	15.999	26	55.845	268.116567
73	89	8	15.999	26	55.845	-473.121648
73	90	8	15.999	26	55.845	12921.666581
73	91	8	15.999	26	55.845	-7161.236696
73	92	8	15.999	26	55.845	32416.651949
73	93	8	15.999	26	55.845	-11771.772260
73	94	8	15.999	26	55.845	102546.166872
73	95	8	15.999	26	55.845	108340.656372
73	97	8	15.999	26	55.845	15588.003641
73	101	8	15.999	26	55.845	49070.683452
74	74	8	15.999	8	15.999	10886602.633493
74	75	8	15.999	8	15.999	-4895134.996217
74	76	8	15.999	8	15.999	5069255.177409
74	77	8	15.999	8	15.999	-708913.788454
74	78	8	15.999	8	15.999	1409868.303454
74	79	8	15.999	8	15.999	114852.447967
74	84	8	15.999	26	55.845	0.848834
74	85	8	15.999	26	55.845	0.824230
74	86	8	15.999	26	55.845	4.067730
74	87	8	15.999	26	55.845	10.109499
74	88	8	15.999	26	55.845	0.299538
74	89	8	15.999	26	55.845	125.196567
74	90	8	15.999	26	55.845	541.334156
74	91	8	15.999	26	55.845	4624.349425
74	92	8	15.999	26	55.845	-2465.032999
74	93	8	15.999	26	55.845	16910.103416
74	94	8	15.999	26	55.845	-15526.445912
74	95	8	15.999	26	55.845	53609.854963
74	97	8	15.999	26	55.845	-114552.044057
74	101	8	15.999	26	55.845	18347.262309
75	75	8	15.999	8	15.999	13893960.863822
75	76	8	15.999	8	15.999	-13543994.034584
75	77	8	15.999	8	15.999	2663408.870017
75	78	8	15.999	8	15.999	-2875968.345634
75	79	8	15.999	8	15.999	-209097.660980
75	84	8	15.999	26	55.845	-0.766763
75	85	8	15.999	26	55.845	-0.102787
75	86	8	15.999	26	55.845	-2.742107
75	87	8	15.999	26	55.845	-3.034302
75	88	8	15.999	26	55.845	-15.125067
75	89	8	15.999	26	55.845	7.432290
75	90	8	15.999	26	55.845	-997.485992
75	91	8	15.999	26	55.845	2612.032798
75	92	8	15.999	26	55.845	-6224.054136
75	93	8	15.999	26	55.845	6126.940825
75	94	8	15.999	26	55.845	-17046.135702
75	95	8	15.999	26	55.845	34536.314418
75	97	8	15.999	26	55.845	-85446.266828
75	101	8	15.999	26	55.845	55533.240188
76	76	8	15.999	8	15.999	45723724.504650
76	77	8	15.999	8	15.999	-10037356.459908
76	78	8	15.999	8	15.999	4457265.889202
76	79	8	15.999	8	15.999	-880120.871755
76	84	8	15.999	26	55.845	-1.535946
76	85	8	15.999	26	55.845	0.646931
76	86	8	15.999	26	55.845	-2.684525
76	87	8	15.999	26	55.845	5.969070
76	88	8	15.999	26	55.845	-54.009585
76	89	8	15.999	26	55.845	261.823768
76	90	8	15.999	26	55.845	-1367.998256
76	91	8	15.999	26	55.845	-20305.935411
76	92	8	15.999	26	55.845	19158.478550
76	93	8	15.999	26	55.845	-10110.124204
76	94	8	15.999	26	55.845	25385.617537
76	95	8	15.999	26	55.845	-8487.332403
76	97	8	15.999	26	55.845	54651.168423
76	101	8	15.999	26	55.845	-194371.819951
77	77	8	15.999	8	15.999	45232164.644240
77	78	8	15.999	8	15.999	18320182.312734
77	79	8	15.999	8	15.999	6941930.118446
77	84	8	15.999	26	55.845	0.960020
77	85	8	15.999	26	55.845	1.511913
77	86	8	15.999	26	55.845	6.245540
77	87	8	15.999	26	55.845	18.883045
77	88	8	15.999	26	55.845	-16.523092
77	89	8	15.999	26	55.845	326.357394
77	90	8	15.999	26	55.845	635.569197
77	91	8	15.999	26	55.845	-13466.350413
77	92	8	15.999	26	55.845	14908.525091
77	93	8	15.999	26	55.845	5759.122351
77	94	8	15.999	26	55.845	18092.826724
77	95	8	15.999	26	55.845	78069.395853
77	97	8	15.999	26	55.845	-9632.088966
77	101	8	15.999	26	55.845	217515.138346
78	78	8	15.999	8	15.999	32971232.568646
78	79	8	15.999	8	15.999	8218417.016570
78	84	8	15.999	26	55.845	2.426906
78	85	8	15.999	26	55.845	1.468208
78	86	8	15.999	26	55.845	11.468828
78	87	8	15.999	26	55.845	23.374064
78	88	8	15.999	26	55.845	17.130350
78	89	8	15.999	26	55.845	269.397818
78	90	8	15.999	26	55.845	2761.309315
78	91	8	15.999	26	55.845	-17466.315826
78	92	8	15.999	26	55.845	23446.610556
78	93	8	15.999	26	55.845	3299.395288
78	94	8	15.999	26	55.845	36708.770451
78	95	8	15.999	26	55.845	85662.844700
78	97	8	15.999	26	55.845	14274.810087
78	101	8	15.999	26	55.845	-1434093.385927
79	79	8	15.999	8	15.999	10569801.067706
79	84	8	15.999	26	55.845	2.291772
79	85	8	15.999	26	55.845	-0.456463
79	86	8	15.999	26	55.845	7.314327
79	87	8	15.999	26	55.845	2.063985
79	88	8	15.999	26	55.845	67.183786
79	89	8	15.999	26	55.845	-197.502957
79	90	8	15.999	26	55.845	2782.104275
79	91	8	15.999	26	55.845	3226.289630
79	92	8	15.999	26	55.845	1879.058481
79	93	8	15.999	26	55.845	7643.962074
79	94	8	15.999	26	55.845	7302.640903
79	95	8	15.999	26	55.845	46437.199060
79	97	8	15.999	26	55.845	1374.823513
79	101	8	15.999	26	55.845	-1484131.265844
84	84	26	55.845	26	55.845	0.525273
84	85	26	55.845	26	55.845	-0.275327
84	86	26	55.845	26	55.845	0.426128
84	87	26	55.845	26	55.845	-0.119998
84	88	26	55.845	26	55.845	0.990922
84	89	26	55.845	26	55.845	-0.786729
84	90	26	55.845	26	55.845	5.088474
84	91	26	55.845	26	55.845	-3.125394
84	92	26	55.845	26	55.845	3.115139
84	93	26	55.845	26	55.845	0.132946
84	94	26	55.845	26	55.845	2.342339
84	95	26	55.845	26	55.845	2.684535
84	97	26	55.845	26	55.845	0.048355
84	101	26	55.845	26	55.845	1.320786
85	85	26	55.845	26	55.845	0.422710
85	86	26	55.845	26	55.845	-0.165674
85	87	26	55.845	26	55.845	0.680358
85	88	26	55.845	26	55.845	-0.665914
85	89	26	55.845	26	55.845	1.825673
85	90	26	55.845	26	55.845	-1.240794
85	91	26	55.845	26	55.845	3.409412
85	92	26	55.845	26	55.845	-1.452987
85	93	26	55.845	26	55.845	1.559921
85	94	26	55.845	26	55.845	-0.306626
85	95	26	55.845	26	55.845	1.021873
85	97	26	55.845	26	55.845	-0.000705
85	101	26	55.845	26	55.845	0.280465
86	86	26	55.845	26	55.845	0.972832
86	87	26	55.845	26	55.845	0.500477
86	88	26	55.845	26	55.845	2.259485
86	89	26	55.845	26	55.845	0.066910
86	90	26	55.845	26	55.845	14.393032
86	91	26	55.845	26	55.845	-5.119724
86	92	26	55.845	26	55.845	7.767803
86	93	26	55.845	26	55.845	2.508018
86	94	26	55.845	26	55.845	6.769611
86	95	26	55.845	26	55.845	9.890794
86	97	26	55.845	26	55.845	0.155962
86	101	26	55.845	26	55.845	4.530486
87	87	26	55.845	26	55.845	4.686946
87	88	26	55.845	26	55.845	-3.527409
87	89	26	55.845	26	55.845	14.628576
87	90	26	55.845	26	55.845	-0.593901
87	91	26	55.845	26	55.845	24.022293
87	92	26	55.845	26	55.845	-6.724583
87	93	26	55.845	26	55.845	13.917817
87	94	26	55.845	26	55.845	1.466485
87	95	26	55.845	26	55.845	14.205657
87	97	26	55.845	26	55.845	0.099048
87	101	26	55.845	26	55.845	5.160320
88	88	26	55.845	26	55.845	28.832010
88	89	26	55.845	26	55.845	-49.541881
88	90	26	55.845	26	55.845	145.963820
88	91	26	55.845	26	55.845	-138.500504
88	92	26	55.845	26	55.845	101.761679
88	93	26	55.845	26	55.845	-26.158627
88	94	26	55.845	26	55.845	60.897866
88	95	26	55.845	26	55.845	46.740216
88	97	26	55.845	26	55.845	1.182646
88	101	26	55.845	26	55.845	25.245712
89	89	26	55.845	26	55.845	275.842062
89	90	26	55.845	26	55.845	-446.672138
89	91	26	55.845	26	55.845	697.068839
89	92	26	55.845	26	55.845	-381.603729
89	93	26	55.845	26	55.845	252.371947
89	94	26	55.845	26	55.845	-140.545153
89	95	26	55.845	26	55.845	49.969731
89	97	26	55.845	26	55.845	-2.105487
89	101	26	55.845	26	55.845	-3.870998
90	90	26	55.845	26	55.845	7042.260647
90	91	26	55.845	26	55.845	-9055.805375
90	92	26	55.845	26	55.845	6148.754456
90	93	26	55.845	26	55.845	-2168.672094
90	94	26	55.845	26	55.845	3331.329436
90	95	26	55.845	26	55.845	1394.108592
90	97	26	55.845	26	55.845	51.931811
90	101	26	55.845	26	55.845	1159.694664
91	91	26	55.845	26	55.845	78958.114641
91	92	26	55.845	26	55.845	-37326.358795
91	93	26	55.845	26	55.845	30652.994452
91	94	26	55.845	26	55.845	-18058.507218
91	95	26	55.845	26	55.845	15693.574250
91	97	26	55.845	26	55.845	-62.411348
91	101	26	55.845	26	55.845	1790.996047
92	92	26	55.845	26	55.845	48433.143134
92	93	26	55.845	26	55.845	-38162.061505
92	94	26	55.845	26	55.845	29973.516135
92	95	26	55.845	26	55.845	-16095.636715
92	97	26	55.845	26	55.845	177.809576
92	101	26	55.845	26	55.845	541.230619
93	93	26	55.845	26	55.845	60718.731863
93	94	26	55.845	26	55.845	-40494.845944
93	95	26	55.845	26	55.845	44669.900781
93	97	26	55.845	26	55.845	-176.361906
93	101	26	55.845	26	55.845	2803.309753
94	94	26	55.845	26	55.845	89885.783191
94	95	26	55.845	26	55.845	-49391.191223
94	97	26	55.845	26	55.845	593.943633
94	101	26	55.845	26	55.845	2898.043627
95	95	26	55.845	26	55.845	180772.561494
95	97	26	55.845	26	55.845	-471.428705
95	101	26	55.845	26	55.845	16232.761978
97	97	26	55.845	26	55.845	4118.837317
97	101	26	55.845	26	55.845	-151.427510
101	101	26	55.845	26	55.845	417474.179681
